命例,出处,章节,组别,季节,日主,疑似写了用神,疑似写了强弱,谈及寒暖,定位片段,人工确认_用神,人工确认_采纳方法,备注
戊戌 甲子 己巳 戊辰,子平真诠评注,论十干合而不合,调优组,冬,己,是,,," 月令偏财生官,劫财重重,喜得甲己相合,官星之情,专向日主,制住比劫,使不能争财,所谓用官制劫护财也。见论星辰节。 ",,,附有现代林注：标注只采徐注，林注观点不得作为答案
戊寅 己未 甲寅 乙亥,子平真诠评注,论十干合而不合,调优组,夏,甲,是,,," 甲用己财;甲己相合,己土之财,专向日主也。见星辰节。 合去合来,各家所说不同。《三命通会》云:闲神者,年月时之干也",,,
己酉 丙子 戊辰 癸亥,子平真诠评注,论十干合而不合,调优组,冬,戊,是,,是," 丙火调候为用,无如戊癸相合,日主之情,向财不向印,癸水虽不能越戊克丙,而日主向用之情不专矣。 **原文** 用神",,,
丁卯 癸丑 丙申 戊子,子平真诠评注,论用神,调优组,冬,丙,是,,," 丑中癸水官星透出,子申会局助之,水旺火弱,用劫帮身为用神。此为蔡孑民先生命造。 ",,,
戊戌 己未 丙子 庚寅,子平真诠评注,论用神,调优组,夏,丙,是,是,," 丙火生于六月,余焰犹存,时逢寅木,子水官星生印,日元弱而不弱。月令己土伤官透出,八字四重土,泄气太重,用财泄伤为用,",,,
癸酉 丁巳 壬午 丙午,子平真诠评注,论用神变化,调优组,夏,壬,是,是,," 此淞沪护军使何丰从造也。月令才煞,日元弱极,妙在巳酉一合,财化为印,癸克去丁,使丁不合于壬,亦不伤印,所谓用劫护印也",,,
庚寅 戊子 甲寅 丙寅,子平真诠评注,论用神配气候得失,调优组,冬,甲,是,,是,",财官皆闲神,无所用之,其时上丙火清纯,以泄身调候为用,所谓用之冬木,尤为秀气。此前清某尚书之造也。然不仅冬木为然,冬土",,,与任铁樵重复：调优时不得使用
甲申 丙子 庚辰 甲申,子平真诠评注,论用神配气候得失,调优组,冬,庚,是,是,是,",木火无根,虽小富而不贵,且不能用财官,身旺以伤官泄秀为用,特丙火调候,为配合所不可缺,否则,清寒之造也。更有调候虽得其",,,
庚辰 壬午 甲辰 丁卯,子平真诠评注,论用神配气候得失,调优组,夏,甲,是,,是,",夏木丁火吐秀,日辰时卯,身不为弱,然喜壬水润泽,更得庚金生印,两辰泄火之燥,生金蓄水,配置中和,为清某观察造也。然甲寅",,,与任铁樵重复：调优时不得使用
甲子 丙子 癸亥 乙卯,子平真诠评注,论用神配气候得失,调优组,冬,癸,是,,,",水木假伤官用财,名利两全;又 ",,,与任铁樵重复：调优时不得使用
戊戌 丁巳 甲寅 己巳,子平真诠评注,论用神配气候得失,调优组,夏,甲,是,,是,",火旺木焚,而四柱无印,不得已取土泄火之气,行印运被土回克,非特不贵,富亦难期。 **原文** 春木逢火,则为木为通",,,与任铁樵重复：调优时不得使用
甲寅 庚午 乙卯 丙子,子平真诠评注,论用神配气候得失,调优组,夏,乙,是,是,,",食轻为印所冲,官轻无财,为丙所克,乃乞丐之命也。 **原文** 此类甚多,不能悉述,在学者引伸触类,神而明之而已。",,,与任铁樵重复：调优时不得使用
戊戌 己未 戊戌 丙辰,子平真诠评注,论用神配气候得失,调优组,夏,戊,是,,是,",稼穑格也,但辰被戌冲,火土偏燥,气不中和,戌中辛金不能引出,子嗣亦艰,不但不能富贵也。运以金地为美,运至财地,以原局无",,,
癸酉 甲子 丁卯 丙午,子平真诠评注,论生克先后分吉凶,调优组,冬,丁,是,,," 子午卯酉,四冲也,而此造则非但不冲,反为四助。卯酉之间,隔以子水,子午之间隔以卯木,金水木火,以次相生,以印化煞为用",,,与任铁樵重复：调优时不得使用
丙戌 辛丑 壬午 戊申,子平真诠评注,论妻子,调优组,冬,壬,是,是,," 戊土七煞,透于时干,土居中央,寄生于寅申,是申亦土之生地也。以长生歌诀论,当有四子。丙辛相合,壬水通源,身旺敌煞,而",,,
丁丑 丁未 丁酉 丁未,子平真诠评注,论支中喜忌逢运透清,调优组,夏,丁,是,,," 此为敝戚姚君造。火旺遇金而有食神生之,富格也。火旺金衰,至巳运,巳酉丑三合会齐,最为活动得意,余均困守。卯运会未,忌",,,
壬辰 壬子 丙申 癸巳,子平真诠评注,论时说拘泥格局,调优组,冬,丙,是,是,," 小日报主人黄光益君命造。 此两造皆日禄归时也。王君月令正财太旺,归禄帮身,运至比劫而致富,所谓“四柱没官星,青云得",,,
壬戌 丁未 戊申 乙卯,子平真诠评注,论正官,调优组,夏,戊,是,,,",杂气正官,透干会支,最为贵格,而壬财丁印,二者相合,仍以孤官无辅论,所以不上七品。 **【徐注】**存喜去忌,即《神",,,
乙卯 丁亥 丁未 庚戌,子平真诠评注,论正官,调优组,冬,丁,是,是,,",此并用财印,无伤官而不杂煞,所谓去其忌而存其喜者也。 **【徐注】**印为生我,受人之庇;财为我克,管辖他人。用印者",,,
壬申 壬子 戊午 乙卯,子平真诠评注,论财,调优组,冬,戊,是,是,,",岂非财露?唯其生官,所以不忌也。 **【徐注】**根深,谓藏于支中也。若天干之财,地支无根,是为浮财,不足为用。用之",,,
壬辰 乙巳 癸巳 辛酉,子平真诠评注,论财,调优组,夏,癸,是,是,是,",虽食印相克,而欲存巳戊官,是去食护官也。反是则减福矣。 **【徐注】**此节殊足以淆乱阅者耳目,以吴造论,子月正财秉",,,
甲子 辛未 辛酉 壬辰,子平真诠评注,论财,调优组,夏,辛,是,是,是,",甲透未库,逢辛为劫,壬以化劫生财,汪学士命是也,财旺无劫而透伤,反为不利,盖伤官本非美物,财轻透劫,不得已而用之。旺而",,,
庚辰 戊子 戊寅 甲寅,子平真诠评注,论财,调优组,冬,戊,是,,,",制煞生财也。 **【徐注】**毛状元造,乙庚合而煞仍留,辰酉合而财化煞,所谓合煞存财,义殊未当。甲木生三月,木余气,",,,
丙辰 癸巳 壬戌 壬寅,子平真诠评注,论财,调优组,夏,壬,是,,,",王太仆命是也。 **【徐注】**林王两造,诚单用财者矣。巳月透丙火,真神得用,宜其贵也。但壬癸根轻,运喜帮身,中年之",,,
乙丑 丁亥 己亥 乙亥,子平真诠评注,论财取运,调优组,冬,己,是,,," 论财篇赵侍郎造。喜财藏支而不透,天干煞印相生,以印化煞为用。甲乙运官煞生印甚美,申酉运虽食伤生财党煞,而原局煞有印化",,,
庚戌 戊子 甲戌 乙亥,子平真诠评注,论印绶,调优组,冬,甲,是,是,,"是也。然此格毕竟难看,宜细详之。 **【徐注】**此造戊戌之土,包围子印,取乙木克制戊土,以存煞印,而戌中更藏丁火食神",,,
己未 己巳 甲寅 丙寅,子平真诠评注,论食神,调优组,夏,甲,是,,是,",黄都督之命是也。 **【徐注】**夏木用财,火炎土燥,必须带印,虽未必为用,而取以调候,为不可缺少之物。黄都督造,幸",,,
丙辰 庚子 辛卯 乙未,子平真诠评注,论食神,调优组,冬,辛,是,,,",月令食神而用官星,食生财,财生官,地位配置合宜,为贵格也。 **原文** 至若食神透煞。本忌见财,而财先煞后,食以",,,
戊戌 甲子 丁未 庚戌,子平真诠评注,论偏官,调优组,冬,丁,是,是,,",戊被制不能伏煞,时透庚财,即以清食者,生不足之煞。生煞即以制煞,两得其用,尤为大贵。 **【徐注】**财印同为煞之辅",,,附有现代林注：标注只采徐注，林注观点不得作为答案
癸卯 丁巳 庚寅 庚辰,子平真诠评注,论偏官,调优组,夏,庚,是,,,",去官留煞也。夫官为贵气,去官何如去煞?岂知月令偏官,煞为用而官非用,各从其重。若官格杂煞而去官留煞,不能如是之清矣。如",,,
丙子 甲午 辛亥 辛卯,子平真诠评注,论偏官,调优组,夏,辛,是,是,是,",子冲午而克煞,是去煞留官也。 **【徐注】**官煞虽同类,而各有分野。譬如弟兄,对外为一家,对内则兄为兄,弟为弟,各",,,
甲子 乙亥 辛未 戊子,子平真诠评注,论伤官,调优组,冬,辛,是,,是,",干头之甲,通根于亥,然又会未成局,化水为木,化之生财,尤为有情,所以伤官生财,冬金不贵,以冻水不能生木。若乃化木,不待",,,
壬申 丙午 甲午 壬申,子平真诠评注,论伤官,调优组,夏,甲,是,是,是,"、伤官旺,印根深,身又弱,又是夏木逢润,其秀百倍,所以一品之贵。然印旺极深,不必多见,偏正叠出,反为不秀,故伤轻身重而印",,,
癸酉 己未 丙午 癸巳,子平真诠评注,论伤官,调优组,夏,丙,是,是,是,",火炎土燥,必须得水以润之,是为伤官用官,制劫以护财,亦即调候之意也。至于偏正叠出,略嫌不清,因需要而用之,亦无妨碍,但",,,与任铁樵重复：调优时不得使用
己未 丙子 庚子 丙子,子平真诠评注,论伤官,调优组,冬,庚,是,,是,",蔡贵妃也。煞因伤而有制,两得其宜,只要无财,便为贵格,如壬寅、丁未、丙寅,夏阁老命是也。 **【徐注】**伤官用煞印",,,
戊申 甲子 庚午 丁丑,子平真诠评注,论伤官,调优组,冬,庚,是,是,,",藏癸露丁,戊甲为辅,官又得禄,所以为丞相之格。若孤官无辅,或官伤并透,则发福不大矣。 **【徐注】**伤官用官,非金",,,
丙申 己亥 辛未 己亥,子平真诠评注,论伤官,调优组,冬,辛,是,,,",郑丞相命是也。 **【徐注】**化伤为财,当作财论,而此造亥未拱合而无卯,未能化财,月令壬水秉令,仍作金水伤官论。辛",,,
戊子 戊午 丙辰 戊戌,子平真诠评注,论阳刃,调优组,夏,丙,是,是,,",月令阳刃,泄气太甚,反嫌身弱,须助其刃。子水官星不透,为戊土所制,不能为用,反须以印去食助刃为美,即其例也。煞刃并透,",,,与任铁樵重复：调优时不得使用
丙寅 甲午 丙午 癸巳,子平真诠评注,论阳刃,调优组,夏,丙,是,,是,",佩印不带财,癸水官星无根,滴水熬干,不能为用,只能从其强势,失其中和,亦非美格也。至若戊生午月,火炎土燥,再加支会火局",,,与任铁樵重复：调优时不得使用
戊午 戊午 戊午 甲寅,子平真诠评注,论阳刃,调优组,夏,戊,是,,,",虽丙丁未透,然以寅午拱合,甲木反助炎势,须行金泄土制煞方美。水运逆为用者,如 ",,,与任铁樵重复：调优时不得使用
甲寅 庚午 戊寅 甲寅,子平真诠评注,论阳刃,调优组,夏,戊,是,,,",甲木通根寅禄,煞旺去刃存印,以印化煞,为得其中和,福寿富贵,名利两全。此造妙在无财,庚金无根,可置不用,若透财,则破印",,,与任铁樵重复：调优时不得使用
戊子 戊午 戊戌 戊午,子平真诠评注,论阳刃,调优组,夏,戊,是,,,",有一申字为子水之根,虽金水不透,非富贵之格,然有相当之结局。 ## 现代白话译文 阳刃,是夺取正财之神(命局中代表",,,与任铁樵重复：调优时不得使用
己酉 丙子 壬申 丙午,子平真诠评注,论阳刃取运,调优组,冬,壬,是,是,是," 财旺生官也,虽月令阳刃而财更旺,喜得己酉官印相生,财官印刃,周流不滞。运行印绶比劫之方,皆为美运,官运亦吉,如癸酉壬",,,附有现代林注：标注只采徐注，林注观点不得作为答案
辛丑 甲午 丙申 壬辰,子平真诠评注,论阳刃取运,调优组,夏,丙,是,,," 为本篇又一丞相造。煞透根深,虽月令阳刃,而身非旺,用印化煞,而喜阳刃制财以护印也。初运官煞,虽不相宜,然有印化无碍;",,,
庚戌 戊子 癸酉 癸亥,子平真诠评注,论建禄月劫,调优组,冬,癸,是,,,",金丞相命是也。有用官而财助者,如 ",,,
丁酉 丙午 丁巳 壬寅,子平真诠评注,论建禄月劫,调优组,夏,丁,是,是,,",李知府命是也。 **【徐注】**财印相随,非并用财印(详论官篇)。用官而印护者,以印制伤也,如金丞相造,戊土官星,通",,,
庚午 戊子 癸卯 丁巳,子平真诠评注,论建禄月劫,调优组,冬,癸,是,,,",王少师命是也。 **【徐注】**三奇之说,各家不同。以财官印为三奇,亦命家之一说也。然干透必须支藏,天覆地载,方为全",,,
丁巳 壬子 癸卯 己未,子平真诠评注,论建禄月劫,调优组,冬,癸,是,是,是,",壬合丁财以去其党煞,卯未会局以制伏是也。 **【徐注】**禄劫用煞,与普通用煞相同,身旺煞强,以食神制煞为用。丁壬一",,,
戊辰 癸亥 壬午 丙午,子平真诠评注,论建禄月劫,调优组,冬,壬,是,,,",合煞存财,袁内阁命是也。 **【徐注】**合财合煞,同为格局取清之用。月劫用财,必藉伤食之化,已见前节。袁内阁造,午",,,
庚寅 壬午 丁卯 壬寅,子平真诠评注,论建禄月劫,调优组,夏,丁,是,,,",两官竞出,露而无极,过财官旺运而财发巨万。虽不贵而富,可见非定须制伏也。 **原文** 若夫用官而孤官无辅,格局更",,,
己酉 乙亥 壬戌 庚子,子平真诠评注,论建禄月劫,调优组,冬,壬,是,,是,",庚合乙而去伤存官,王总兵命也。 **【徐注】**王总兵造,乙庚相合,化伤为印,格局取清;己土卑湿,不足以止水,喜其通",,,
丁丑 辛亥 癸亥 癸亥,子平真诠评注,论建禄月劫,调优组,冬,癸,是,,是,",月劫用财,亥中湿木,不能引化,喜其运行南方(丁未、丙午、乙巳),亦可富贵。此前清某观察造,科甲出身者也。 **原文*",,,与任铁樵重复：调优时不得使用
甲寅 庚午 丙午 甲午,子平真诠评注,论杂格,调优组,夏,丙,是,是,是,",是冲子官也。运忌填实,余俱可行。 **【徐注】**戊午一造,相传为关圣之命,实则火土偏燥,一生惟金运为最美,泄其旺气",,,
辛丑 辛丑 辛丑 庚寅,子平真诠评注,论杂格,调优组,冬,辛,是,,,",章统制命是也。若命是有子字,则丑与子合而不遥,有丙丁戊己,则辛癸之官煞已透,而无待于遥,另有取用,非此格矣。至于甲子遥",,,
己酉 辛未 癸未 庚申,子平真诠评注,附论杂格取运,调优组,夏,癸,是,是,," 俗亦名之为合禄格,以申合巳中戊土为官星也。月令偏官,年上透出,时上庚印化煞为用(见论偏官篇),格正局清,有何不美?若",,,
庚申 乙酉 丁丑 庚戌,子平真诠评注,论十干配合性情,调优组,秋,丁,是,,," 本为火炼真金格局,乙庚相合,印为财破,虽生富厚之家,而天生哑子,终身残废也。 原局十干配合,其关系之重如此;而行运",,,
乙酉 甲申 丁巳 庚戌,子平真诠评注,论十干合而不合,调优组,秋,丁,是,,," 乙庚相合,通月令之气,虽遥隔而仍合,以庚劈甲引丁为用。张耀曾之造也(按此造乙庚之间,隔以丁火,可以与上节参观)。 ",,,
丙戌 辛卯 辛巳 戊戌,子平真诠评注,论十干合而不合,调优组,春,辛,是,,," 一丙合两辛,官星虽不合去,而用神之情不专矣。 ",,,
庚午 乙酉 甲子 乙亥,子平真诠评注,论十干合而不合,调优组,秋,甲,是,,,",两乙合庚,甲日隔之,此高太尉命,仍作合煞留官,无减福也。 **【徐注】**以两合一,用神之情不专,已见上例,若隔位则",,,
庚申 乙酉 癸未 乙卯,子平真诠评注,论十干合而不合,调优组,秋,癸,是,,," 两乙合庚而隔癸,全无争妒之意,亦无不专之弊。此朱家宝命造也。高太尉造为合煞留官,化气助官,朱造印格用食,均无减福泽。",,,
丙午 丙申 辛卯 丙申,子平真诠评注,论十干合而不合,调优组,秋,辛,是,,," 三丙争合一辛,又不能化。多夫之象,女命最忌。 **原文** 今人不知命理,动以本身之合,妄论得失;更有可笑者,书",,,
壬戌 己酉 丁丑 甲辰,子平真诠评注,论用神,调优组,秋,丁,是,,是," 月令财旺生官,己土食神损官为病,以甲木去己土为用,此为南浔刘澄如命造。 **(三)调候** ",,,
丁巳 己酉 庚子 丁亥,子平真诠评注,论用神成败救应,调优组,秋,庚,是,,," 朱古薇命造。月令阳刃用官,然重官不贵,妙在年上官星隔以己印,官生印,印生身,专用时上官星,运行助官,回翔台阁,则因己",,,
戊子 甲寅 戊午 甲寅,子平真诠评注,论用神格局高低,调优组,春,戊,是,是,," 此两造同为煞重用印。上造日元坐午,两寅夹拱,财在年支,肋煞生印,印在坐下,贴近有力,两煞拱护,相生有情。下造同一用印",,,与任铁樵重复：调优时不得使用
甲申 丙寅 甲申 庚午,子平真诠评注,论用神配气候得失,调优组,春,甲,是,,,",木嫩金坚,庚金通根于申,必须取丙火制庚为用,为儿能救母。若庚金轻而无根,则置之不用,如 ",,,与任铁樵重复：调优时不得使用
丙戌 丙申 丙申 壬辰,子平真诠评注,论生克先后分吉凶,调优组,秋,丙,是,,,",八个字完全相同,而生于七月,乙木休囚,不能为用,财当煞以攻身,青年夭折。此其一例耳。 **原文** 如正官同是财伤",,,
庚申 戊寅 丙申 乙未,子平真诠评注,论生克先后分吉凶,调优组,春,丙,是,是,,",财星坏印,虽乙印在时,财先印后,而乙庚化合,得气于申,有救应而不解,如中年后运佳,尚有结局,再行财运,必无善果也。 ",,,
丁未 壬寅 乙卯 己卯,子平真诠评注,论生克先后分吉凶,调优组,春,乙,是,是,是," 乙木身旺,丁火泄秀,以丁为用神,壬水为病,己土制壬水为药。惜丁壬合而化木,去水虽美,去火则不相宜。用神在年被损,故出",,,与任铁樵重复：调优时不得使用
辛卯 丁酉 戊子 戊午,子平真诠评注,论生克先后分吉凶,调优组,秋,戊,是,,," 此造土金伤官用印,然卯酉冲,官星不能生印;子午冲,印之根为财所破;地支木火被冲,天干火土亦成虚脱。不免一生落拓,有志",,,与任铁樵重复：调优时不得使用
己未 癸酉 丁巳 丁未,子平真诠评注,论星辰无关格局,调优组,秋,丁,是,是,," 此袁项城命造也。初视之,身强食神制煞而已,细辨之,以年为主,己未年命,未酉夹申,为贵;以日为主,丁贵在酉,以煞为用,",,,
丁未 甲辰 己酉 戊辰,子平真诠评注,论喜忌干支有别,调优组,春,己,是,,," 此舍侄某造,甲己化土格也。戊土元神透出,年上丁火助化,格局极真,以丁火偏印为用神。初运寅卯,化神还原,壬癸伤用,皆非",,,
甲寅 丙寅 庚寅 戊寅,子平真诠评注,论支中喜忌逢运透清,调优组,春,庚,是,是,," 寅中甲丙戊并透,然地支全寅,甲木当旺,当以从财为用。若地支寅午会局,则以丙火为用矣。 ",,,
戊申 乙卯 辛亥 戊子,子平真诠评注,论时说拘泥格局,调优组,春,辛,是,是,," 此沪上名人朱葆三命造,相传为朝阳格也。其说支离,姑置勿论,即以朝阳格言,《三命通会》明言生甲寅乙卯月,只以财论,是以",,,
庚寅 乙酉 甲子 戊辰,子平真诠评注,论正官,调优组,秋,甲,是,,,",甲用酉官,庚金混杂,乙以合之,合煞留官,是杂煞而取清也。 **【徐注】**遇伤佩印,混煞取清,自是不易之论。但如宣造",,,
丁丑 壬寅 己巳 丙寅,子平真诠评注,论正官,调优组,春,己,是,是,,",支具巳丑,会金伤官,丙丁解之,透壬岂非破格?却不知丙丁并透,用一而足,以丁合壬而财去,以丙制伤而官清,无情而愈有情。此",,,
己巳 癸酉 丙寅 庚寅,子平真诠评注,论财,调优组,秋,丙,是,是,,",财旺生官,用神在财,虽透己土伤官,而巳酉拱合,己土之气泄于金,伤官生财,财生官,更喜官临财也,不忌己土之伤,为名利两全",,,与任铁樵重复：调优时不得使用
壬寅 壬寅 庚辰 辛巳,子平真诠评注,论财,调优组,春,庚,是,是,,",杨待郎之命是也。透官身弱,则格坏矣。 **【徐注】**食神生财者,用在食神,故不以露官星为贵。比劫生起食伤,益觉有情",,,
乙未 己卯 庚寅 辛巳,子平真诠评注,论财,调优组,春,庚,是,是,,",乙与己两不相能,即有好处,小富而已。 **【徐注】**财印并用,最不易取,不比正官格之财印并用,并用神在官也,盖需要",,,
丙辰 丙申 丙午 壬辰,子平真诠评注,论财,调优组,秋,丙,是,是,,",此变之又变者也。 **【徐注】**此造日元坐刃,煞露刃藏,身强敌煞,虽秋水通源,而身更旺,若非劫刃重叠帮扶,固不能用",,,
丙寅 戊戌 辛酉 戊子,子平真诠评注,论印绶,调优组,秋,辛,是,是,是,",张参政之命是也。 **【徐注】**官与印,或财与官,或财与食神,皆互相为用,单用一神者甚少见,特行运喜忌有不同耳。有",,,
壬寅 戊申 壬辰 壬寅,子平真诠评注,论印绶,调优组,秋,壬,是,是,,",此身重印轻也。若身印并重而用七煞,非孤则贫矣。 **【徐注】**茅状元造,己土七煞,气泄于金,印绶太旺,而四柱无财以",,,
辛酉 丙申 壬申 辛亥,子平真诠评注,论印绶,调优组,秋,壬,是,是,,",汪侍郎命是也。若印轻财重,又无劫财以救,则为贪财破印,贫贱之局也。 **【徐注】**身强印旺,用财损印,根深谓印之根",,,
己未 甲戌 辛未 癸巳,子平真诠评注,论印绶,调优组,秋,辛,是,是,,",此合财存食之贵也。 **【徐注】**大抵富贵两字,辨别甚难。古之人有贵而不富者,有富而不贵者,若今人则富者无不贵,贵",,,
戊戌 乙卯 丙午 己亥,子平真诠评注,论印绶取运,调优组,春,丙,是,是,," 丙火坐刃,乙卯印星专旺,戊己食伤并透,是以食伤为 用也,故食伤财运均吉。官运反见其灾者,以癸能合戊化劫也。煞运反能为",,,
甲午 丁卯 癸丑 丙辰,子平真诠评注,论食神,调优组,春,癸,是,是,是,",龚知县命是也。 **【徐注】**五行干支,以阴阳配事为啧,财官印是也。我生则以同类为顺,食神是也。顺则有情,逆则力猛",,,
戊戌 壬戌 丙子 戊戌,子平真诠评注,论食神,调优组,秋,丙,是,,,",胡会元命是也。 **【徐注】**不用财为不用食之误。常国公造乙木虽为月令,而两卯为两辛所制,食被枭夺,不能用矣。以印",,,
戊戌 辛酉 戊戌 辛酉,子平真诠评注,论食神,调优组,秋,戊,是,是,,",两神成象,旺而且清,行财运富贵何碍? **原文** 更有印来夺食,透财以解,亦有富贵,须就其全局之势而断之。至于食",,,与任铁樵重复：调优时不得使用
癸酉 辛酉 己卯 乙亥,子平真诠评注,论食神,调优组,秋,己,是,是,,"是也。其余变化,不能尽述,类而推之可也。 **【徐注】**食伤透煞,何以忌见财星乎?煞本忌其克身,故须用食神以制之。若",,,
乙亥 乙酉 乙卯 丁丑,子平真诠评注,论偏官,调优组,秋,乙,是,是,,",极等之贵也。 **【徐注】**煞旺食强,阳干阴干不同。阴干不畏煞旺,只须食制;阳干必须身健,否则,克泄交加,非用印不",,,
壬辰 甲辰 丙戌 戊戌,子平真诠评注,论偏官,调优组,春,丙,是,,,",辰中暗煞,壬以透之,戊坐四支,食太重而透甲印,以损太过,岂非贵格?若煞强食泄而印露,则破局矣。 **【徐注】**煞用",,,附有现代林注：标注只采徐注，林注观点不得作为答案
壬午 癸卯 己巳 辛未,子平真诠评注,论偏官,调优组,春,己,是,是,,",确合此格,年月财生煞旺,时上食以制之,而己土得禄于午,通根于未,身旺食煞俱清,洵大贵之征也。如辛在年月,则为食神生财,",,,附有现代林注：标注只采徐注，林注观点不得作为答案
戊辰 甲寅 戊寅 戊午,子平真诠评注,论偏官,调优组,春,戊,是,是,,"、赵员外命是也。 **【徐注】**此造煞旺秉令,真神得用,寅午拱会,化煞生身,用神极明显,亦清纯可贵也。 **原文*",,,
壬午 己酉 戊午 庚申,子平真诠评注,论伤官,调优组,秋,戊,是,,,",史春芳命也。 **【徐注】**生官之具者,财也。总之用官者,不宜见伤,用伤者不宜见官,未可并用。亦有伤官见官秀财以解",,,
壬戌 己酉 戊午 丁巳,子平真诠评注,论伤官,调优组,秋,戊,是,是,,",印太重而隔戊已,而丁与壬不相碍,一丞相命也。反是则财印不并用而不秀矣。 **【徐注】**伤官兼用财印,实非兼用也,此",,,
甲子 壬申 己亥 辛未,子平真诠评注,论伤官,调优组,秋,己,是,是,是,",章丞相命也。 **【徐注】**伤官用官,不仅金水化伤为财作财论,此造子申会局,化伤为财,以生甲木,亦以日元己土,通根",,,附有现代林注：标注只采徐注，林注观点不得作为答案
辛卯 戊戌 丙辰 己亥,子平真诠评注,论伤官取运,调优组,秋,丙,是,,,"辰己四土,伤官重,而时逢亥水独煞,以煞为用,申运泄土生水为美。至局未支,亥卯未暗合木局,制土而卫煞,科甲连登;至甲午支,",,,与任铁樵重复：调优时不得使用
庚子 甲申 庚子 甲申,子平真诠评注,论建禄月劫,调优组,秋,庚,是,,,",即以劫财之金,化为生财之水,所谓化劫为生也。 **【徐注】**己未一造,四柱之中五重土,木嫌泄气太重,巳丑拱合辛金,",,,
辛亥 庚寅 甲申 丙寅,子平真诠评注,论建禄月劫,调优组,春,甲,是,,,",制煞留官也。 **【徐注】**官煞竞出,以取清为贵,合与制,皆取清之法也。然辛丑一造,乙庚相合,庚金未曾合去。辛亥一",,,
丙辰 丁酉 庚午 戊寅,子平真诠评注,论建禄月劫,调优组,秋,庚,是,,,",丙煞生于寅,丁官禄于午,并透通根,真混杂也,发印化官煞为用,一郡守造也。 **原文** 倘或两官竞出,亦须制伏,所",,,与任铁樵重复：调优时不得使用
戊子 庚申 庚申 庚辰,子平真诠评注,论杂格,调优组,秋,庚,是,,,",郭统制命也。运喜财,不利填实,余亦吉也。 **【徐注】**井栏叉格,取庚子、庚申、庚辰三日,要申子辰全。《喜忌篇》云",,,
癸巳 戊午 丙午 庚寅,子平真诠评注,论十干合而不合,调优组,夏,丙,,,," 戊癸相合,支临巳午,必然化火,作为劫论。 右两造摘录《滴天髓征义》兄弟节。 日干相合而化,即为化气格局。举例如下",,,与任铁樵重复：调优时不得使用
壬子 癸丑 丙午 壬辰,子平真诠评注,论十干合而不合,调优组,冬,丙,,,," 子丑相合,干透壬癸,不人化土论。煞旺身衰之象也。 干支会合化表(录《子平四言集腋》) 正月节(寅月) 丁壬化木",,,与任铁樵重复：调优时不得使用
丁亥 丙午 丁卯 庚子,子平真诠评注,论刑冲会合解法,调优组,夏,丁,,,," 此因子卯之刑,而解子午之冲也。为敝友陈君造。 ",,,
丁巳 丁未 丁卯 癸卯,子平真诠评注,论用神,调优组,夏,丁,,,," 虽有癸水七煞透出,而有卯木化之,亦宜顺其旺势。此前清戚杨知府命造。 ",,,
己卯 丙子 丙子 丁酉,子平真诠评注,论用神成败救应,调优组,冬,丙,,,," 此党国元老胡汉民造。月令官星,年印时财,两不相碍,格成三奇。惟官重宜行印劫,惜运不肋耳。此造为生于光绪五年十一月初七",,,
己卯 丙子 丙寅 丙申,子平真诠评注,论用神成败救应,调优组,冬,丙,,,," 月令官星,财印为辅,格之成也。惜寅申相冲,财印两伤,主虽正,奈辅佐冲突,不得力何?为成中有败也。又浙西盐商周湘舲造,",,,
丙子 辛丑 乙巳 乙酉,子平真诠评注,论用神格局高低,调优组,冬,乙,,是,," 此造辛金丙火均透,特为冬木而非秋木,不作此论。 丙生子月而癸水透,正官格也。支坐寅午禄刃之地,丙火身旺也。庚金露则",,,
辛酉 庚子 丙寅 癸巳,子平真诠评注,论用神格局高低,调优组,冬,丙,,是,," 此造癸水透庚金露也。妙在日坐长生,时逢归禄,身旺能任财官,而财生官旺也。此造录自《滴天髓征义》。 ",,,
己卯 辛未 壬寅 辛亥,子平真诠评注,论正官,调优组,夏,壬,,,,",未中己官透干用清,支会木局,两辛解之,是遇伤而佩印也。李参政命, ",,,
庚戌 戊子 戊子 丙辰,子平真诠评注,论财,调优组,冬,戊,,,,",庚与丙隔两戊而不相克,是食与印不相碍也。如平江伯命, ",,,
丙寅 癸巳 癸未 壬戌,子平真诠评注,论财,调优组,夏,癸,,,,",林尚书命是也。又壬生巳月,单透财而亦贵,以其透丙藏戊,弃煞就财,美者存在赠者弃也。如 ",,,
丁亥 壬子 辛巳 丁酉,子平真诠评注,论食神,调优组,冬,辛,,,,",舒尚书命是也。至于食神忌印,夏火太炎而木焦,透印不碍,如 ",,,
壬辰 丙午 丙午 壬辰,子平真诠评注,论偏官,调优组,夏,丙,,是,,",身强,两煞四制,见金运而人发,是宜财不宜印也。又 ",,,与任铁樵重复：调优时不得使用
己卯 丁丑 丙寅 庚寅,子平真诠评注,论伤官,调优组,冬,丙,,,,",己与庚同根月令是也。 **【徐注】**格局之高下,全在于清浊。亦有清中转浊、浊中转清者,如以格局论,何格无贵,何格无",,,
己酉 丙子 壬寅 丙午,子平真诠评注,论阳刃,调优组,冬,壬,,,,",官透有力,旺财生之,丞相命也。又 ",,,
辛酉 甲午 丙申 壬辰,子平真诠评注,论阳刃,调优组,夏,丙,,,,",透煞根浅,财印助之,亦丞相命也。 **【徐注】**己酉一造,己禄于午,寅午会局,丙火两透,财旺生煞,子水之刃不免孤立",,,
甲寅 庚午 戊申 甲寅,子平真诠评注,论阳刃,调优组,夏,戊,,,,",煞两透而根太重,食以制之,所谓裁损也。如 ",,,
丙寅 甲午 丙申 壬辰,子平真诠评注,论阳刃,调优组,夏,丙,,,,"一造,申辰拱合,壬水通根,刃旺煞强,财不破印,为美,所以掌兵刑生杀大权也。如寅申易位,年申日寅,刃旺而煞不强,即非贵格。",,,与任铁樵重复：调优时不得使用
甲申 丙子 壬寅 辛亥,子平真诠评注,论阳刃,调优组,冬,壬,,,,",喜寅亥相合,木火得其生地,子申会局,食神又得生扶,财气通门户,富格也。若刃旺财轻而无食伤,如 ",,,与任铁樵重复：调优时不得使用
己未 己巳 丁未 辛丑,子平真诠评注,论建禄月劫,调优组,夏,丁,,,,",丑与巳会,即以劫财之火为金局之财,安得不为大贵?所谓化劫为财也。如高尚书命, ",,,
甲辰 己巳 戊辰 乙卯,子平真诠评注,论建禄月劫,调优组,夏,戊,,,,",合煞留官也;又 ",,,与任铁樵重复：调优时不得使用
甲子 丙子 癸丑 丙辰,子平真诠评注,论建禄月劫取运,调优组,冬,癸,,,," 甲丙皆不通根,伤官太轻,宜行食伤运以助财。戊寅己卯运,食伤之地最佳,庚辰非吉。此造惜无 ",,,
丙午 甲午 丙午 甲午,子平真诠评注,论杂格,调优组,夏,丙,,,,",皆为贵格。运以食伤泄其秀气为最美,原局有食伤则财运亦美。气纯势强,可顺而不可逆。印比之运,从其旺神,固为适宜,但亦不可",,,与任铁樵重复：调优时不得使用
戊午 戊午 戊午 戊午,子平真诠评注,论杂格,调优组,夏,戊,,,,",是冲子财也; ",,,
丙午 庚寅 壬午 壬寅,子平真诠评注,论十干十二支,调优组,春,壬,,是,,",印比皆无根,则不得不从。此所谓从气不从势也,其理甚深,非可猝喻,学者多阅八字,经验积久,自能会悟,非文字所能达也(按本",,,
丙午 辛卯 戊寅 甲寅,子平真诠评注,论十干配合性情,调优组,春,戊,,,," 丙辛合而不化,无丙可用辛制甲,无辛可用丙化甲,两皆有用,因合而两失其用也。 ",,,
壬寅 戊申 丙寅 癸巳,子平真诠评注,论十干合而不合,调优组,秋,丙,,,," 此合官留煞也。又《三命通会》以合为留,以克为去,如此造戊克壬合癸,名去煞留官,各家所说不同也。 按合而无伤于合者,",,,
戊辰 甲寅 丁卯 戊申,子平真诠评注,论十干合而不合,调优组,春,丁,,,,",戊土伤官,年时两透,用甲克去年上伤官,而留时上伤官以生财损印,格局反清,其意一也。无食伤则财无根,两透则嫌其重,去一留",,,
丁亥 壬寅 丙子 丁酉,子平真诠评注,论十干合而不合,调优组,春,丙,,,," 丁壬相合,支临寅亥,必然化木,作为印论。 ",,,与任铁樵重复：调优时不得使用
己卯 丁卯 壬午 甲辰,子平真诠评注,论十干合而不合,调优组,春,壬,,,," 丁壬相合,生于卯月,木旺秉令,时逢辰,木之原神透出,为丁壬化木格。 ",,,与任铁樵重复：调优时不得使用
戊辰 壬戌 甲辰 己巳,子平真诠评注,论十干合而不合,调优组,秋,甲,,,," 甲己相合,生于戌月,土旺乘权,化气有余;年得戊辰,原神透出,为甲己化土格。录自《滴天髓征义》。 化气有真有假。上两",,,与任铁樵重复：调优时不得使用
己卯 甲戌 甲子 己巳,子平真诠评注,论十干合而不合,调优组,秋,甲,,,," 两甲两己,各自配合,卯木有戌土之合,亦尚无碍,嫌其甲木坐印,故为假化。 ",,,与任铁樵重复：调优时不得使用
甲辰 丁卯 壬辰 辛亥,子平真诠评注,论十干合而不合,调优组,春,壬,,,是," 丁壬相合,通月令之气,化神极真,嫌其时透辛金,来伤化气,幸辛金无根,故为假化。右录《滴天髓征义》。 化真化假,均须",,,与任铁樵重复：调优时不得使用
癸未 壬戌 庚戌 庚辰,子平真诠评注,论刑冲会合解法,调优组,秋,庚,,,," 此茅祖权之造。一未不刑两戌,本可不以刑论,乃因辰戌之冲,复引起戌未之刑。 ",,,
壬辰 癸卯 丁酉 己酉,子平真诠评注,论刑冲会合解法,调优组,春,丁,,,," 此赵观涛之造。一卯不冲二酉,乃以辰酉之合,引起卯酉之冲,与上张继造相同。 **原文** 又有刑冲而会合不能解者,",,,
丁酉 壬寅 辛巳 丙申,子平真诠评注,论刑冲会合解法,调优组,春,辛,,,," 酉巳之会,因隔寅木而不成局;寅申之冲,亦因隔巳火而不成冲;且巳申刑而带合,去申中庚金,使其不伤寅木,财官之用无损,便",,,
辛未 丙申 丁亥 壬寅,子平真诠评注,论刑冲会合解法,调优组,秋,丁,,,," 亥未隔申,不能成局;寅亥之合,似可解寅申之冲, 无如申金秉令,亥中壬甲休囚,不能解金木之争;且丁壬寅亥,天地合而假化",,,
戊寅 乙卯 丁未 壬寅,子平真诠评注,论用神,调优组,春,丁,,,," 丁壬相合,月时卯寅,化气格真,化神喜行旺地,旺之极者,亦喜其泄。此丁壬化木格,孙岳之命造也。 **(五)通关** ",,,
丁未 己酉 乙亥 癸未,子平真诠评注,论用神格局高低,调优组,秋,乙,,,," 此造丁火透,秋木盛,而辛金不透也。不成格。 ",,,
戊寅 甲寅 甲寅 庚午,子平真诠评注,论用神配气候得失,调优组,春,甲,,,是,",反可取贵也。庚生申月而合水局,为金水假伤官,喜见官星,与冬金真伤官相同。壬癸透露则伤害官星,不论秋冬,为忌亦同。 *",,,与任铁樵重复：调优时不得使用
庚申 戊寅 壬子 甲辰,子平真诠评注,论生克先后分吉凶,调优组,春,壬,,,,"、庚枭夺食而无财为救应,运行财地,虽可补救一二,终嫌原局无财生至申运,庚金得地,即难挽救(参阅《滴天髓》卷四真假节),斯",,,与任铁樵重复：调优时不得使用
丙午 辛卯 己亥 癸酉,子平真诠评注,论生克先后分吉凶,调优组,春,己,,,," 丙火合去食神,酉金生财党煞,无救应之神矣。以食制煞如此,以印化煞亦同。如癸年乙卯月己日丁卯时,财不破印,煞虽重印可化",,,
己未 壬申 戊子 庚申,子平真诠评注,论时说以讹传讹,调优组,秋,戊,,,是,",本食神生财也,而欲弃月令,以为戊日庚申合禄之格,岂知本身自有财食,岂不甚美?又何劳以庚合乙,求局外之官乎,此类甚多,皆",,,附有现代林注：标注只采徐注，林注观点不得作为答案
甲申 壬申 乙巳 戊寅,子平真诠评注,论正官,调优组,秋,乙,,,,",壬印戊财,以乙隔之,水与土不相碍,故为大贵。若 ",,,
乙酉 庚辰 甲午 戊辰,子平真诠评注,论财,调优组,春,甲,,,,",合煞存财也;李御史命, ",,,
乙亥 己卯 丁酉 壬寅,子平真诠评注,论印绶,调优组,春,丁,,,是,",己为乙制,己不碍官也。 **【徐注】**朱尚书造,壬为戊制,诚哉不伤官星,但四柱五重土,支又藏火而干透丙,若再行火土",,,
己巳 癸酉 癸未 庚申,子平真诠评注,论印绶,调优组,秋,癸,,,,",此身轻印重也。马参政命, ",,,附有现代林注：标注只采徐注，林注观点不得作为答案
壬子 癸卯 丙子 己亥,子平真诠评注,论印绶,调优组,春,丙,,,是,"、此官煞有制也。 **【徐注】**合煞留官,或制官存煞,格局以清。然此两造,殊未见佳妙。辛亥一造,煞印并旺而无食伤;壬",,,
丙午 庚寅 丙午 癸巳,子平真诠评注,论印绶,调优组,春,丙,,,,",则变之又变者矣。 **【徐注】**寅午化印为劫,庚癸财官可用,所惜者财官无根耳。若癸巳易以癸酉或癸亥,运行财官之乡,",,,附有现代林注：标注只采徐注，林注观点不得作为答案
丁亥 癸卯 癸卯 甲寅,子平真诠评注,论食神,调优组,春,癸,,,,",沈路分命是也。偏正叠出,富贵不巨,如 ",,,
辛卯 辛卯 癸酉 己未,子平真诠评注,论食神,调优组,春,癸,,,,",常国公命是也。若无印绶而单露偏官,只要无财,亦为贵格,如 ",,,
己亥 丙寅 甲寅 壬申,子平真诠评注,论食神,调优组,春,甲,,,,"一造,甲木坐禄,丙水食神透出为喜,壬印夺食为病,惜己土财星无根,破印无力,病重药轻。运行西北,助起病神,破耗无伤,为不免",,,与任铁樵重复：调优时不得使用
己丑 丙寅 甲子 戊辰,子平真诠评注,论食神,调优组,春,甲,,,,",透食而财印不相碍,即为富贵之造。至于食神而官煞竞出,只须不碍全局,同为富贵之造。如 ",,,与任铁樵重复：调优时不得使用
辛卯 庚寅 甲辰 丙寅,子平真诠评注,论食神,调优组,春,甲,,,,",东方一气,食神吐秀。庚辛官煞竞出为病,喜其无根,不碍格局。行土金之运,不免破耗,若行木火之运,则名利并全矣。 **原",,,与任铁樵重复：调优时不得使用
己亥 甲戌 癸亥 丙辰,子平真诠评注,论食神,调优组,秋,癸,,,,",合煞存财也。又如余寿平中丞命造, ",,,
甲寅 戊辰 壬辰 壬寅,子平真诠评注,论偏官,调优组,春,壬,,是,,",制煞太过而身弱,逢金运而人发,是宜印不宜财也。又如论食神节胡会元造, ",,,与任铁樵重复：调优时不得使用
壬戌 己酉 戊戌 乙卯,子平真诠评注,论伤官,调优组,秋,戊,,,,",土金伤官,时逢乙卯,为伤官见官。年透壬水,则伤官生财,财生官,官星不但无伤,伤官反为生官之具,凶转为吉。又某知府造, ",,,与任铁樵重复：调优时不得使用
庚午 己卯 壬申 己酉,子平真诠评注,论伤官,调优组,春,壬,,,,",水木伤官,己官两透,为伤官见官,喜得年支午藏丁火己土,财官同宫,伤官生财,转以生官,凶变为可也。至如史春芳造( ",,,与任铁樵重复：调优时不得使用
丁酉 己酉 戊子 壬子,子平真诠评注,论伤官,调优组,秋,戊,,,是,",财太重而带印,而丁与壬隔以戊已,两不碍,且金水多而觉寒,得火融和,都统制命也。又如 ",,,
庚午 乙酉 庚午 壬午,子平真诠评注,论阳刃,调优组,秋,庚,,,,",官刃均藏而不露,好在乙从庚化,不助官星,官星得壬水损之。运行戊子己丑,化官助身,位极人臣;至寅运会午,财生官旺,而家破",,,与任铁樵重复：调优时不得使用
甲午 癸酉 庚寅 戊寅,子平真诠评注,论阳刃,调优组,秋,庚,,,,",癸水伤寅午之官,而戊以合之,所谓印护也,如贾平章命, ",,,
丙戌 丁酉 庚申 壬午,子平真诠评注,论阳刃,调优组,秋,庚,,是,是,",官煞竞出,而壬合丁官,煞纯而不杂。况阳刃之格,利于留煞,所谓取清也。 **【徐注】**煞刃带伤食,官煞被制,格之病也",,,
甲子 丙寅 甲子 丙寅,子平真诠评注,论建禄月劫,调优组,春,甲,,,,",木火通明也;又 ",,,
癸卯 庚申 庚子 庚辰,子平真诠评注,论建禄月劫,调优组,秋,庚,,,是,",金水相涵也。 **【徐注】**张造两干不杂,木火通明,为食神格。更喜佩印,调停中和,运宜财地。癸卯一造,庚日申子辰全",,,
辛丑 庚寅 甲辰 乙亥,子平真诠评注,论建禄月劫,调优组,春,甲,,,,、合煞留官也;如 ,,,
丙辰 辛卯 乙亥 庚辰,子平真诠评注,论建禄月劫,调优组,春,乙,,,,",亦合煞留官也。盖合制为求其去,合而不去,依然不清。且官煞混杂而四柱配置合宜,即无合制,亦可富贵。如 ",,,与任铁樵重复：调优时不得使用
癸亥 乙卯 乙未 壬午,子平真诠评注,论杂格,调优组,春,乙,,,,",吴相公命是也。运亦喜印绶比劫之乡,财食亦吉,官煞则忌矣。 **【徐注】**得一方秀气者,有曲直、炎上、稼穑、从革、润",,,
癸卯 乙卯 甲寅 乙亥,子平真诠评注,论杂格,调优组,春,甲,,,,",又 ",,,与任铁樵重复：调优时不得使用
甲戌 丁卯 壬寅 甲辰,子平真诠评注,论杂格,调优组,春,壬,,,,",一品贵格命也。运喜所化之物,与所化之印绶,财伤亦可,不利官煞。 **【徐注】**从化者,谓从之而化,与弃命相从之格不",,,
己未 戊辰 戊辰 庚申,子平真诠评注,论杂格,调优组,春,戊,,,,",蜀王命是也。癸日庚申,以申合巳,因其主而得其朋,如 ",,,
庚申 乙酉 丙申 己丑,子平真诠评注,论杂格,调优组,秋,丙,,是,,",王十万命造也。运喜伤食财乡,不宜身旺。有弃命从煞者,四柱皆煞,而日主无根,舍而从之,格成大贵。若有伤食,则煞受制而不从",,,
甲申 甲戌 甲子 甲子,子平真诠评注,论杂格,调优组,秋,甲,,,,",罗御史命是也。 **【徐注】**遥合有二,丑遥巳格、子遥巳格是也。丑遥巳格,以辛丑癸丑二日,用丑多为主,以丑中辛癸,",,,
戊辰 辛酉 辛酉 戊子,子平真诠评注,附论杂格取运,调优组,秋,辛,,,," 此金水伤官,原无官星,气势偏于金水,以顺其性。行土金水运为美,火运为忌。带水之木尚可行,而带火之木则不宜见。此俗所谓",,,
丁卯 乙巳 甲寅 乙亥,穷通宝鉴,穷通宝鉴 · 第5章 四月甲木 · 原文,调优组,夏,甲,是,是,,"明府。 徐乐吾曰:甲木临寅,身旺坐禄,亥中壬水的禄,甲木长生,木旺而润,以丁火泄秀为用,故贵。 ",,,
丙午 癸巳 甲戌 甲子,穷通宝鉴,穷通宝鉴 · 第5章 四月甲木 · 原文,调优组,夏,甲,是,,,"大贵。 徐乐吾曰:癸水透出,通根时支,子戌拱亥,水旺木生,丙火为月令旺神,以癸水培木制丙为用,较丁卯一 造为胜,宜乎大贵",,,
癸酉 丁巳 甲子 戊辰,穷通宝鉴,穷通宝鉴 · 第5章 四月甲木 · 原文,调优组,夏,甲,是,,," 徐乐吾曰:汤玉麟命,同治十二年四月十六日辰时。癸水出干,巳酉子辰会局,取癸水制火为用,水得金 生,位至热河主席,时上戊",,,
丁巳 丙午 甲寅 甲子,穷通宝鉴,穷通宝鉴 · 第6章 五、六月甲木 · 原文,调优组,夏,甲,是,,是,"年月丙丁两透,支中有癸,癸运大发,官至侍郎 徐乐吾曰:盖子中有癸,巳中有庚,年干丁被丙夺,又午中己,冲出子中癸,调候为用",,,
甲辰 辛未 甲子 辛未,穷通宝鉴,穷通宝鉴 · 第6章 五、六月甲木 · 原文,调优组,夏,甲,是,,,"此名两干不杂,专用丁火,一生富贵。虽有富贵,妻子难留,若作丁卯时,丁火出干, 可生四子,但家贫耳 徐乐吾曰:两干不杂,局",,,
甲申 辛未 甲戌 丙寅,穷通宝鉴,穷通宝鉴 · 第6章 五、六月甲木 · 原文,调优组,夏,甲,是,,,"庚金得禄,官至尚书。 徐乐吾曰:此为明崔呈秀尚书命,《三命通会》误甲申为甲戌也。财官为用,庚金得禄於申,又得壬水长 生,",,,
丙子 甲午 甲戌 戊辰,穷通宝鉴,穷通宝鉴 · 第6章 五、六月甲木 · 原文,调优组,夏,甲,是,,," 徐乐吾曰:陆宗舆命,光绪二年闰五月十四日辰时。子午辰戌两冲,印被财破,午戌会局,火旺木焚,喜子 辰遥合,制火润木,取戊",,,
甲申 辛未 甲辰 甲子,穷通宝鉴,穷通宝鉴 · 第6章 五、六月甲木 · 原文,调优组,夏,甲,是,,," 徐乐吾曰:张树声命,道光四年六月十二日子时。申子辰会局,印旺用财官,位至巡抚。 ",,,
乙丑 癸未 甲午 甲子,穷通宝鉴,穷通宝鉴 · 第6章 五、六月甲木 · 原文,调优组,夏,甲,是,,," 徐乐吾曰:齐耀琳命,同治四年六月初一日子时。癸水出干,地支得禄,位至省长。 三夏甲木总论 三夏甲木,用神先丁次庚,无丁",,,
壬辰 辛亥 甲戌 丙寅,穷通宝鉴,穷通宝鉴 · 第10章 十月甲木 · 原文,调优组,冬,甲,是,,," 专用戊土,先贫后富。 徐乐吾曰:辛壬并透,水旺木浮,喜时上丙寅,寅宫甲丙戊,皆有气得用,为食神生才格,宜乎利在晚年 矣",,,
戊辰 癸亥 甲子 乙亥,穷通宝鉴,穷通宝鉴 · 第10章 十月甲木 · 原文,调优组,冬,甲,是,,," 戊出天干,止水之流,号曰”六甲趋乾“。官至府尹。 徐乐吾曰:亥为乾宫,六甲日生亥月、亥时,为趋乾格,戊出天干止流水,乃",,,
壬辰 辛亥 甲子 己巳,穷通宝鉴,穷通宝鉴 · 第10章 十月甲木 · 原文,调优组,冬,甲,是,,," 化土失令,孤寡多疾,晚年有衣禄。 徐乐吾曰:化神喜行旺地,甲己化土,必须以火为用也。壬辛并透,水多土荡,破格明矣。喜时",,,
丙寅 己亥 甲辰 甲戌,穷通宝鉴,穷通宝鉴 · 第10章 十月甲木 · 原文,调优组,冬,甲,是,,," 徐乐吾曰:岳钟琪命,清康熙廿五年九月廿三日戊时。虎卧荒邱格,用食神生木,四柱无金为贵也。 ",,,
丙子 己亥 甲辰 丙寅,穷通宝鉴,穷通宝鉴 · 第10章 十月甲木 · 原文,调优组,冬,甲,是,,是," 徐乐吾曰:周钟岳命,光绪二年十月十七日寅时。专用丙火,寒木向阳,所以取贵。 ",,,
乙未 丁亥 甲戌 庚午,穷通宝鉴,穷通宝鉴 · 第10章 十月甲木 · 原文,调优组,冬,甲,是,,," 徐乐吾曰:李汉魂将军命,光绪廿一年十月初七日午时。此造承友人抄示,为戊辰时,予仔细体察,非己巳 即庚午时也,庚午",,,
乙亥 戊子 甲寅 甲子,穷通宝鉴,穷通宝鉴 · 第11章 十一月甲木 · 原文,调优组,冬,甲,是,,,"印绶格,运行火乡,位至府尹。 徐乐吾曰:以财损印为用,专用丙火,喜日临寅宫,甲丙皆有气也。 ",,,
丙子 庚子 甲午 丁卯,穷通宝鉴,穷通宝鉴 · 第11章 十一月甲木 · 原文,调优组,冬,甲,是,,是,"庚丁两透,又加丙出,除寒解冻,官至王侯。 徐乐吾曰:丁庚并透,丙火为佐,时逢卯木,格兼煞刃。喜日临午宫。丙丁通根。以印为",,,
乙巳 戊子 甲辰 庚午,穷通宝鉴,穷通宝鉴 · 第11章 十一月甲木 · 原文,调优组,冬,甲,是,,,"大将军命,元帅。 徐乐吾曰:庚金透干,丙丁藏支,亦以印为用。 ",,,
癸丑 甲子 甲申 庚午,穷通宝鉴,穷通宝鉴 · 第11章 十一月甲木 · 原文,调优组,冬,甲,是,,,"二甲乘旺,专用庚金,但丁不见,骨肉遭刑,虽不大富,亦不止生员。 徐乐吾曰:乘旺当是乘印之误,丁火藏午,非不见也,特子申会",,,
辛亥 庚子 甲辰 乙亥,穷通宝鉴,穷通宝鉴 · 第11章 十一月甲木 · 原文,调优组,冬,甲,是,,,印绶得所。御史。 徐乐吾曰:上两造皆用煞印。 ,,,
乙巳 戊子 甲辰 癸酉,穷通宝鉴,穷通宝鉴 · 第11章 十一月甲木 · 原文,调优组,冬,甲,是,是,是,"生员。 徐乐吾曰:上两造皆灯火拂剑格,相差一时,一申子辰会齐水局,壬水出干,有水泛木浮之象。一癸酉时, 戊癸合,解水旺势",,,
壬辰 壬子 甲午 丙寅,穷通宝鉴,穷通宝鉴 · 第11章 十一月甲木 · 原文,调优组,冬,甲,是,,是," 徐乐吾曰:盛泽丞命,光绪十八年十一月初十日寅时。寅午会局,专用丙火,冬木寒枝,不比春木清茂,富 中取贵。 三冬甲木总论",,,
己丑 丁丑 甲辰 癸酉,穷通宝鉴,穷通宝鉴 · 第12章 十二月甲木 · 原文,调优组,冬,甲,是,,,"癸水伤丁,贫而且贱。 徐乐吾曰:此造与上己丑一造,仅一时之差,前造丁火无伤,以伤官生财为用,虽不贵而境况必裕,此造",,,
己亥 丁丑 甲戌 庚午,穷通宝鉴,穷通宝鉴 · 第12章 十二月甲木 · 原文,调优组,冬,甲,是,是,是,"财旺生官格,庚丁两透,火又会局,鼎甲。 徐乐吾曰:午戌会局而透丁己,财旺生官,寒木向阳,必贵之征。此造虽生于十二月,以财",,,
壬辰 癸丑 甲辰 己巳,穷通宝鉴,穷通宝鉴 · 第12章 十二月甲木 · 原文,调优组,冬,甲,是,,是," 徐乐吾曰:陆子冬命,光绪十八年十一月廿日巳时。甲己作合,时上巳宫,丙火得禄,寒木向阳,富而兼 贵,现任江苏银行行长。 ",,,
戊午 丁巳 乙丑 壬午,穷通宝鉴,穷通宝鉴 · 第16章 四月乙木 · 原文,调优组,夏,乙,是,,,",官太尉。 徐乐吾曰:壬水为丁戊所合制,专取丑宫辛癸为用,煞印相生,巳丑又会局,化忌为喜,其贵宜矣。 ",,,
丙戌 癸巳 乙亥 癸未,穷通宝鉴,穷通宝鉴 · 第16章 四月乙木 · 原文,调优组,夏,乙,是,,是,"。 徐乐吾曰:程霖生命,光绪十二年四月十二日未时。癸透无金,虽通根亥宫,不若金生之,为源远流长也, 丙透伤官生财,",,,
丁丑 丙午 乙卯 丁亥,穷通宝鉴,穷通宝鉴 · 第17章 五月乙木 · 原文,调优组,夏,乙,是,,是,"。 徐乐吾曰:金绍曾命,光绪三年五月初一日亥时。丑藏癸,亥藏壬,亥丑夹子,丑中又有辛金生癸水,根株 润泽,自然木火通明。",,,
丁亥 丁未 乙酉 丁亥,穷通宝鉴,穷通宝鉴 · 第18章 六月乙木 · 原文,调优组,夏,乙,是,,是," 徐乐吾曰:周荫人命,光绪十三年五月廿九日亥时。亥未会局拱卯禄,日时金水相生,专此壬水为用,假煞 为权,贵多就武。 ",,,
己卯 乙亥 乙未 丙戌,穷通宝鉴,穷通宝鉴 · 第22章 十月乙木 · 原文,调优组,冬,乙,是,是,是,"得力在时上丙戊,冬木失令,无丙戊总非上格,若有癸出,则印绶太旺,湿重阴浓,反 见损害。必须戊出合癸,加以丙透,木自然发荣",,,
己亥 乙亥 乙巳 丁亥,穷通宝鉴,穷通宝鉴 · 第22章 十月乙木 · 原文,调优组,冬,乙,是,,,"亥中三壬生木,与春木类推,戊丙作用,丙戊禄在巳,虽不透干,一榜五品,但巳亥逢 冲,性傲招尤,举动敏捷。 徐乐吾曰:丙戊禄",,,
乙丑 丁亥 乙酉 戊寅,穷通宝鉴,穷通宝鉴 · 第22章 十月乙木 · 原文,调优组,冬,乙,是,,,"女命,夫主秀才,大富,用戊故也。 徐乐吾曰:夫星在酉,用财化食生官,年月丑亥夹子,母家亦贵也。 ",,,
甲戌 乙亥 乙亥 庚辰,穷通宝鉴,穷通宝鉴 · 第22章 十月乙木 · 原文,调优组,冬,乙,是,,,"化合假格,有能秀才,三多之命。 徐乐吾曰:此造合而不化,故云化合假格,当以庚为用,不以胎元丙寅,得太阳之助,木有生机,丙",,,
乙未 丁亥 乙丑 丙子,穷通宝鉴,穷通宝鉴 · 第22章 十月乙木 · 原文,调优组,冬,乙,是,是,是," 徐乐吾曰:清慈禧太后命,道光十五年十月初十日子时。寒木向阳,专用丙火,以丑中辛金为夫星,惜其不 透,早年财运生官,龙冠",,,
戊寅 癸亥 乙卯 壬午,穷通宝鉴,穷通宝鉴 · 第22章 十月乙木 · 原文,调优组,冬,乙,是,,," 徐乐吾曰:杨小楼命,光绪四年十一月初十日午时。壬癸并透,专用戊土,名重伶官。",,,
丁未 壬子 乙未 丙子,穷通宝鉴,穷通宝鉴 · 第23章 十一月乙木 · 原文,调优组,冬,乙,是,,是," 徐乐吾曰:元顺帝命,寒木向阳,专取丙火为用,丁壬一合,去病为贵,申运失国。 ",,,
壬午 癸丑 乙酉 辛巳,穷通宝鉴,穷通宝鉴 · 第24章 十二月乙木 · 原文,调优组,冬,乙,是,,," 巳酉丑会金,带丙不得禄,一富而已 徐乐吾曰:巳酉丑三合金局,丙火被其合住,逢辛反怯,丙火减其力量,巳宫化为金之生地,故",,,
丁酉 癸丑 乙卯 丙子,穷通宝鉴,穷通宝鉴 · 第24章 十二月乙木 · 原文,调优组,冬,乙,是,,是," 都宪。 徐乐吾曰:三冬庚辛之气泄于水,本不能伤木,见己土制癸水,则庚金有力,乙木见庚,不化必被掣肘。上 造丙火藏",,,
甲戌 丁丑 乙酉 丙戌,穷通宝鉴,穷通宝鉴 · 第24章 十二月乙木 · 原文,调优组,冬,乙,是,,," 徐乐吾曰:丁超命,同治十三年十二月十六日戌时。甲丙丁并透,专用丙火,位至镇守使。 ",,,
甲午 庚午 丙午 甲午,穷通宝鉴,穷通宝鉴 · 第25章 正月丙火 · 原文,调优组,夏,丙,是,,是,",美在得时矣,然而拘谨懦弱,毫无作为,则以运行西北故也。总论云:若居坎宫,谨 畏守礼,火以炎上为本性,运行西北,逆其性情",,,
丁巳 乙巳 丙子 戊子,穷通宝鉴,穷通宝鉴 · 第28章 四月丙火 · 原文,调优组,夏,丙,是,,," 庚运乡魁。 徐乐吾曰:此以子中癸水为用也。癸禄于子,虽无金为佐,亦不致涸。行运喜财生官,《独步》云:建禄生 提月,财官",,,
乙未 辛巳 丙午 甲午,穷通宝鉴,穷通宝鉴 · 第28章 四月丙火 · 原文,调优组,夏,丙,是,,," 炎上格火临巳午未之域,官至太尉。 徐乐吾曰:此炎上格也,有木以生之,无土以塞之,火虚有焰,宜从其旺神,顺其气势以取用。",,,
庚辰 辛巳 丙申 壬辰,穷通宝鉴,穷通宝鉴 · 第28章 四月丙火 · 原文,调优组,夏,丙,是,,," 章金命,壬子状元。 徐乐吾曰:专用壬水,庚辛为佐。 ",,,
丁卯 乙巳 丙寅 丙申,穷通宝鉴,穷通宝鉴 · 第28章 四月丙火 · 原文,调优组,夏,丙,是,,," 女命,取申中壬水为用,一品夫人。 徐乐吾曰:用申宫壬水,男女一理。 ",,,
癸酉 丁巳 丙戌 甲午,穷通宝鉴,穷通宝鉴 · 第28章 四月丙火 · 原文,调优组,夏,丙,是,,," 徐乐吾曰:孙烈臣命,同治十二年五月初九日午时。用癸水,巳酉会局生之,四十后行金水运,总领师干。 ",,,
癸巳 丁巳 丙辰 癸巳,穷通宝鉴,穷通宝鉴 · 第28章 四月丙火 · 原文,调优组,夏,丙,是,,," 徐乐吾曰:熊式辉命,光绪十九年四月初四日巳时。无壬水用癸,两癸出干,通根辰库,运辅北方,贵居方 面。 ",,,
甲午 己巳 丙寅 己亥,穷通宝鉴,穷通宝鉴 · 第28章 四月丙火 · 原文,调优组,夏,丙,是,,," 徐乐吾曰:都命,光绪廿年四月廿日亥时。专取亥宫一点壬水,与午宫阳刃相制成格,贵必就武,胎元壬 申,壬水通源,庚禄相生,",,,
庚寅 壬午 丙戌 己亥,穷通宝鉴,穷通宝鉴 · 第29章 五月丙火 · 原文,调优组,夏,丙,是,,," 此命水土破格,难作炎上,取壬水、庚金,亦主贵。 徐乐吾曰:此庚壬并透也,壬水为用,庚金为佐。 ",,,
戊申 戊午 丙辰 甲午,穷通宝鉴,穷通宝鉴 · 第29章 五月丙火 · 原文,调优组,夏,丙,是,,是," 火土混杂,取甲木制土,用壬制火。一榜,位至府尹。 徐乐吾曰:丙火坐辰,土厚而不燥,甲木方能制土。甲木制土,而以申宫壬水",,,
乙亥 壬午 丙午 庚寅,穷通宝鉴,穷通宝鉴 · 第29章 五月丙火 · 原文,调优组,夏,丙,是,,," 徐乐吾曰:孙发绪命,光绪元年五月初十日寅时。专用壬水,庚金为佐,大贵位至省长。 ",,,
乙亥 壬午 丙午 乙未,穷通宝鉴,穷通宝鉴 · 第29章 五月丙火 · 原文,调优组,夏,丙,是,,," 徐乐吾曰:夏剑丞命,光绪元年五月初十日未时。专用壬水,惜无庚金佐之,地支无申,亥宫虽壬水得禄, 甲木泄气,见上总论,科",,,
丙子 甲午 丙午 庚寅,穷通宝鉴,穷通宝鉴 · 第29章 五月丙火 · 原文,调优组,夏,丙,是,,," 徐乐吾曰:张国淦命,光绪二年五月十六日寅时。庚癸遥隔,子水为旺火所冲,然有庚相生,姑用癸水,特 不能再行子运,位至总长",,,
己丑 庚午 丙辰 壬辰,穷通宝鉴,穷通宝鉴 · 第29章 五月丙火 · 原文,调优组,夏,丙,是,是,," 徐乐吾曰:袁祖铭命,光绪十五年五月十一日辰时。庚壬两透,贵为贵州督军。 三夏丙火总论 三夏丙火,阳威性烈,专用壬水。亥",,,
戊午 己未 丙午 己亥,穷通宝鉴,穷通宝鉴 · 第30章 六月丙火 · 原文,调优组,夏,丙,是,,是," 名火土用印格,土泄火神,亥有壬甲,早岁贫苦,行北运,家富千金,死于寅运。 徐乐吾曰:火土伤官,泄气太重,故不取贵",,,
丁丑 丁未 丙午 己丑,穷通宝鉴,穷通宝鉴 · 第30章 六月丙火 · 原文,调优组,夏,丙,是,是,," 徐乐吾曰:蒋孟萍命,光绪三年六月廿二日丑时。无壬,专用己土,富而不贵。 三夏丙火总论 三夏丙火,阳威性烈,专用壬水。亥",,,
戊戌 己未 丙戌 乙未,穷通宝鉴,穷通宝鉴 · 第33章 九月丙火 · 原文,调优组,夏,丙,是,,是,"。丙火不旺而旱燥,乃离乡出世之命,柱无庚辛壬癸救济,终为贫夭也。 或支成火局,炎上失时,若运入南方,一贫撤骨。 徐乐吾曰",,,
甲申 乙亥 丙戌 庚寅,穷通宝鉴,穷通宝鉴 · 第34章 十月丙火 · 原文,调优组,冬,丙,是,是,," 庚甲两透,戊土得位,廉使。 徐乐吾曰:虽生于十月,印旺身强,以庚金财生官为用。戊土旺于戌,故云戊土得位。 ",,,
壬辰 辛亥 丙戌 戊子,穷通宝鉴,穷通宝鉴 · 第34章 十月丙火 · 原文,调优组,冬,丙,是,是,," 孝廉。 徐乐吾曰:此造身弱,以戊土制水为用,丙火通根身库,壬水出干,得甲木则贵,身煞非旺而用戊土,喜用 均不得令,平常",,,
丙戌 己亥 丙子 壬辰,穷通宝鉴,穷通宝鉴 · 第34章 十月丙火 · 原文,调优组,冬,丙,是,,,",亦是己土混壬,反生甲木,好在丙火透干,太阳普照,甲木得其生助,格外有力。故 同一用印,辅佐配合,大相悬殊,格局高下,洵",,,
壬申 辛亥 丙午 庚寅,穷通宝鉴,穷通宝鉴 · 第34章 十月丙火 · 原文,调优组,冬,丙,是,,," 徐乐吾曰:左文龙公宗棠命,嘉庆十七年十月初七日寅时。丙午日坐阳刃,壬煞临生得禄,煞刃两停,取寅 宫甲木为用,早年壬子、",,,
壬申 辛亥 丙寅 庚寅,穷通宝鉴,穷通宝鉴 · 第34章 十月丙火 · 原文,调优组,冬,丙,是,,," 徐乐吾曰:徐宗瀛命,嘉庆十七年十月廿七寅时。壬水当旺,更得财生,取寅宫甲木为用,位至总督。",,,
辛酉 庚子 丙辰 己丑,穷通宝鉴,穷通宝鉴 · 第35章 十一月丙火 · 原文,调优组,冬,丙,是,,," 徐乐吾曰:唐绍仪命,咸丰十一年十二月初三日丑时。仲冬丙火,不能无丙甲,此造子酉夹戌亥,辰丑夹寅 卯,卯戌寅亥相合,成暗",,,
辛未 庚子 丙戌 甲午,穷通宝鉴,穷通宝鉴 · 第35章 十一月丙火 · 原文,调优组,冬,丙,是,,是," 徐乐吾曰:名医夏应堂命,同治十年十月廿九日午时。寒日为温,虽见午戌会局,仍用甲木。运行乙木甲 木,名重一时,殁于癸运。",,,
庚辰 戊子 丙子 庚寅,穷通宝鉴,穷通宝鉴 · 第35章 十一月丙火 · 原文,调优组,冬,丙,是,,," 徐乐吾曰:谈丹崖命,光绪六年十一月十二日寅时。专到寅宫甲木为用,丙火见戊土晦光,则不贵,戊土制 水生财,使甲木得尽生扶",,,
甲子 丙子 丙寅 丙申,穷通宝鉴,穷通宝鉴 · 第35章 十一月丙火 · 原文,调优组,冬,丙,是,,," 徐乐吾曰:盐商周湘舱命,同治三年十一月廿九日申时。专用甲木,更有丙火为助,然富重贵轻者,则以无 壬水辅映光辉,清气不足",,,
癸未 甲子 丙戌 辛卯,穷通宝鉴,穷通宝鉴 · 第35章 十一月丙火 · 原文,调优组,冬,丙,是,,," 徐乐吾曰:张鸿志命,光绪九年十一月初九日卯时。无壬用癸,官星乘旺秉令,更得甲木生助,惜丙辛一 合,日元恋财而不向官印,",,,
乙巳 己丑 丙申 癸巳,穷通宝鉴,穷通宝鉴 · 第36章 十二月丙火 · 原文,调优组,冬,丙,是,,," 用辛得金局,白手成家。 徐乐吾曰:丙临申位,气势不足,幸年时两巳得禄,丙火得禄,巳丑会局,火土伤官用财,商界人物",,,
戊戌 乙丑 丙辰 戊戌,穷通宝鉴,穷通宝鉴 · 第36章 十二月丙火 · 原文,调优组,冬,丙,是,,是," 徐乐吾曰:陶澍命,乾隆四十三年十一月三十日戌时。土重而实,格成稼穑,生于大寒前三日,天寒地冻, 喜冬日温和,以乙木为用",,,
甲午 己巳 丁丑 乙巳,穷通宝鉴,穷通宝鉴 · 第40章 四月丁火 · 原文,调优组,夏,丁,是,,," 词林。 徐乐吾曰:用甲木引丁,木火通明,故有词林之贵,用神虽在丑宫金水,设无甲木,枯木逢春局,即不足取 矣。 ",,,
辛酉 癸巳 丁巳 乙巳,穷通宝鉴,穷通宝鉴 · 第40章 四月丁火 · 原文,调优组,夏,丁,是,,," 此火长夏天金叠叠格,官御史。 徐乐吾曰:巳酉会局化财,以财滋弱杀为用,故贵。若火长夏天金叠叠,专用财星,乃富而非贵格也",,,
乙亥 辛巳 丁丑 壬寅,穷通宝鉴,穷通宝鉴 · 第40章 四月丁火 · 原文,调优组,夏,丁,是,,," 徐乐吾曰:木永谟命,光绪元年四月十一日寅时。专用官星,加临天乙,位至省长。 ",,,
壬辰 乙巳 丁卯 丙午,穷通宝鉴,穷通宝鉴 · 第40章 四月丁火 · 原文,调优组,夏,丁,是,,," 徐乐吾曰:胡景翼命,光绪十八年五月十日午时。专用官星,得胎元申宫生之,天干乙丙丁,支聚卯巳午, 上下三奇,卯辰巳午联珠",,,
癸巳 丁巳 丁卯 丙午,穷通宝鉴,穷通宝鉴 · 第40章 四月丁火 · 原文,调优组,夏,丁,是,,," 徐乐吾曰:朱家骅命,光绪十九年四月十五日午时。无壬用癸,胎元申宫,官得财生,支聚三奇为贵,位至 总长,省主席。 ",,,
丁酉 乙巳 丁亥 甲辰,穷通宝鉴,穷通宝鉴 · 第40章 四月丁火 · 原文,调优组,夏,丁,是,,," 徐乐吾曰:周佛海命,光绪廿三年四月廿八日辰时。巳酉会局,取亥宫官贵为用,喜天干甲木引丁,位至部 长。",,,
丙子 甲午 丁卯 壬寅,穷通宝鉴,穷通宝鉴 · 第41章 五月丁火 · 原文,调优组,夏,丁,是,,,",四柱无财,孤官无辅,壬子之水,气泄于木,格局变为从旺,运行戊戌己十五年,土 旺泄火大得意,至子运而起不测之灾。《滴天髓",,,
庚午 壬午 丁亥 戊申,穷通宝鉴,穷通宝鉴 · 第41章 五月丁火 · 原文,调优组,夏,丁,是,,," 此建禄、会禄,化合不成,财官透天,但不宜带合争财,大富寿长,不免刑克。 徐乐吾曰:太岁月建会禄,丁壬合而不化,通根亥禄",,,
丙寅 甲午 丁丑 乙巳,穷通宝鉴,穷通宝鉴 · 第41章 五月丁火 · 原文,调优组,夏,丁,是,,是," 甲透庚得所,富贵极品。 徐乐吾曰:巳丑相合,丑宫金水,庚金暗藏也,亦以甲木引丁为用。运行西北为贵,巳宫庚金长生,巳与丑",,,
丙子 甲午 丁酉 癸卯,穷通宝鉴,穷通宝鉴 · 第41章 五月丁火 · 原文,调优组,夏,丁,是,,," 煞印相生,大贵。名垂青史,用甲木,行巳运,尽节死。 徐乐吾曰:此明代杨椒山继盛命造也。煞印相生,好在癸水得禄于子,更有",,,
壬子 丁未 丁巳 丁未,穷通宝鉴,穷通宝鉴 · 第42章 六月丁火 · 原文,调优组,夏,丁,是,,是,",丁多散壬水,亦怯弱无 能,妻子主事,年月日时皆丁未,四柱纯洁,土旺泄弱丁火,虽干支一气,不足取也,壬子一造,三丁争合 ",,,
丙戌 癸巳 戊午 丁巳,穷通宝鉴,穷通宝鉴 · 第50章 四月戊土 · 原文,调优组,夏,戊,是,,是,",化火得时,大贵之格。 或支成金局,干出癸水,此为奇格。正是土润金生,即不为桃浪之客,定有异路恩荣。 徐乐吾曰:巳宫庚金",,,
辛未 甲午 戊寅 壬子,穷通宝鉴,穷通宝鉴 · 第51章 五月戊土 · 原文,调优组,夏,戊,是,,是,",壬甲两透,印旺杀高,出将入相,名播四夷。 徐乐吾曰:此言财滋弱煞为用,壬水至巳午月绝地,得辛以生之,为壬水之源,格局愈",,,
己未 庚午 戊戌 壬子,穷通宝鉴,穷通宝鉴 · 第51章 五月戊土 · 原文,调优组,夏,戊,是,,," 徐乐吾曰:程壁光命,咸丰九年五月廿九日子时。午戌会局,得壬水出干,更有庚金生之,用财破印,虽不 见申,富贵声名洋溢是也",,,
己巳 辛未 戊子 癸丑,穷通宝鉴,穷通宝鉴 · 第52章 六月戊土 · 原文,调优组,夏,戊,是,,是,"用巳中丙火,因二癸争合,好色忘名,不过一富。 徐乐吾曰:此造金水气旺,三伏生寒,故用丙火,伤官生财格局,而以佩印为用也,",,,
庚子 癸未 戊子 丁巳,穷通宝鉴,穷通宝鉴 · 第52章 六月戊土 · 原文,调优组,夏,戊,是,,,"假伤官格,学博,子大贵。 徐乐吾曰:假伤官格,食神生财而财旺,宜用印劫,日禄归时,帮身为喜。时为子位,故子贵。 ",,,
己亥 丙子 戊戌 庚申,穷通宝鉴,穷通宝鉴 · 第57章 十一、十二月戊土 · 原文,调优组,冬,戊,是,,,"专用丙火,官拜侍郎。 徐乐吾曰:专食合禄格,专用丙火,运至东南可发(详十月壬申造)。 ",,,
丙子 辛丑 戊子 癸丑,穷通宝鉴,穷通宝鉴 · 第57章 十一、十二月戊土 · 原文,调优组,冬,戊,是,,," 徐乐吾曰:彭刚直公玉麟命,嘉庆二十一年十二月十四日丑时。丑宫辛癸并透,又见丙火出干,同宫聚气, 而得丙火真神为用,宜为",,,
乙丑 辛巳 己巳 庚午,穷通宝鉴,穷通宝鉴 · 第61章 四五六月己土 · 原文,调优组,夏,己,是,,,"辛生丑宫,壬申胎元,不为旱田,位至方伯。 徐乐吾曰:丑宫藏癸水,有水润泽,不为旱田,辛金为用。 ",,,
乙酉 辛巳 己酉 乙亥,穷通宝鉴,穷通宝鉴 · 第61章 四五六月己土 · 原文,调优组,夏,己,是,,是,"金生亥壬,位至太守。 徐乐吾曰:以上三造,同以胎元壬申为用,三夏己土,除六月土盛见金结局,必然富贵外,四五两月,均不 可",,,
丙申 癸巳 己亥 乙亥,穷通宝鉴,穷通宝鉴 · 第61章 四五六月己土 · 原文,调优组,夏,己,是,,,"丙癸俱全,财旺生扶,一品夫人。 徐乐吾曰:女命,乙木为用,喜得财印并透,乙木坐亥,财旺生官,夫星得生扶也。好在丙癸两透,",,,
壬戌 乙巳 己巳 丙寅,穷通宝鉴,穷通宝鉴 · 第61章 四五六月己土 · 原文,调优组,夏,己,是,,," 徐乐吾曰:李鼎新命,同治元年四月十七日寅时。壬丙并透,专用壬水,喜胎元丙申,壬水通根,位至海军 总长。 ",,,
己丑 庚午 己巳 乙亥,穷通宝鉴,穷通宝鉴 · 第61章 四五六月己土 · 原文,调优组,夏,己,是,,," 徐乐吾曰:邓锡候命,光绪十五年五月廿四日亥时。庚透壬藏,用壬水,位至军长,富贵兼全之命。 ",,,
丁亥 丁未 己卯 戊辰,穷通宝鉴,穷通宝鉴 · 第61章 四五六月己土 · 原文,调优组,夏,己,是,是,是,"壬透两全,勾陈得位,官至都督。 徐乐吾曰:此造亥卯未会局,时见戊辰,身强煞旺,六月土燥木枯,喜用壬癸水,财生煞旺为用,故",,,
戊辰 癸亥 己卯 甲子,穷通宝鉴,穷通宝鉴 · 第63章 十十一十二月己土 · 原文,调优组,冬,己,是,,是,"布政。 徐乐吾曰:上列三造,皆才官格,土重取甲木疏土,以财生官为用。乙巳一造,又藏丙火,土得温暖,位至 大学士,甲午造,",,,
乙酉 丁亥 己卯 庚午,穷通宝鉴,穷通宝鉴 · 第63章 十十一十二月己土 · 原文,调优组,冬,己,是,是,是," 徐乐吾曰:陈树藩命,光绪十一年十月十四日午时。亥卯结局,透乙,丁火暖之,庚金制之,丁己同禄于 午,身强敌煞,固可以制化",,,
辛巳 辛丑 己卯 乙亥,穷通宝鉴,穷通宝鉴 · 第63章 十十一十二月己土 · 原文,调优组,冬,己,是,,是,"丙甲得位,位至尚书。 徐乐吾曰:此造丑宫己辛并透,同宫聚气,巳中丙火得禄,暖土为用。亥卯结局以生丙火,四柱无一闲神, 此",,,
丁丑 癸丑 己酉 戊辰,穷通宝鉴,穷通宝鉴 · 第63章 十十一十二月己土 · 原文,调优组,冬,己,是,,是,"金旺用丁,丁透,官拜侍郎。 徐乐吾曰:此造丑中己癸透,酉丑结局,泄己土之气,用丁火制金以暖土。 ",,,
壬午 癸丑 己丑 戊辰,穷通宝鉴,穷通宝鉴 · 第63章 十十一十二月己土 · 原文,调优组,冬,己,是,是,是,"大富。 徐乐吾曰:此造身旺用财,丁火藏午,土得暖气,己癸聚丑,财星有情,天干比劫争财,时上引归财库,巨 富之格,惟恐子息",,,
癸丑 丁巳 庚子 丁亥,穷通宝鉴,穷通宝鉴 · 第68章 四月庚金 · 原文,调优组,夏,庚,是,,,"秀才,大富,五子皆贵。 徐乐吾曰:巳丑会局,庚金转旺,可用丁火,但重官不贵,又见癸伤,宜其富而非贵,水至亥临官,五子呈 ",,,
己卯 己巳 庚申 辛巳,穷通宝鉴,穷通宝鉴 · 第68章 四月庚金 · 原文,调优组,夏,庚,是,,," 徐乐吾曰:李根源命,光绪五年四月十七日巳时。专用丙火,喜申宫有壬水制之,惜壬丙皆藏,支又值三 刑,屡掌兵柄,又长农商,",,,
壬申 丙午 庚午 甲申,穷通宝鉴,穷通宝鉴 · 第69章 五月庚金 · 原文,调优组,夏,庚,是,,," 徐乐吾曰:何桂清命,嘉庆十七年四月廿八日申时。年时两申,庚金得禄,丙火煞旺,专取食神制煞为用, 翰林出身,官至两江总督",,,
壬午 丙午 庚寅 庚辰,穷通宝鉴,穷通宝鉴 · 第69章 五月庚金 · 原文,调优组,夏,庚,是,,," 徐乐吾曰:张叙忠命,光绪八年五月初五日辰时。时逢庚辰,日元不弱,寅午会局,专取壬制为用。",,,
丙辰 乙未 庚申 丁亥,穷通宝鉴,穷通宝鉴 · 第70章 六月庚金 · 原文,调优组,夏,庚,是,,,"丁透甲藏,早年得志,一榜,巨富,少兄弟。 徐乐吾曰:庚申日元专禄,壬水润土生金,庚金极旺,丙丁并透,官煞混杂,不能专用财",,,
丙午 乙未 庚寅 壬午,穷通宝鉴,穷通宝鉴 · 第70章 六月庚金 · 原文,调优组,夏,庚,是,,,"壬透制火,县令,大有才干。 徐乐吾曰:此造与五月文中乙未一造相似。壬水虽无根,而能润土,庚金临绝地而不从,当作胞胎格看,",,,
丙辰 乙未 庚辰 癸未,穷通宝鉴,穷通宝鉴 · 第70章 六月庚金 · 原文,调优组,夏,庚,是,,,"一丙二丁,取癸制煞,为役起家。 徐乐吾曰:庚辰坐印,土润生金,乙从庚合,癸水制杀为用。生于六月,火有余气,水临绝地,仍宜",,,
庚午 癸未 庚申 丁亥,穷通宝鉴,穷通宝鉴 · 第70章 六月庚金 · 原文,调优组,夏,庚,是,,," 徐乐吾曰:熊希龄命,同治九年六月廿五日亥时。丁透甲藏,专用丁火,癸水伤丁为病,至戊运去伤,位至 总揆,有名流之举。",,,
丁亥 辛亥 庚子 壬午,穷通宝鉴,穷通宝鉴 · 第74章 十月庚金 · 原文,调优组,冬,庚,是,,,"甲丁俱全,二丁得所,廉访。 徐乐吾曰:此为金水伤官,喜见官星,以午中丁火为用也。 ",,,
壬辰 辛亥 庚辰 丙子,穷通宝鉴,穷通宝鉴 · 第74章 十月庚金 · 原文,调优组,冬,庚,是,,,"女命,金清水秀,夫荣子贵,美而贤。 徐乐吾曰:此亦金水伤官,喜透丙火为用也。 ",,,
乙卯 戊子 庚寅 戊寅,穷通宝鉴,穷通宝鉴 · 第75章 十一月庚金 · 原文,调优组,冬,庚,是,,是,"甲丙得位,富中取贵。 徐乐吾曰:此取寅中甲丙,金水伤官在冬令,必取丙火,几如定律,特不可大旺,喧宾夺主耳。且用神喜其 透",,,
壬戌 壬子 庚子 丙子,穷通宝鉴,穷通宝鉴 · 第75章 十一月庚金 · 原文,调优组,冬,庚,是,,," 徐乐吾曰:曹锟命,同治元年十月廿一日子时。飞天禄马格,丙火出干,戌宫戊土得位,金水润下,专用丙 戊,运至丁巳为全盛时代",,,
庚辰 己丑 庚戌 癸未,穷通宝鉴,穷通宝鉴 · 第76章 十二月庚金 · 原文,调优组,冬,庚,是,,,"女命,夫妇白头,五子俱贵,大富家。 徐乐吾曰:此造支全四库,己土出干,喜有庚金比肩并透,土虽旺,生金而不埋金,荫庇甚优。",,,
丙子 甲午 辛亥 壬辰,穷通宝鉴,穷通宝鉴 · 第81章 五月辛金 · 原文,调优组,夏,辛,是,,,"用午宫己土,又透甲木,中书。 徐乐吾曰:伤宫并见,喜月逢甲午,甲木泄伤生官,己土化官扶身,配置反得中和,官印为用,贵虽不",,,
壬申 丁未 辛巳 戊子,穷通宝鉴,穷通宝鉴 · 第82章 六月辛金 · 原文,调优组,夏,辛,是,,," 徐乐吾曰:清德宗(光绪)命,同治十一年六月廿八日子时。相传为同治十年辛未,六月廿八日子时,嗣承 拂日楼主人见告,",,,
乙酉 丁亥 辛卯 戊子,穷通宝鉴,穷通宝鉴 · 第86章 十月辛金 · 原文,调优组,冬,辛,是,,是," 徐乐吾曰:马占山命,光绪十一年十月廿六日子时。用壬水,取丁火温金暖水,贵而就武,总领师旅,昔年 在东北抗战得名。",,,
丁亥 壬子 辛丑 丁酉,穷通宝鉴,穷通宝鉴 · 第87章 十一月辛金 · 原文,调优组,冬,辛,是,,是,"进士,未尝出仕。 徐乐吾曰:此造支成金局,用丁,惜甲不透,虽有亥宫甲木,而湿木无焰,科甲不仕。 ",,,
壬申 壬子 辛亥 癸巳,穷通宝鉴,穷通宝鉴 · 第87章 十一月辛金 · 原文,调优组,冬,辛,是,,是," 徐乐吾曰:傅传宗耀命,同治十一年十二月初一日巳时。支成水局,两壬出干,以旺水泄衰金,水旺金沉, 金水汪洋,融成一片,格",,,
壬申 壬子 辛亥 甲午,穷通宝鉴,穷通宝鉴 · 第87章 十一月辛金 · 原文,调优组,冬,辛,是,,," 徐乐吾曰:李安如命,同治十一年十二月初一日午时。与傅造相差一时,壬多无戊无丙,用甲木泄壬水之 气,午宫丁己不透,又为亥",,,
癸酉 甲子 辛亥 丁酉,穷通宝鉴,穷通宝鉴 · 第87章 十一月辛金 · 原文,调优组,冬,辛,是,,," 徐乐吾曰:严家炽命,同治十二年十一月初六日酉时。年时二酉,义同金局,原名丁甲并透,甲引丁,可许 科甲,见上支成金局节。",,,
丁丑 癸丑 辛卯 戊子,穷通宝鉴,穷通宝鉴 · 第88章 十二月辛金 · 原文,调优组,冬,辛,是,,是,"用丁火,按察。 徐乐吾曰:冻木阴火,又有癸水出干制之,乙丁决不能用,必以土金水成象,顺其气势为用也。 ",,,
乙卯 己丑 辛未 丁酉,穷通宝鉴,穷通宝鉴 · 第88章 十二月辛金 · 原文,调优组,冬,辛,是,,,"先贫后富,且寿。 徐乐吾曰:此造支成金局木局,己辛出干而缺癸水,辛金不秀,故不贵。丁火为用,力亦微薄,无丙不贵。 先贫后",,,
乙未 己丑 辛亥 丙申,穷通宝鉴,穷通宝鉴 · 第88章 十二月辛金 · 原文,调优组,冬,辛,是,,," 徐乐吾曰:冯铨命,明万历廿四年。丙辛不能化水,专用丙火,并取亥宫壬水泄秀,甲木破土,科甲出身, 谄附魏阉,入清仕至侍郎",,,
丙辰 癸巳 壬辰 壬寅,穷通宝鉴,穷通宝鉴 · 第93章 四月壬水 · 原文,调优组,夏,壬,是,,,"土木交锋,孤贫一世。 徐乐吾曰:壬水通根身库,干有比劫相助,财滋弱煞为用。而寅中有甲木制煞,寅巳相刑,用神受损,故云 土",,,
甲子 己巳 壬申 戊申,穷通宝鉴,穷通宝鉴 · 第93章 四月壬水 · 原文,调优组,夏,壬,是,,,"武状元。 徐乐吾曰:此造支申子半水局,戊土出干,取食神制煞为用,己土合甲为病,喜壬申、癸酉之运助之,故贵 而就武。 ",,,
丁酉 丙午 壬寅 甲辰,穷通宝鉴,穷通宝鉴 · 第94章 五月壬水 · 原文,调优组,夏,壬,是,,,"太守。 徐乐吾曰:壬水通根辰库,酉中辛金生之,故可用财官也。 ",,,
辛未 甲午 壬辰 丙午,穷通宝鉴,穷通宝鉴 · 第94章 五月壬水 · 原文,调优组,夏,壬,是,是,," 徐乐吾曰:陈锦涛命,同治十年五月初三日午时。专用辛金,辰午夹巳,壬贵财禄同位,位至财政总长。总 以壬癸不透,格局不全,",,,
丁亥 丙午 壬寅 己酉,穷通宝鉴,穷通宝鉴 · 第94章 五月壬水 · 原文,调优组,夏,壬,是,,," 徐乐吾曰:伍朝枢命,光绪十三年病闰四月十五日酉时。专用比印,年逢亥禄,上承父荫,时逢酉金,地位 自高,寅午会局,",,,
壬子 丁未 壬子 辛亥,穷通宝鉴,穷通宝鉴 · 第95章 六月壬水 · 原文,调优组,夏,壬,是,,,"秀才,早年多困,盖壬本忌合,若行金运解合,可中。 徐乐吾曰:丁壬一合,羁绊用神,所谓“过于有情,志无远达”是也。 ",,,
戊子 己未 壬午 壬寅,穷通宝鉴,穷通宝鉴 · 第95章 六月壬水 · 原文,调优组,夏,壬,是,,," 徐乐吾曰:阚朝玺命,光绪十四年六月初二日寅时。戊己官煞混杂,柱无甲木,寅宫甲木泄于火,唯取胎元 庚戌,生助比劫为",,,
壬子 壬子 壬子 甲辰,穷通宝鉴,穷通宝鉴 · 第100章 十一月壬水 · 原文,调优组,冬,壬,是,,,"飞天禄马格,尚书。 徐乐吾曰:飞天禄马者,水木伤官之变,专取甲木为用,运喜东方,与润下格纯粹者理同,所谓独象喜行化 地是",,,
己丑 丁丑 壬午 辛亥,穷通宝鉴,穷通宝鉴 · 第101章 十二月壬水 · 原文,调优组,冬,壬,是,,," 徐乐吾曰:刘坤一命,道光九年十二月廿二日亥时。丑宫土金水同宫并透,用丁火,夜生者贵,参阅十二月 癸水雪夜灯光格,位至两",,,
庚寅 辛巳 癸丑 壬子,穷通宝鉴,穷通宝鉴 · 第105章 四月癸水 · 原文,调优组,夏,癸,是,,," 徐乐吾曰:邵元冲命,光绪十六年四月十四日子时。庚辛壬透,支聚子丑,惜年命逢寅,劫印化晋不纯,亦 以巳宫丙戊为用,位至陕",,,
癸巳 戊午 癸亥 丁巳,穷通宝鉴,穷通宝鉴 · 第106章 五月癸水 · 原文,调优组,夏,癸,是,,," 徐乐吾曰:蒋益澧命,道光十三年四月廿三日巳时。日坐亥宫,胎元己酉,专用印劫,位至巡抚。 ",,,
癸巳 戊午 癸巳 壬子,穷通宝鉴,穷通宝鉴 · 第106章 五月癸水 · 原文,调优组,夏,癸,是,是,," 徐乐吾曰:常之英命,光绪十九年五月十二日子时。专用壬水为救。年月戊癸暗化为财,午宫丁己,巳宫丙 戊,官煞混杂,虽有禄位",,,
己未 辛未 癸未 丙辰,穷通宝鉴,穷通宝鉴 · 第107章 六月癸水 · 原文,调优组,夏,癸,是,,,"生下半月,用辛,知州。 徐乐吾曰:癸水虽通根辰库,究嫌其弱,以辛金化煞为用,辛金无酉,亦嫌不得地而力弱。年月己辛,煞印 ",,,
甲申 丙子 癸亥 壬戌,穷通宝鉴,穷通宝鉴 · 第112章 十一月癸水 · 原文,调优组,冬,癸,是,,," 徐乐吾曰:邓文毅命,乾隆廿九年十一月十六日戌时。专用丙火,甲木为佐,喜原命金水相生,官至尚书。 ",,,
戊寅 甲子 癸丑 丁巳,穷通宝鉴,穷通宝鉴 · 第112章 十一月癸水 · 原文,调优组,冬,癸,是,,是," 徐乐吾曰:刘长佑命,嘉庆廿三年十一月十九日巳时。此造不用戊土,专取巳宫丙火解冻,官至巡抚。 ",,,
丙寅 庚子 癸未 癸丑,穷通宝鉴,穷通宝鉴 · 第112章 十一月癸水 · 原文,调优组,冬,癸,是,,," 徐乐吾曰:庄温宽命,同治五年十一月廿八日丑时。专用丙火,通根寅支,位至肃政史。 ",,,
甲戌 丙子 癸卯 壬戌,穷通宝鉴,穷通宝鉴 · 第112章 十一月癸水 · 原文,调优组,冬,癸,是,,," 徐乐吾曰:杜锡某命,同治十三年十一月初四日戌时。专用丙火,甲木为佐,位至海军总长。 ",,,
庚辰 戊子 癸未 戊午,穷通宝鉴,穷通宝鉴 · 第112章 十一月癸水 · 原文,调优组,冬,癸,是,,," 徐乐吾曰:金树仁命,光绪六年十一月十九日午时。支聚午未,两透戊土,癸水变旺为弱,专取庚金为用。 ",,,
己卯 丁丑 癸丑 乙卯,穷通宝鉴,穷通宝鉴 · 第113章 十二月癸水 · 原文,调优组,冬,癸,是,,是,",大寒节 后,日出辰初,生于卯时,天未明也,其贵征,非五行常理所能测也。 或支成水局,水寒不流,无丙者,四海为家,一生劳",,,
戊辰 乙丑 癸卯 庚申,穷通宝鉴,穷通宝鉴 · 第113章 十二月癸水 · 原文,调优组,冬,癸,是,,是,",乙庚化合,卯申相合,国学称博学大师是也。 或支成木局,泄水太过,残疾之人;得金出干辅救,必多灵变,可创立家业,亦以丙火",,,
庚申 戊寅 甲寅 丙寅,穷通宝鉴,穷通宝鉴 · 第2章 正月甲木 · 原文,调优组,春,甲,是,是,是,"一行金水运,发进士,或甲午日,庚午时,此人必富贵,但要好运相扶,不宜克制庚丁。 徐乐吾曰:上文言无金而贵,此言木旺见金,",,,
戊寅 甲寅 甲辰 乙亥,穷通宝鉴,穷通宝鉴 · 第2章 正月甲木 · 原文,调优组,春,甲,是,,,"孝廉 徐乐吾曰:按此造寅辰夹卯,亥暗会卯木,旺而不成格,以寅中丙火生财为用,支有亥水,辰藏癸水,气象 中和,惜丙火不透,",,,
甲申 丙寅 甲寅 庚午,穷通宝鉴,穷通宝鉴 · 第2章 正月甲木 · 原文,调优组,春,甲,是,,是,"茂才 徐乐吾曰:按此造庚金出干,无财相生,则庚金无力,大运双顺行南方,不过茂才而止。 三春甲木总论 春月之木,渐有生长之",,,
甲午 丁卯 甲寅 丁卯,穷通宝鉴,穷通宝鉴 · 第3章 二月甲木 · 原文,调优组,春,甲,是,,,"乏庚,富而不贵,运入西支方,大凶,幸两干不杂,木火通明,为人清雅,子多而贤。 徐乐吾曰:丁火为用,乏庚不贵,虽木火通明,",,,
丙寅 壬辰 甲子 庚午,穷通宝鉴,穷通宝鉴 · 第4章 三月甲木 · 原文,调优组,春,甲,是,,,"太守。 徐乐吾曰:按此造壬透去丙,子水去午,专用庚金,与上造理同。 ",,,
丙寅 壬辰 甲辰 丁卯,穷通宝鉴,穷通宝鉴 · 第4章 三月甲木 · 原文,调优组,春,甲,是,,,"此名用丁乏庚,常人也。 徐乐吾曰:此造月干透壬,丁壬之间,隔以甲木,印生身,身泄秀,丁火为用。 ",,,
壬午 甲辰 甲寅 戊辰,穷通宝鉴,穷通宝鉴 · 第4章 三月甲木 · 原文,调优组,春,甲,是,是,,"四柱木旺金缺,非僧道,即无子。 徐乐吾曰:寅辰夹卯刃,身旺用财,财露比盛,而午宫藏丁,远在年支,又为壬水所阻。不能为用,",,,
戊辰 丙辰 甲寅 甲子,穷通宝鉴,穷通宝鉴 · 第4章 三月甲木 · 原文,调优组,春,甲,是,,," 徐乐吾曰:相文敏命,乾隆十三年四月初一日子时。食神生财为用,官至大学士。 ",,,
己卯 戊辰 甲子 壬申,穷通宝鉴,穷通宝鉴 · 第4章 三月甲木 · 原文,调优组,春,甲,是,,是," 徐乐吾曰:于右任命,光绪五年三月二十日申时。生于清明后六日,乙木司令,义同二月,支成水局,戊透 则贵。 三春甲木总论 ",,,
戊子 庚申 乙丑 壬午,穷通宝鉴,穷通宝鉴 · 第7章 七月甲木 · 原文,调优组,秋,乙,是,,,",乙木生七月,壬戊庚并透,专用午中一点丁火也,详见《现代命鉴》。若原局癸水伤 丁,则难显达,虽运行火土,不过补救一二。盖",,,
乙未 甲申 甲子 乙亥,穷通宝鉴,穷通宝鉴 · 第7章 七月甲木 · 原文,调优组,秋,甲,是,,,"孝廉,辰运灾。 徐乐吾曰:此造子申会局,水旺庚金气泄,煞化为印,水木相生,木旺而无丁火泄其秀,非用财破印不可, 非佳造也",,,
丙午 丙申 甲寅 丁卯,穷通宝鉴,穷通宝鉴 · 第7章 七月甲木 · 原文,调优组,秋,甲,是,是,,"病在丙丁杂乱,故专用庚金,行戊运连捷,庚运转侍郎。 徐乐吾曰:此制过七煞,喜行财滋煞旺之运,身强煞旺而丁透,格局甚美也。",,,
丁酉 戊申 甲申 乙亥,穷通宝鉴,穷通宝鉴 · 第7章 七月甲木 · 原文,调优组,秋,甲,是,,," 徐乐吾曰:阿桂命,满州人,康熙五十六年八月初三日亥时。戊土制住壬水,庚煞之气不泄,专取丁火伤官 驾煞为用,运行南方,定",,,
庚寅 甲申 甲申 甲戌,穷通宝鉴,穷通宝鉴 · 第7章 七月甲木 · 原文,调优组,秋,甲,是,,," 徐乐吾曰:袁克文命,光绪十六年七月十六日戌时。独煞乘仅为贵,三甲朝元,用以年支寅禄为根,专恃上 荫可知,丁火不透,终为",,,
乙未 乙酉 甲子 丁卯,穷通宝鉴,穷通宝鉴 · 第8章 八月甲木 · 原文,调优组,秋,甲,是,,,"丁火高照,太守命。 徐乐吾曰:丁火高照者,言配合之美也。甲子坐印,官印相生,木有癸水滋扶,丁火高照,不伤官星,木得",,,
壬寅 己酉 甲戌 丙寅,穷通宝鉴,穷通宝鉴 · 第8章 八月甲木 · 原文,调优组,秋,甲,是,,," 徐乐吾曰:清宣宗(道光)命,乾隆四十七年八月初十日寅时。或云初八日寅时,作壬申、壬寅,未知孰 是,姑录之,以备参考。 ",,,
甲辰 甲戌 甲辰 甲戌,穷通宝鉴,穷通宝鉴 · 第9章 九月甲木 · 原文,调优组,秋,甲,是,,是,"富贵寿考,身伴君王,台阁之命。此为天元一气,又名一财一用,遇比用财,专取季 土。 徐乐吾曰:承上文,遇比用财,取官煞为护",,,
己丑 甲戌 甲子 甲子,穷通宝鉴,穷通宝鉴 · 第9章 九月甲木 · 原文,调优组,秋,甲,是,,," 乏庚,丁火入墓,无庚造就,早岁贫贱,晚景大发,但庸人耳。 徐乐吾曰:此造甲子坐印,树老根润,比肩多,夺用财星,乏庚克制",,,
己丑 甲戌 甲戌 甲子,穷通宝鉴,穷通宝鉴 · 第9章 九月甲木 · 原文,调优组,秋,甲,是,,," 两点丁火,一妻一子,稍有衣食,常人而已。 徐乐吾曰:此造与上造相差日支一字,皆以财为用,甲子活木,甲戌枯木,所差在有情",,,
丁亥 庚戌 甲子 庚午,穷通宝鉴,穷通宝鉴 · 第9章 九月甲木 · 原文,调优组,秋,甲,是,,," 徐乐吾曰:许崇智命,光绪十三年九月初十日子时。喜一丁一庚,相制成格。 三秋甲木总论 三秋甲木,木性枯槁。金土乘旺,先丁",,,
甲寅 丙寅 乙卯 庚辰,穷通宝鉴,穷通宝鉴 · 第13章 正月乙木 · 原文,调优组,春,乙,是,,是,"丙透癸藏,官至御史。 徐乐吾曰:辰藏癸水 ,乙木不燥,丙火伤官为用,时上庚金为病,喜其去病为贵也。若无丙火,则与明",,,
辛亥 庚寅 乙未 己卯,穷通宝鉴,穷通宝鉴 · 第13章 正月乙木 · 原文,调优组,春,乙,是,,是," 徐乐吾曰:明思宗(崇祯)命,明万历三十八年十二月廿四日卯时。生于立春后两日,初春之木,寒气犹 凝,丙火不透,木无生意,",,,
己卯 丙寅 乙卯 庚辰,穷通宝鉴,穷通宝鉴 · 第13章 正月乙木 · 原文,调优组,春,乙,是,,," 徐乐吾曰:董其昌命,乙木皆喜丙癸为用,此造独以财官取贵,则以地支成方故也,方与局不同,局之气专 一而纯,喜得丙癸以成曲",,,
丙午 庚寅 乙酉 庚辰,穷通宝鉴,穷通宝鉴 · 第13章 正月乙木 · 原文,调优组,春,乙,是,,," 徐乐吾曰:张人俊命,道光廿六年正月廿九日辰时。乙庚辰酉相合,生于寅月,返本还原,丙火出干,制去 一庚,专取时上官星,官",,,
戊午 甲寅 乙酉 己卯,穷通宝鉴,穷通宝鉴 · 第13章 正月乙木 · 原文,调优组,春,乙,是,,," 徐乐吾曰:蓝定枢命,咸丰八年正月初八日卯时。生于雨水后六日,寅午会局,酉金被制,以财为用。 ",,,
丁亥 壬寅 乙卯 壬午,穷通宝鉴,穷通宝鉴 · 第13章 正月乙木 · 原文,调优组,春,乙,是,,,"。 徐乐吾曰:魏益三命,光绪十三年正月廿七日午时。生于雨水后六日,丁壬相合,专用丙火,惜无癸水,贵 有不足。 ",,,
丁酉 壬寅 乙巳 乙酉,穷通宝鉴,穷通宝鉴 · 第13章 正月乙木 · 原文,调优组,春,乙,是,,是," 徐乐吾曰:卫立煌命,光绪廿三年正月十五日酉时。丙火制煞为用。 三春乙木总论 三春乙木,为芝兰桃李之木,丙癸不可离也。春",,,
丙子 辛卯 乙卯 丙子,穷通宝鉴,穷通宝鉴 · 第14章 二月乙木 · 原文,调优组,春,乙,是,,,"一造,辛金无根,支无财生,浮露之金,见丙火而去。若支见金,即无去法,破格必 矣。 二月乙木,专用丙癸,用丙者,木妻火子,",,,
壬午 癸卯 乙丑 己卯,穷通宝鉴,穷通宝鉴 · 第14章 二月乙木 · 原文,调优组,春,乙,是,,,"此乃夹禄格,贵小富大,白手成家,但子女多刑。 徐乐吾曰:丑卯寅为按木以临官为禄,木以临官为禄,不论甲乙,此造丑卯夹寅,故",,,
己未 丁卯 乙丑 丁亥,穷通宝鉴,穷通宝鉴 · 第14章 二月乙木 · 原文,调优组,春,乙,是,,," 用丑中癸水,奈支成木局,木盛水缩,初行甲乙运灾讼连绵,癸亥壬戌运,用神生旺,连捷。 徐乐吾曰:此造丁己出干,而日时亥丑",,,
己亥 丁卯 乙未 己卯,穷通宝鉴,穷通宝鉴 · 第14章 二月乙木 · 原文,调优组,春,乙,是,,是," 徐乐吾曰:吴经熊命,光绪廿五年二月十七日卯时。曲直仁寿格,癸丙两无,得丁火泄木之秀,木火通明, 文明之象,为当世名法家",,,
庚午 庚辰 乙酉 丁亥,穷通宝鉴,穷通宝鉴 · 第15章 三月乙木 · 原文,调优组,春,乙,是,,,"此作从化格,化合而不逢时,一富翁耳,子肖。 徐乐吾曰:乙从庚合,辰从酉合,不能不化。时上丁火独透,取丁火破庚为用,子肖且",,,
甲寅 戊辰 乙亥 丙子,穷通宝鉴,穷通宝鉴 · 第15章 三月乙木 · 原文,调优组,春,乙,是,,,"(贵人诀运:六乙鼠贵格),一火高透,戊土制水,官至按院。 徐乐吾曰:子辰水局,年月甲木破戊,时上子水得力,正合六乙鼠贵,",,,
辛巳 壬辰 乙亥 壬午,穷通宝鉴,穷通宝鉴 · 第15章 三月乙木 · 原文,调优组,春,乙,是,,是," 徐乐吾曰:陈陶遗命,光绪七年三月十三日午时。两壬出干,兼有辛金相生,春水汪洋,喜巳宫戊土制水, 专用午中丁火,至丁运,",,,
戊午 庚申 乙丑 戊寅,穷通宝鉴,穷通宝鉴 · 第19章 七月乙木 · 原文,调优组,秋,乙,是,,,"知县,化格,妻贤子肖。 徐乐吾曰:此造乙庚化金,而年时寅时,逆其旺气,乃假化非真化也。土为用神,丑宫金水助旺去忌,故妻 ",,,
癸酉 辛酉 乙丑 辛巳,穷通宝鉴,穷通宝鉴 · 第20章 八月乙木 · 原文,调优组,秋,乙,是,,," 徐乐吾曰:许世英命,同治十二年七月十九日巳时。癸透丙藏,用丙火,运行南方为贵,惜无丁火,制煞之 力不足也。 ",,,
乙亥 乙酉 乙亥 乙酉,穷通宝鉴,穷通宝鉴 · 第20章 八月乙木 · 原文,调优组,秋,乙,是,,," 徐乐吾曰:张弧命,光绪元年八月十一日酉时。夹邱格,无癸,姑用壬水,天干一气,地支两清,位至财政 部长,卒於丁丑年,寿六",,,
戊子 辛酉 乙未 丙子,穷通宝鉴,穷通宝鉴 · 第20章 八月乙木 · 原文,调优组,秋,乙,是,,是," 徐乐吾曰:商震命,光绪十四年八月十六日子时。丙辛并透不合,癸水暗藏,行丙运,贵为山西主席。 三秋乙木,金神司令,先丙后",,,
辛丑 戊戌 乙卯 癸未,穷通宝鉴,穷通宝鉴 · 第21章 九月乙木 · 原文,调优组,秋,乙,是,,,"辛癸两透,木局破戊,十二岁行酉运连捷,行癸运入阁,位至尚书。 徐乐吾曰:戊土制癸为病,木局破戊为药,亦以辛癸为用也。 ",,,
庚辰 丙戌 乙亥 庚辰,穷通宝鉴,穷通宝鉴 · 第21章 九月乙木 · 原文,调优组,秋,乙,是,,,"年透庚金,支见二辰,可作化合,巧中取贵,但化不逢时,不孤有刑,寿高五十。 徐乐吾曰:不但合化失时,且破格也。丙火伤官破庚",,,
丙寅 戊戌 乙亥 丁亥,穷通宝鉴,穷通宝鉴 · 第21章 九月乙木 · 原文,调优组,秋,乙,是,,," 徐乐吾曰:沈金鉴命,同治五年九月十九日亥时。生霜降后,寅亥合,木破戊,以食伤为用,甲辰运,出任 浙江省长。 ",,,
癸巳 壬戌 乙巳 戊寅,穷通宝鉴,穷通宝鉴 · 第21章 九月乙木 · 原文,调优组,秋,乙,是,,是," 徐乐吾曰:朱有卿命,光绪十九年九月廿六日寅时。财印交差,用壬癸水,宜金为通关,四柱无金,为其缺 点,运行辛酉、庚申,荫",,,
丙午 庚寅 丙午 庚寅,穷通宝鉴,穷通宝鉴 · 第25章 正月丙火 · 原文,调优组,春,丙,是,,," 两干不杂,按察 徐乐吾曰:时月两透庚金,两干不杂,格局取清而已。庚金无根,寅午会局,比肩出干,不能用财,乃炎上 失时,",,,
乙未 戊寅 丙申 辛卯,穷通宝鉴,穷通宝鉴 · 第25章 正月丙火 · 原文,调优组,春,丙,是,,," 木盛用庚,孤贫且夭。 徐乐吾曰:此造用庚辛金杂乱,丙火透辛而怯,辛丑不能扫乙,徒有伤克之情,一友人造。 ",,,
己未 丙寅 丙午 乙未,穷通宝鉴,穷通宝鉴 · 第25章 正月丙火 · 原文,调优组,春,丙,是,,," 假炎上格,秀才大富。 徐乐吾曰:此造假炎上,而丙火并不旺,年时两未,己土出干,似宜用己土泄火气。正月火土假伤官,非上 ",,,
己亥 丁卯 丙申 己亥,穷通宝鉴,穷通宝鉴 · 第26章 二月丙火 · 原文,调优组,春,丙,是,,," 申内有庚生水,武举,但子息惟艰。 徐乐吾曰:此两造丙临申位,庚壬藏支,亥卯会局,当以卯木正印为用。 ",,,
丁巳 癸卯 丙辰 癸巳,穷通宝鉴,穷通宝鉴 · 第26章 二月丙火 · 原文,调优组,春,丙,是,,," 徐乐吾曰:韩国钧命,咸丰七年三月初四日巳时。地支连茹,用官印,官居极品。 ",,,
乙亥 己卯 丙子 辛卯,穷通宝鉴,穷通宝鉴 · 第26章 二月丙火 · 原文,调优组,春,丙,是,是,," 徐乐吾曰:李景曦命,光绪元年二月初八日卯时。丙子辛卯相刑,有贪财坏印之嫌。此造妙在亥卯会局,透 乙太旺,宜用财损印,更",,,
庚辰 己卯 丙申 戊戌,穷通宝鉴,穷通宝鉴 · 第26章 二月丙火 · 原文,调优组,春,丙,是,,," 徐乐吾曰:黄郛命,光绪六年正月廿八日戌时。丙申日、戊戌时,夹丁酉,名连珠夹贵。丙临申位,戊己泄 气太重,以卯印为用,行",,,
丁亥 癸卯 丙戌 壬辰,穷通宝鉴,穷通宝鉴 · 第26章 二月丙火 · 原文,调优组,春,丙,是,,," 徐乐吾曰:朱庶祺命,光绪十三年二月廿八日辰时。壬水出干,亥卯会局,专用煞印,一旬三位,至浙江实 业厅长。 ",,,
己丑 丁卯 丙申 癸巳,穷通宝鉴,穷通宝鉴 · 第26章 二月丙火 · 原文,调优组,春,丙,是,,," 徐乐吾曰:李钦命,光绪十五年二月廿日巳时。申宫庚财生水,时上癸水透干,财官为用,位至湖北财政厅 长。 三春丙火总论 ",,,
丙戌 壬辰 丙申 丙申,穷通宝鉴,穷通宝鉴 · 第27章 三月丙火 · 原文,调优组,春,丙,是,是,是,"壬透无甲,支聚辰戌土局,如用申中庚金泄土生壬,为财来党煞克身,非徒无益,反有 害矣。非甲不能化壬生丙,用甲为辅,忌庚出制",,,
辛卯 壬辰 丙戌 癸巳,穷通宝鉴,穷通宝鉴 · 第27章 三月丙火 · 原文,调优组,春,丙,是,,," 明经。 徐乐吾曰:壬透无甲,而时归巳禄,取辛金佐壬为用,惟嫌官煞混杂耳。此两造皆壬透而无甲,日元虽旺, 仍当以辰",,,
戊子 丙辰 丙辰 戊子,穷通宝鉴,穷通宝鉴 · 第27章 三月丙火 · 原文,调优组,春,丙,是,,," 徐乐吾曰:刘鸿生命,光绪十四年三月初五日子时。子辰会局,名为照象,戊土出干而无甲木,富而不贵, 为著名实业家。 三春丙",,,
壬戌 戊申 丙申 壬辰,穷通宝鉴,穷通宝鉴 · 第31章 七月丙火 · 原文,调优组,秋,丙,是,是,," 二壬出干,有戊出制,太史 徐乐吾曰:此造优待考量,虽云七煞有制,而丙临申位,生于申月,身弱极矣,能否用戊,为一问题。行",,,
乙未 甲申 丙申 庚寅,穷通宝鉴,穷通宝鉴 · 第31章 七月丙火 · 原文,调优组,秋,丙,是,,," 财资七煞格,参政。 徐乐吾曰:此为七月丙火之正格,虽两申冲寅,两干透甲乙,有印相生,日元不弱,以财生煞为用。 ",,,
丙申 丙申 丙午 丙申,穷通宝鉴,穷通宝鉴 · 第31章 七月丙火 · 原文,调优组,秋,丙,是,,," 徐乐吾曰:刘铭传命,道光十六年七月廿五日申时。煞刃格,入元有气,用财生煞,位至总督。 ",,,
戊寅 庚申 丙寅 庚寅,穷通宝鉴,穷通宝鉴 · 第31章 七月丙火 · 原文,调优组,秋,丙,是,,," 徐乐吾曰:金润泉命,光绪四年七月十八日寅时。用食神生财,富格。 ",,,
乙酉 甲申 丙辰 甲午,穷通宝鉴,穷通宝鉴 · 第31章 七月丙火 · 原文,调优组,秋,丙,是,是,," 徐乐吾曰:钱新之命,光绪十一年七月廿日午时。此造疑是癸巳时,巳申相合,戊土制煞,专用庚金,身旺 任财,位至银行经理,若",,,
戊子 辛酉 丙申 己丑,穷通宝鉴,穷通宝鉴 · 第32章 八月丙火 · 原文,调优组,秋,丙,是,是,,"是也。丙火无气,非原命印比帮助身旺,不能用财官。或见丁出干,助丙制辛,不能言 从。酉宫为丙火死地,金神当旺,丁火长生,阳",,,
丙子 丁酉 丙午 丁酉,穷通宝鉴,穷通宝鉴 · 第32章 八月丙火 · 原文,调优组,秋,丙,是,,," 两间不杂,财资七煞格,出将入相,生子时,不贵。 徐乐吾曰:八月酉金秉令,财资子水官星,以官制刃护财,官刃为用,出",,,
丙寅 丁酉 丙辰 丁酉,穷通宝鉴,穷通宝鉴 · 第32章 八月丙火 · 原文,调优组,秋,丙,是,,," 两间不杂,位至尚书。 徐乐吾曰:此造专用财星,好在日元坐辰,冠带之地,丙火有气,食神通财刃之气,更喜年逢丙寅,丙火长 ",,,
己卯 癸酉 丙子 戊子,穷通宝鉴,穷通宝鉴 · 第32章 八月丙火 · 原文,调优组,秋,丙,是,,," 伤官生财格,参戎,但阴刑杀重,卯运阵亡。 徐乐吾曰:癸水官星,为己土伤官所克,故用伤官生财,而不用财官也。但丙火全恃卯",,,
丁酉 己酉 丙申 丁酉,穷通宝鉴,穷通宝鉴 · 第32章 八月丙火 · 原文,调优组,秋,丙,是,是,," 财滋七煞,故专用壬水,惜二丁出干,财神不显,迂儒秀才,刑而且孤。 徐乐吾曰:此造虽有两丁助丙,而丙临申位,丙不通根,财",,,
己卯 癸酉 丙辰 戊戌,穷通宝鉴,穷通宝鉴 · 第32章 八月丙火 · 原文,调优组,秋,丙,是,,," 徐乐吾曰:汲金纯命,光绪五年八月十五日戌时。无壬,癸为戊己所困,用伤官生财,乃富而非贵,以卯辰 酉戌,东西夹拱,官至军",,,
辛巳 丁酉 丙寅 己亥,穷通宝鉴,穷通宝鉴 · 第32章 八月丙火 · 原文,调优组,秋,丙,是,是,," 徐乐吾曰:王瑶卿命,光绪七年八月初七日亥时。身旺用财而见丁制辛,专用己土伤官,丙寅红艳桃花,伤 官合起桃花,为一代名伶",,,
己亥 甲戌 丙子 戊子,穷通宝鉴,穷通宝鉴 · 第33章 九月丙火 · 原文,调优组,秋,丙,是,,," 甲出天干,又逢生地,孝廉。 徐乐吾曰:用印制伤存官为用。 ",,,
丙申 戊戌 丙午 戊戌,穷通宝鉴,穷通宝鉴 · 第33章 九月丙火 · 原文,调优组,秋,丙,是,,," 两间不杂,支成火局,专用壬水,先贫后富。 徐乐吾曰:日坐阳刃,午戌会局,戊土出干,用申中金水。年逢壬煞,煞刃相制",,,
庚辰 戊寅 丁未 壬寅,穷通宝鉴,穷通宝鉴 · 第37章 正月丁火 · 原文,调优组,春,丁,是,,," 庠生,酉运终。 徐乐吾曰:此造丁壬化木,得寅月、寅时,又见辰,化木成象。惜庚金出干破格,化木不成,仍用财官,仅 为痒生",,,
壬戌 壬寅 丁卯 戊申,穷通宝鉴,穷通宝鉴 · 第37章 正月丁火 · 原文,调优组,春,丁,是,是,," 身弱煞强,凶命。 徐乐吾曰:化木破格,只能用壬水,寅卯印为申宫庚金所破,故身弱,用戊土伤官制煞,克泄交集,乌能无 祸。",,,
癸未 甲寅 丁巳 辛丑,穷通宝鉴,穷通宝鉴 · 第37章 正月丁火 · 原文,调优组,春,丁,是,,," 徐乐吾曰:齐召南命,康熙四十二年正月十一日丑时。用癸水,财滋弱煞,官拜侍郎。 ",,,
戊子 乙卯 丁卯 丁未,穷通宝鉴,穷通宝鉴 · 第38章 二月丁火 · 原文,调优组,春,丁,是,,," 位至阁老。 徐乐吾曰:此造与上戊子造,同为木盛火塞,喜运行庚申、辛酉而贵,子中癸水为戊所制,成此奇格。丁火 春生,印旺",,,
癸未 丙辰 丁酉 乙巳,穷通宝鉴,穷通宝鉴 · 第39章 三月丁火 · 原文,调优组,春,丁,是,,," 徐乐吾曰:郭乾卿命,光绪九年三月十七日巳时。财滋煞为用,丙火出干,得禄于巳,丁火气辅生旺,可用 财煞,但用神不真,富而",,,
癸未 丙辰 丁未 戊申,穷通宝鉴,穷通宝鉴 · 第39章 三月丁火 · 原文,调优组,春,丁,是,,," 徐乐吾曰:陈公侠命,光绪九年三月廿七日申时。申辰会局,癸水出干,以戊土制煞为用,癸戊皆通根辰 库,喜用同宫,位至省主席",,,
丙戌 壬辰 丁未 壬寅,穷通宝鉴,穷通宝鉴 · 第39章 三月丁火 · 原文,调优组,春,丁,是,,," 徐乐吾曰:顾竹轩命,光绪十二年三月十四日寅时。丁壬妒合,又属重官,四柱无金,只能用壬,为孤官无 辅。 ",,,
辛卯 辛卯 戊戌 壬戌,穷通宝鉴,穷通宝鉴 · 第48章 正二月戊土 · 原文,调优组,春,戊,是,,," 徐乐吾曰:万耀煌命,光绪十七年二月初四日戌时。前述徐连规造,两丁并透,用财破印滋煞,此造两辛出 干,亦用财化伤滋煞,气",,,
癸巳 乙卯 戊申 戊午,穷通宝鉴,穷通宝鉴 · 第48章 正二月戊土 · 原文,调优组,春,戊,是,,是," 徐乐吾曰:白崇禧命,光绪十九年正月廿四日午时。申午夹未,暗拱未贵,癸贵在巳,乙贵在申,天干四字 皆临禄贵。二月戊土,喜",,,
丁未 癸卯 戊寅 乙卯,穷通宝鉴,穷通宝鉴 · 第49章 三月戊土 · 原文,调优组,春,戊,是,是,是," 此官煞无去留之义,幸丁火出干,加以戊癸化火,将甲木暗焚,反得武科探花。 徐乐吾曰:此言用官煞也,官煞并见,论煞不论官,",,,
己未 戊辰 戊寅 甲寅,穷通宝鉴,穷通宝鉴 · 第49章 三月戊土 · 原文,调优组,春,戊,是,是,是,"杀印相生格,探花 徐乐吾曰:身旺时上独煞透出,用寅中丙火化煞为用,即用火泄木气也,土旺宜木运,上丁未一造,生于二 月,火",,,
甲午 戊辰 戊申 丙辰,穷通宝鉴,穷通宝鉴 · 第49章 三月戊土 · 原文,调优组,春,戊,是,,,"丙甲高透,癸水会局藏辰,圣天子之造。 徐乐吾曰:此清圣祖康熙命造也。财滋弱煞取用,或云戊午时,夹贵夹禄,更为完美。 ",,,
丁丑 甲辰 戊寅 丙辰,穷通宝鉴,穷通宝鉴 · 第49章 三月戊土 · 原文,调优组,春,戊,是,,," 徐乐吾曰:陈符命,光绪三年三月廿二日辰时。甲丙出干,癸水藏支,用财生煞为用,位至总长,戊运己卯 年元旦,被刺殒命。 ",,,
庚戌 庚辰 戊午 丙辰,穷通宝鉴,穷通宝鉴 · 第49章 三月戊土 · 原文,调优组,春,戊,是,,," 徐乐吾曰:吴兆年命,宣统二年三月十四日辰时。用庚金泄土气,丙火出干,用神被伤,民国二十六年丁丑 九月,死于先施公司炸弹",,,
甲寅 戊辰 戊辰 甲寅,穷通宝鉴,穷通宝鉴 · 第49章 三月戊土 · 原文,调优组,春,戊,是,,是," 徐乐吾曰:朱宝霞命,民国三年正月十七日寅时。寅辰夹卯,两甲并出,戊辰又犯红艳桃花,故为女名伶之 命。 三春戊土总论 三",,,
己酉 甲戌 戊辰 丙辰,穷通宝鉴,穷通宝鉴 · 第55章 九月戊土 · 原文,调优组,秋,戊,是,,是,"丙甲出干,二辰藏癸,两榜,孝廉。 徐乐吾曰:甲己一合,羁绊用神为病,否则,地位当不止此。好在两辰蓄水,不至于枯燥也。 ",,,
丙戌 戊戌 戊寅 壬子,穷通宝鉴,穷通宝鉴 · 第55章 九月戊土 · 原文,调优组,秋,戊,是,,,"丙癸甲皆全,惜未出干,只一贡生。 徐乐吾曰:此造亦为富格,寅戌会合,煞印相生,专用财星,不作财滋弱煞论也。惜比肩出干争财",,,
丁亥 庚戌 戊戌 癸亥,穷通宝鉴,穷通宝鉴 · 第55章 九月戊土 · 原文,调优组,秋,戊,是,,,"印多官旺,反得中和。庠生,大富。 徐乐吾曰:此造以财为用,财临旺地而合于戊,又有庚金生之,自为大富之造,非用官印也。 ",,,
庚午 戊寅 己酉 甲子,穷通宝鉴,穷通宝鉴 · 第58章 正月己土 · 原文,调优组,春,己,是,,,"因甲己化土,加以戊出,土重专用甲木,忌逢金地,运气不好,先贫后富。 徐乐吾曰:此造甲己合而不化,土重专用甲木疏土,",,,
甲子 丙寅 己丑 甲子,穷通宝鉴,穷通宝鉴 · 第58章 正月己土 · 原文,调优组,春,己,是,,是," 徐乐吾曰:刘镛命,嘉庆八年十二月二十八日子时。造亦非化土,初春己土,寅宫甲丙并透,癸水藏支,暖 润疏辟之用俱备,专用丙",,,与任铁樵重复：调优时不得使用
己亥 丙寅 己巳 己巳,穷通宝鉴,穷通宝鉴 · 第58章 正月己土 · 原文,调优组,春,己,是,,是," 徐乐吾曰:黄季陆命,光绪二十五年正月二十一日巳时。专用丙火,己土寒湿,火多反主厚禄是也。 三春己土总论 三春己土,田园",,,
甲申 丁卯 己未 庚午,穷通宝鉴,穷通宝鉴 · 第59章 二月己土 · 原文,调优组,春,己,是,,," 徐乐吾曰:田维勤命,光绪十年二月十三日午时。庚金得禄于申,当取丁火制庚护官为用,位至都督。 ",,,
戊子 乙卯 己卯 乙丑,穷通宝鉴,穷通宝鉴 · 第59章 二月己土 · 原文,调优组,春,己,是,,是," 徐乐吾曰:吴铁城命,光绪十四年正月二十七日丑时。七煞聚权秉令,两乙叠出而无制,木旺土虚,又不能 从,所喜胎元丙午,用印",,,
壬子 甲辰 己卯 丙寅,穷通宝鉴,穷通宝鉴 · 第60章 三月己土 · 原文,调优组,春,己,是,是,,"丙甲癸全,杀旺身强,位至宰相,一品。 徐乐吾曰:甲丙透而通根于寅长生,癸藏子得禄,三者皆得地也,以印化煞为用。 ",,,
壬子 甲辰 己卯 壬申,穷通宝鉴,穷通宝鉴 · 第60章 三月己土 · 原文,调优组,春,己,是,,是,"杂气财官格,状元。 徐乐吾曰:甲透癸藏,惜无丙火照暖,故主清贵也。上造甲丙透出癸藏,专用丙印化煞为权,煞印两旺,位 高权",,,
辛未 壬辰 己巳 甲子,穷通宝鉴,穷通宝鉴 · 第60章 三月己土 · 原文,调优组,春,己,是,是,,"身旺任财,富翁。 徐乐吾曰:此造亦丙癸甲三者俱备,丙藏巳,癸藏子,日元坐印,身旺任财,而月令财透也。特辛出干,官 星受伤",,,
戊寅 丙辰 己卯 丙寅,穷通宝鉴,穷通宝鉴 · 第60章 三月己土 · 原文,调优组,春,己,是,是,," 徐乐吾曰:张树屏命,光绪四年三月廿九日寅时。生于立夏前五日,支全东方,好在丙戊并透,己土身旺, 用煞缺制,行庚申辛酉运",,,
辛巳 壬辰 己亥 戊辰,穷通宝鉴,穷通宝鉴 · 第60章 三月己土 · 原文,调优组,春,己,是,,," 徐乐吾曰:李思浩命,光绪七年四月初八日辰时。生于立夏前五时,甲丙俱藏,土润而强,火方进气,丙藏 无碍,甲藏则力有不足,",,,
己巳 壬申 己卯 戊辰,穷通宝鉴,穷通宝鉴 · 第62章 七八九月己土 · 原文,调优组,秋,己,是,,," 徐乐吾曰:袁乃宽命,同治八年七月初九日辰时。壬透丙藏,专用丙火,位至总长。 ",,,
乙亥 乙酉 己巳 乙丑,穷通宝鉴,穷通宝鉴 · 第62章 七八九月己土 · 原文,调优组,秋,己,是,,," 徐乐吾曰:孙某言命,嘉庆廿年八月十七日丑时。巳酉丑会局,子旺母虚,专用丙火,喜得巳宫丙火暗藏, 胎元丙子,引起丙",,,
己巳 甲戌 己丑 壬申,穷通宝鉴,穷通宝鉴 · 第62章 七八九月己土 · 原文,调优组,秋,己,是,,,"戊己局全于四季,火运大魁。 徐乐吾曰:此为甲己化土,而金水泄气,化神喜行旺地,必以丙火为用也。 ",,,
戊寅 壬戌 己巳 庚午,穷通宝鉴,穷通宝鉴 · 第62章 七八九月己土 · 原文,调优组,秋,己,是,,," 徐乐吾曰:胡瑞兰命,嘉庆廿三年拾月初四日午时。壬透,甲丙俱藏,专用甲木,为财官格,运至东方,连 捷翰林出身,山西湖南各",,,
丁丑 壬寅 庚子 乙酉,穷通宝鉴,穷通宝鉴 · 第65章 正月庚金 · 原文,调优组,春,庚,是,,是,"用丙为暖,惜合多不贵,一富而己。 徐乐吾曰:庚日乙酉时,日元不弱,用丙为暖,而壬癸困柱丙丁,只能用财化食伤而生官煞,故富",,,
壬子 壬寅 庚申 庚辰,穷通宝鉴,穷通宝鉴 · 第65章 正月庚金 · 原文,调优组,春,庚,是,,是,"水盛金寒,专用丙戊,故骨肉凄凉,早年刑困,老运东南,衣衿显达。 徐乐吾曰:此造金水两旺,见壬出干,水盛金寒,不能不兼用戊",,,
辛酉 庚寅 庚子 己卯,穷通宝鉴,穷通宝鉴 · 第65章 正月庚金 · 原文,调优组,春,庚,是,,," 徐乐吾曰:王占元命,咸丰十一年正月十一卯时。己土制水,年上阳刃出干,专用丙火,运行丁亥、丙戌, 位至两湖巡阅使。 ",,,
丙寅 庚寅 庚戌 乙酉,穷通宝鉴,穷通宝鉴 · 第65章 正月庚金 · 原文,调优组,春,庚,是,,是," 徐乐吾曰:陈调元命,同治四年十二月十九日酉时。生于立春后六时,寒气未除,专用丙火,好在生乙酉 时,日元不弱也。 ",,,
辛卯 庚寅 庚午 己卯,穷通宝鉴,穷通宝鉴 · 第65章 正月庚金 · 原文,调优组,春,庚,是,,," 徐乐吾曰:韩复榘命,光绪十七年正月初五日卯时。两卯为飞刃,辛金出干,两卯冲动酉宫,得刃虚神,丙 丁制刃为用,运行丁亥、",,,
庚午 己卯 庚子 甲申,穷通宝鉴,穷通宝鉴 · 第66章 二月庚金 · 原文,调优组,春,庚,是,,,"甲透丁藏,不利正途,行午运,武职显达。 徐乐吾曰:两造皆己庚并透,庚金暗强,而用丁火,甲庚俱全,虽非科甲,异途显达,上造",,,
丙申 辛卯 庚辰 丁亥,穷通宝鉴,穷通宝鉴 · 第66章 二月庚金 · 原文,调优组,春,庚,是,,,"官星出干,卯中乙木,有亥中甲木引之,甲木又得申中庚金劈之,大贵;用丁火,木妻 火子,申辰会水克丁,一子不能承受,乏嗣。 ",,,
辛酉 辛卯 庚寅 丁亥,穷通宝鉴,穷通宝鉴 · 第66章 二月庚金 · 原文,调优组,春,庚,是,,,"甲藏丁透,武状元。 徐乐吾曰:此造与上两造相类同,见丁火出干,财官为用,即取贵。 ",,,
乙亥 己卯 庚辰 丁丑,穷通宝鉴,穷通宝鉴 · 第66章 二月庚金 · 原文,调优组,春,庚,是,,," 徐乐吾曰:张作霖命,光绪元年二月十二日丑时。庚金坐辰,己土出干,金势暗强,专用丁火。亥宫甲木引 丁,乙木隔位不合,胎元",,,
己卯 丁卯 庚戌 己卯,穷通宝鉴,穷通宝鉴 · 第66章 二月庚金 · 原文,调优组,春,庚,是,,," 徐乐吾曰:张树元命,光绪五年三月初六日卯时。亦用丁火,卯多不能引丁,喜其无水,不伤丁,喜比动 运。",,,
戊寅 丙辰 庚申 辛巳,穷通宝鉴,穷通宝鉴 · 第67章 三月庚金 · 原文,调优组,春,庚,是,,," 徐乐吾曰:廖仲恺命,光绪四年三月初十日巳时。庚早专禄,取寅宫甲木生丙,财滋弱煞格。巳宫禄马同 乡,极品之贵,应以武职显",,,
戊申 庚申 庚申 丙子,穷通宝鉴,穷通宝鉴 · 第71章 七月庚金 · 原文,调优组,秋,庚,是,是,,"井栏叉格,元帅。 徐乐吾曰:此造身强煞浅,假煞为权,专到时上偏官为用,子申水局,有戊土制之,丙不受困,总握兵符。 ",,,
乙未 甲申 庚戌 丁亥,穷通宝鉴,穷通宝鉴 · 第71章 七月庚金 · 原文,调优组,秋,庚,是,,,"先贫后富,子肖。 徐乐吾曰:以上两造,皆用丁火,甚明显。 ",,,
丁未 庚戌 庚子 丁丑,穷通宝鉴,穷通宝鉴 · 第73章 九月庚金 · 原文,调优组,秋,庚,是,,,"两榜。 徐乐吾曰:此造土不出,仍用丁火,子水润土生金,三秋庚金之正也。 ",,,
庚寅 丙戌 庚戌 辛巳,穷通宝鉴,穷通宝鉴 · 第73章 九月庚金 · 原文,调优组,秋,庚,是,,,"方伯。 徐乐吾曰:九月辛金余气犹旺,见辛金透,即是阳刃,取丙火七煞制刃为用,丙火偏官,逢生得禄,以印化 杀为用也。位至方",,,
辛酉 戊戌 庚申 辛巳,穷通宝鉴,穷通宝鉴 · 第73章 九月庚金 · 原文,调优组,秋,庚,是,,,"从革格,太尉。 徐乐吾曰:支全申酉戌西方,辛金阳刃出干,宜取巳宫丙火为用。喜其运行南方,七煞得地而贵,煞刃主威 权,位至",,,
乙亥 丙戌 庚寅 己卯,穷通宝鉴,穷通宝鉴 · 第73章 九月庚金 · 原文,调优组,秋,庚,是,,,"女命,用木疏土,得一品封诰。 徐乐吾曰:此造己土出干,用甲木疏土,壬水制煞为用。 ",,,
乙酉 戊寅 辛卯 壬辰,穷通宝鉴,穷通宝鉴 · 第77章 正月辛金 · 原文,调优组,春,辛,是,,是," 徐乐吾曰:熊炳琦命,光绪十年十二月廿一日辰时。生于立春后一日,寅宫丙火解寒,专用壬水,虽无己 土,而有辰酉六合之金,足",,,
辛卯 庚寅 辛亥 壬辰,穷通宝鉴,穷通宝鉴 · 第77章 正月辛金 · 原文,调优组,春,辛,是,,," 徐乐吾曰:杜瑞麟命,道光十年十二月廿七日辰时。专用壬水,翰林出身,位至巡抚。",,,
乙酉 己卯 辛卯 丙申,穷通宝鉴,穷通宝鉴 · 第78章 二月辛金 · 原文,调优组,春,辛,是,是,,"用庚不用壬,木多故也,虽官至侍郎,七妻,无子。 徐乐吾曰:以上三造,财太旺,不能用印,以比劫分财为用。二月辛金太弱,见戊",,,
己未 丁卯 辛巳 己亥,穷通宝鉴,穷通宝鉴 · 第78章 二月辛金 · 原文,调优组,春,辛,是,,,"用丁,专用丁火,文学盖世,但一秀才耳。为人亦温雅清俊,但有兄弟,妻子无力。 徐乐吾曰:支成木局,财旺生煞,巳亥冲去壬水,",,,
己未 丁卯 辛丑 戊子,穷通宝鉴,穷通宝鉴 · 第78章 二月辛金 · 原文,调优组,春,辛,是,是,是,"柱欠壬水,故为奴仆。 徐乐吾曰:不特柱欠壬水,缺乏秀气也,子丑一合,湿土互凝,戊己出干,土重埋金,无甲木为救,宜其压 没",,,
辛巳 壬辰 辛卯 庚寅,穷通宝鉴,穷通宝鉴 · 第79章 三月辛金 · 原文,调优组,春,辛,是,是,是," 徐乐吾曰:胡笔江命,光绪七年三月廿九日寅时。支全寅卯辰东方,伤官生财,财旺成方,身弱反以辰土正 印为用。运行戊子己丑,",,,
己酉 癸酉 辛未 己亥,穷通宝鉴,穷通宝鉴 · 第84章 八月辛金 · 原文,调优组,秋,辛,是,,是,"二人同命,一文举,家贫;一武举,家贫。 徐乐吾曰:此造己癸并透,正是湿泥污金;亥中壬甲为用,亥未暗会木局为财。惜壬甲皆藏",,,
丁卯 己酉 辛亥 壬辰,穷通宝鉴,穷通宝鉴 · 第84章 八月辛金 · 原文,调优组,秋,辛,是,,,"丁壬两透,经魁。 徐乐吾曰:此造年月煞印相生,丁壬两透,喜其间隔不合,己不浊壬,壬不合丁,木火土金水顺序相生,以 壬水伤",,,
丁丑 己酉 辛丑 丁酉,穷通宝鉴,穷通宝鉴 · 第84章 八月辛金 · 原文,调优组,秋,辛,是,,," 徐乐吾曰:姚慕莲命,光绪三年八月十九日酉时。支成金局,无壬用丁,真金火炼,富裕。 ",,,
丙戌 戊戌 辛未 壬辰,穷通宝鉴,穷通宝鉴 · 第85章 九月辛金 · 原文,调优组,秋,辛,是,,,"印重最喜财乡,壬丙俱透,位至尚书。因乏甲,无子。 徐乐吾曰:此造火土金水顺序相生,土重有埋金之惧,用印制伤,固不如用财,",,,
己巳 丙寅 壬辰 庚子,穷通宝鉴,穷通宝鉴 · 第90章 正月壬水 · 原文,调优组,春,壬,是,,,"惜戊不出干,富而不贵。 徐乐吾曰:春水汪洋,惜戊士不透,为配合之缺点,以财生官为用。己土浊壬,无甲不清,丙财逢生得",,,
甲申 丙寅 壬申 庚子,穷通宝鉴,穷通宝鉴 · 第90章 正月壬水 · 原文,调优组,春,壬,是,,," 徐乐吾曰:阮元命,乾隆廿九年正月廿日子时。丙庚出干,子申会局,专用食神生财,名重儒林,官至太 傅,卒谥文达。 ",,,
辛卯 庚寅 壬申 戊申,穷通宝鉴,穷通宝鉴 · 第90章 正月壬水 · 原文,调优组,春,壬,是,,," 徐乐吾曰:陈宝箴命,道光十一年正月十八日申时。壬水通根於申,庚辛并透,金水汪洋,喜用戊土,丙火 为佐,翰林,后至巡抚。",,,
戊辰 甲寅 壬戌 壬寅,穷通宝鉴,穷通宝鉴 · 第90章 正月壬水 · 原文,调优组,春,壬,是,,," 徐乐吾曰:倪嗣冲命,同治七年正月十三日寅时。此亦变格,壬水虽比肩出干,通根辰库,不得为旺。然壬 戌、壬寅中夹亥子丑,气",,,
庚辰 己卯 壬寅 辛丑,穷通宝鉴,穷通宝鉴 · 第91章 二月壬水 · 原文,调优组,春,壬,是,,," 徐乐吾曰:蒋邦彦命,光绪六年二月初四月丑时。寅卯辰气全东方,木盛用庚,时逢辛丑,劫印帮身,水有 余气,伤官旺,自能生财",,,
壬辰 甲辰 壬辰 甲辰,穷通宝鉴,穷通宝鉴 · 第92章 三月壬水 · 原文,调优组,春,壬,是,,,"食神制煞格,枢密之命。 徐乐吾曰:此造两干不杂,支聚四辰,以甲木疏土为用,食神制煞格也。 ",,,
庚午 庚辰 壬申 己酉,穷通宝鉴,穷通宝鉴 · 第92章 三月壬水 · 原文,调优组,春,壬,是,,," 徐乐吾曰:顾馨一命,同治九年三月初六日酉时。三月戊土暗旺,用庚金泄土生水为用。支见三刑,戊寅年 五月廿七日遭暗杀",,,
丙申 壬辰 壬子 乙巳,穷通宝鉴,穷通宝鉴 · 第92章 三月壬水 · 原文,调优组,春,壬,是,,,"。生于立夏前七日,正值戊土旺时,富而不贵,盖土旺无甲,不能取 贵,不比四月丙火司权,专用壬水,见申子辰成局,为大贵也。 ",,,
癸巳 丙辰 壬申 癸卯,穷通宝鉴,穷通宝鉴 · 第92章 三月壬水 · 原文,调优组,春,壬,是,,," 徐乐吾曰:杨杏佛命,光绪十九年二月十日卯时。水多见庚,专用丙火。惜财劫并露,取卯木泄癸生丙为 救,运行北方劫地,子运癸",,,
辛丑 丙申 壬申 辛亥,穷通宝鉴,穷通宝鉴 · 第96章 七月壬水 · 原文,调优组,秋,壬,是,,是,"翰林。 徐乐吾曰:此造无戊土止水,专用丙火,喜大运逆行南方,金水气清而暖,故有词林之贵,丙辛一合,不免 羁绊用神也。 ",,,
壬午 戊申 壬寅 壬寅,穷通宝鉴,穷通宝鉴 · 第96章 七月壬水 · 原文,调优组,秋,壬,是,,," 徐乐吾曰:张继命,光绪八年七月十八日寅时。用财生煞,喜寅午会火局,生戊土,位至众议院议长。",,,
庚辰 乙酉 癸卯 庚申,穷通宝鉴,穷通宝鉴 · 第97章 八月壬水 · 原文,调优组,秋,癸,是,,,"是也,此格须满盘庚辛,若水见二三,不作此论,壬不在 多,见七月辛金节。 总之,八月壬水,专用甲木,用甲者,水妻木子。 徐",,,
癸未 辛酉 壬申 戊申,穷通宝鉴,穷通宝鉴 · 第97章 八月壬水 · 原文,调优组,秋,壬,是,,,"布政。 徐乐吾曰:此造专用戊土,要运行南方,用神得地而贵。 ",,,
丙寅 戊戌 壬戌 辛丑,穷通宝鉴,穷通宝鉴 · 第98章 九月壬水 · 原文,调优组,秋,壬,是,是,,"身旺官旺,又得丙透,参政。 徐乐吾曰:财生煞旺,无甲,以辛金化煞为用。甲木藏寅,寅戌会局,不能取以制煞也。 ",,,
辛丑 戊戌 壬戌 甲辰,穷通宝鉴,穷通宝鉴 · 第98章 九月壬水 · 原文,调优组,秋,壬,是,,,"支成四库,一甲透时,太史。 徐乐吾曰:支聚四库,透戊土七煞,以甲木制煞为用。用辛滋壬,喜壬水进气,故有词林之贵。 ",,,
己巳 甲戌 壬辰 庚子,穷通宝鉴,穷通宝鉴 · 第98章 九月壬水 · 原文,调优组,秋,壬,是,,," 徐乐吾曰:段芝贵命,同治八年九月廿四日子时。甲己相合,又有庚金遥逼,必然化土,不能用癸,月令煞 旺,而时逢子水阳刃,煞",,,
庚寅 戊寅 癸亥 辛酉,穷通宝鉴,穷通宝鉴 · 第102章 正月癸水 · 原文,调优组,春,癸,是,,," 徐乐吾曰:陆连奎命:光绪十六年正月甘二日酉时。正月木旺,癸水泄弱,不能不用印。戊癸一合,日元向 官,寅亥合起劫煞,不得",,,
丁未 癸卯 癸亥 癸丑,穷通宝鉴,穷通宝鉴 · 第103章 二月癸水 · 原文,调优组,春,癸,是,,,"水木伤官,有名飞天禄为格,方伯。 徐乐吾曰:水木伤官用财也,飞天禄马者,以亥冲巳,丑合巳,以巳中戊土官星为用,未免迂曲。",,,
丙辰 辛卯 癸酉 癸亥,穷通宝鉴,穷通宝鉴 · 第103章 二月癸水 · 原文,调优组,春,癸,是,,,"用辛金,飞天禄马格,尚书。 徐乐吾曰:飞天禄马格,以亥冲巳,酉丑合住巳字为要点,两造皆似是而非。特飞天禄马,本有伤官变格",,,
庚子 己卯 癸卯 辛酉,穷通宝鉴,穷通宝鉴 · 第103章 二月癸水 · 原文,调优组,春,癸,是,,,"庚辛两透,位至阁老。 徐乐吾曰:庚辛并见,而无丙丁,虽科甲正途,终嫌阴柔奸险,此明代严嵩命造也。支备子卯酉,加胎元庚 午",,,
庚寅 己卯 癸亥 庚申,穷通宝鉴,穷通宝鉴 · 第103章 二月癸水 · 原文,调优组,春,癸,是,,,"专用庚金,故佐君泽民,神钦鬼服。 徐乐吾曰:此造喜寅中暗藏丙火,用庚金,有阴阳和谐之妙。胎元庚午,以丁己财官为用也。 ",,,
丁酉 癸卯 癸卯 辛酉,穷通宝鉴,穷通宝鉴 · 第103章 二月癸水 · 原文,调优组,春,癸,是,,," 徐乐吾曰:此为明穆宗隆庆命,有印比生助,帝皇之位,专恃荫庇,胎元甲午,食神生财为用,运行西北, 毫无作为,一生享荫庇福",,,
戊子 乙卯 癸未 庚申,穷通宝鉴,穷通宝鉴 · 第103章 二月癸水 · 原文,调优组,春,癸,是,,," 徐乐吾曰:石某命,光绪十四年二月初一日申时。时逢庚申,癸水反弱为旺,月令乙卯,见庚输情相合,专 用未中丁火,破庚金印,",,,
辛卯 壬辰 癸未 丙辰,穷通宝鉴,穷通宝鉴 · 第104章 三月癸水 · 原文,调优组,春,癸,是,,,",生上半月,专用丙,故作朝廷卿士;若生下半月,丙虽不可少,然必须庚金蓄源,又 须无伤,方主富贵。上半月,木妻火子。 徐乐",,,
丁酉 甲辰 癸亥 辛酉,穷通宝鉴,穷通宝鉴 · 第104章 三月癸水 · 原文,调优组,春,癸,是,,,"用辛无丙,辛金得所,幸人。 徐乐吾曰:木火向旺,故用辛金,喜无丙火合辛。 ",,,
戊午 丙辰 癸丑 辛酉,穷通宝鉴,穷通宝鉴 · 第104章 三月癸水 · 原文,调优组,春,癸,是,,,"生下半月,出将入相。 徐乐吾曰:生下半月,火土进气,专用辛金。 ",,,
丁卯 甲辰 癸亥 辛酉,穷通宝鉴,穷通宝鉴 · 第104章 三月癸水 · 原文,调优组,春,癸,是,,,"无丙用辛而显达,盖辛金得禄,可以佐癸故也。 徐乐吾曰:此造无丙用辛而显达,以其生下半月,丙火进气,支会亥卯,干透甲丁,不",,,
丁酉 戊申 癸卯 甲寅,穷通宝鉴,穷通宝鉴 · 第108章 七月癸水 · 原文,调优组,秋,癸,是,,,"伤官生财格,丁甲两出,位至尚书。 徐乐吾曰:戊甲官伤并透,用甲木制戊土以生丁火,去官用伤,不作官伤交差论。 ",,,
戊午 庚申 癸未 乙卯,穷通宝鉴,穷通宝鉴 · 第108章 七月癸水 · 原文,调优组,秋,癸,是,,,"丁火得位,家富万金,大富寿考,寿九十,卯运死。终富而不贵,子贵,三子皆衣衿。 徐乐吾曰:食神生财格,天干土金水木,相生而",,,
乙未 甲申 癸未 丁巳,穷通宝鉴,穷通宝鉴 · 第108章 七月癸水 · 原文,调优组,秋,癸,是,是,,"财多身弱,富屋贫人。 徐乐吾曰:食伤太多,泄弱癸水之气,反以月令庚金为用,大运逆行南方,财多身弱矣。 ",,,
癸酉 庚申 癸酉 庚申,穷通宝鉴,穷通宝鉴 · 第108章 七月癸水 · 原文,调优组,秋,癸,是,,,"用庚金,大富。 徐乐吾曰:此是从格,书云:“独水三犯庚辛,号曰体全之象”,金为体,水为用,从革之变也。",,,
辛酉 丁酉 癸巳 癸亥,穷通宝鉴,穷通宝鉴 · 第109章 八月癸水 · 原文,调优组,秋,癸,是,,是,"金水多,丁透丙藏,四柱不杂,福寿绵长。 徐乐吾曰:丁火财星为用,喜得丙火藏巳以助之。亥冲巳,丙火被制,力量不足,福寿而不",,,
癸卯 辛酉 癸巳 丙辰,穷通宝鉴,穷通宝鉴 · 第109章 八月癸水 · 原文,调优组,秋,癸,是,,是,"孙世忠,怀宁侯命造。 徐乐吾曰:酉金为用,丙火为佐,金温水暖,以清灵取贵。 ",,,
辛丑 戊戌 癸亥 壬子,穷通宝鉴,穷通宝鉴 · 第110章 九月癸水 · 原文,调优组,秋,癸,是,,,"辛金出干,亥甲子癸得地,翰林。 徐乐吾曰:此造壬水出干,癸水倚壬,柱见辛金亥子丑,弱中转旺,专用戊土,运行南方而贵,与李",,,
庚辰 丙戌 癸未 丁巳,穷通宝鉴,穷通宝鉴 · 第110章 九月癸水 · 原文,调优组,秋,癸,是,,," 徐乐吾曰:陈其采命,光绪六年九月十八日巳时。巳未夹午,财旺成方,专用庚金,贵为财政部长。",,,
丁卯 乙巳 甲辰 庚午,穷通宝鉴,穷通宝鉴 · 第5章 四月甲木 · 原文,调优组,夏,甲,,,是,"庚丁两透进士。 徐乐吾曰:按此造得力在甲木坐辰,通根印库,墓库之水,得庚金生之,不致枯燥,故能取清贵也。 ",,,
丙午 癸巳 甲子 丙寅,穷通宝鉴,穷通宝鉴 · 第5章 四月甲木 · 原文,调优组,夏,甲,,,,"以干支二癸,制乘公之丙火,位至参政。 ",,,
丙午 癸巳 甲寅 丙寅,穷通宝鉴,穷通宝鉴 · 第5章 四月甲木 · 原文,调优组,夏,甲,,,,"此命火土熬乾癸水,行午运损目,后作乞丐。 徐乐吾曰:按以上两造,相差一字,下造癸水无根,又无庚金出干以生之,故有熬干之危",,,
己巳 己巳 甲子 壬申,穷通宝鉴,穷通宝鉴 · 第5章 四月甲木 · 原文,调优组,夏,甲,,,," 徐乐吾曰:乃龚心湛命,同治八年四月廿二日申时。此造壬水出干,子申会局,用壬水制巳宫丙火,乃龚心 湛命,位至财政总长。 ",,,
丙寅 甲午 甲戌 辛未,穷通宝鉴,穷通宝鉴 · 第6章 五、六月甲木 · 原文,调优组,夏,甲,,,,"女命,柱内全无水,支成火局,则为枯木,又无庚金,则为朽木,刑夫淫贱,若作男 命,双是伤官格,反吉。 徐乐吾曰:木性枯焦,",,,
乙巳 癸未 甲子 戊辰,穷通宝鉴,穷通宝鉴 · 第6章 五、六月甲木 · 原文,调优组,夏,甲,,,,"支成水局,困了丁火,虽主富贵,乏子。 徐乐吾曰:印旺用未中财伤,伤官生财,丁火不透,癸水盖头,虽在六月,水盛火衰,故云困",,,
辛巳 乙未 甲戌 戊辰,穷通宝鉴,穷通宝鉴 · 第6章 五、六月甲木 · 原文,调优组,夏,甲,,,是,"女命三嫁乏子。 徐乐吾曰:辛金夫星明透,无如火土炎燥,毫无生意。无如火土炎燥,无印护官,辰中癸水入墓,戊土克 之,宜其无",,,
己未 庚午 甲辰 壬申,穷通宝鉴,穷通宝鉴 · 第6章 五、六月甲木 · 原文,调优组,夏,甲,,,," 徐乐吾曰:梁鼎芬命造,咸丰九年六月初六日申时,申辰会局,透壬,用午丁火,更有庚金劈甲引丁,位至 藩臬。 ",,,
壬午 丙午 甲申 甲子,穷通宝鉴,穷通宝鉴 · 第6章 五、六月甲木 · 原文,调优组,夏,甲,,,," 徐乐吾曰:吴光新命,光绪八年四月二十九日子时。子申会局,透壬,用午宫丁己,位至督军。 ",,,
壬午 丙午 甲辰 甲戌,穷通宝鉴,穷通宝鉴 · 第6章 五、六月甲木 · 原文,调优组,夏,甲,,,," 徐乐吾曰:曲同丰命,光绪八年五月十九日戌时。壬水出干,制火润土生水,位至军长。 ",,,
甲午 辛未 甲寅 甲子,穷通宝鉴,穷通宝鉴 · 第6章 五、六月甲木 · 原文,调优组,夏,甲,,,," 徐乐吾曰:孙毓汶命,道光十四年六月二十日子时。官印格夹贵,位至尚书。 ",,,
辛丑 己亥 甲辰 壬申,穷通宝鉴,穷通宝鉴 · 第10章 十月甲木 · 原文,调优组,冬,甲,,,," 此为灯火拂剑,异路恩封,妻贤子肖。 徐乐吾曰:壬申、癸酉为剑,甲辰、乙巳生人,得壬申、癸酉时,为灯火拂剑,见《兰台妙选",,,
戊子 癸亥 甲午 甲子,穷通宝鉴,穷通宝鉴 · 第10章 十月甲木 · 原文,调优组,冬,甲,,,," 徐乐吾曰:鲍超命,道光八年十月廿八日子时。戊土止水,丁火藏午,直待丙寅丁卯运,出生营伍,积功封 伯爵。 ",,,
丁酉 辛亥 甲戌 辛未,穷通宝鉴,穷通宝鉴 · 第10章 十月甲木 · 原文,调优组,冬,甲,,,," 徐乐吾曰:清两江总督魏光寿命,道光十七年十月三十日未时。丁火制去一辛,专用时上辛金,戌宫戊土止 水,财旺生官,好在戌宫",,,
癸亥 癸亥 甲午 乙丑,穷通宝鉴,穷通宝鉴 · 第10章 十月甲木 · 原文,调优组,冬,甲,,,," 徐乐吾曰:胡维德命,同治二年十月廿一日丑时。专用午中丁己,伤官生财。 ",,,
庚辰 丁亥 甲辰 壬申,穷通宝鉴,穷通宝鉴 · 第10章 十月甲木 · 原文,调优组,冬,甲,,,," 徐乐吾曰:徐树铮命,光绪六年十月初九日申时。灯花拂剑,专用庚丁,壬水伤丁为忌,至壬运遭仇杀。 ",,,
乙巳 戊子 甲辰 壬申,穷通宝鉴,穷通宝鉴 · 第11章 十一月甲木 · 原文,调优组,冬,甲,,,,"为商,一派水局,得申运,溺水而死。 徐乐吾曰:壬透干,支成水局,水泛木浮之象也。 ",,,
辛丑 庚子 甲戌 辛未,穷通宝鉴,穷通宝鉴 · 第11章 十一月甲木 · 原文,调优组,冬,甲,,,,位至府尹。 ,,,
乙巳 戊子 甲辰 辛未,穷通宝鉴,穷通宝鉴 · 第11章 十一月甲木 · 原文,调优组,冬,甲,,,,"武职。 徐乐吾曰:上两造相差一时,庚午时得庚金劈甲引丁,贵为大将军,辛未时无劈甲引丁之用,仅为武职。 ",,,
壬辰 壬子 甲寅 乙丑,穷通宝鉴,穷通宝鉴 · 第11章 十一月甲木 · 原文,调优组,冬,甲,,,," 徐乐吾曰:汤文韬命,乾隆三十七年十一月廿三日丑时。用寅宫丙火,地支子丑寅辰,夹卯,联珠夹刃,位 至协办大学士。 ",,,
戊辰 甲子 甲戌 甲子,穷通宝鉴,穷通宝鉴 · 第11章 十一月甲木 · 原文,调优组,冬,甲,,,," 徐乐吾曰:黄金荣命,同治七年十一月初一日子时。《兰台》作天关地轴格,不足为准,专用戊土财星,运 行东南,一代豪侠。 ",,,
己丑 丁丑 甲辰 甲子,穷通宝鉴,穷通宝鉴 · 第12章 十二月甲木 · 原文,调优组,冬,甲,,,是,"此命有丁不贵,因支下水多,湿木不能生焰。 徐乐吾曰:丁火无根,湿木不能生炎焰,一富造耳。 ",,,
己丑 丁丑 甲辰 庚午,穷通宝鉴,穷通宝鉴 · 第12章 十二月甲木 · 原文,调优组,冬,甲,,,,"富贵双全,由午中丁火帮助月干也。 徐乐吾曰:丑辰夹寅卯,辰午夹巳,木火有气,庚金劈甲引丁,故富而且贵。 ",,,
己丑 丁丑 甲辰 戊辰,穷通宝鉴,穷通宝鉴 · 第12章 十二月甲木 · 原文,调优组,冬,甲,,,是,"因戊制水,不贫,因水困丁,不贵。凡看命,以此分断,万无一失。 徐乐吾曰:三冬水旺之时,无庚劈甲,丁火之焰,终为寒水之气所",,,
丙午 辛丑 甲戌 戊辰,穷通宝鉴,穷通宝鉴 · 第12章 十二月甲木 · 原文,调优组,冬,甲,,是,,"刑贱之极。 徐乐吾曰:丙辛相合,失丙火之用,丁火不透,财多身弱,刑冲并见,下格。 ",,,
庚子 己丑 甲戌 甲戌,穷通宝鉴,穷通宝鉴 · 第12章 十二月甲木 · 原文,调优组,冬,甲,,,," 徐乐吾曰:邵友濂命,道光二十年十二月十八日戌时。戌宫丁火暗藏,运行南方,丁火引出,官至台湾巡 抚。 ",,,
辛未 辛丑 甲寅 戊辰,穷通宝鉴,穷通宝鉴 · 第12章 十二月甲木 · 原文,调优组,冬,甲,,,," 徐乐吾曰:夏寿康命,同治十年十一月廿八日辰时。财旺生官格,喜甲木坐寅,丙火长生也。 ",,,
甲子 丁丑 甲辰 乙丑,穷通宝鉴,穷通宝鉴 · 第12章 十二月甲木 · 原文,调优组,冬,甲,,,," 徐乐吾曰:马联甲命,同治四年正月初八日丑时。无庚,有丁火出干,比劫重重,发丁火之焰,自有才能德 业,支见子丑辰,暗夹寅",,,
庚寅 辛巳 乙酉 戊寅,穷通宝鉴,穷通宝鉴 · 第16章 四月乙木 · 原文,调优组,夏,乙,,,,"。 徐乐吾曰:翁同和命,道光十年四月廿七日寅时。胎元壬申,专取胎元,故大贵,官至尚书师傅。双按:此 造,当是九个月胎元癸",,,
辛未 癸巳 乙丑 辛巳,穷通宝鉴,穷通宝鉴 · 第16章 四月乙木 · 原文,调优组,夏,乙,,,,"。 徐乐吾曰:卫兴武命,同治十年四月初六日巳时。丑宫辛癸并透,巳丑会局,较戊午造更为显著。 ",,,
戊申 戊午 乙巳 壬午,穷通宝鉴,穷通宝鉴 · 第17章 五月乙木 · 原文,调优组,夏,乙,,,,",不见癸水,残疾。 徐乐吾曰:此造申宫壬水,远隔年支,戊土重重,丙丁肆虐,然上代必有根基庇荫,惟不能荫及其身耳。 ",,,
癸未 戊午 乙亥 丙戌,穷通宝鉴,穷通宝鉴 · 第17章 五月乙木 · 原文,调优组,夏,乙,,,,",进士。 徐乐吾曰:此造好在乙木在亥,为癸水之根,否则,戊癸一合,失调泽之功矣。 ",,,
癸酉 戊午 乙卯 戊寅,穷通宝鉴,穷通宝鉴 · 第17章 五月乙木 · 原文,调优组,夏,乙,,,,"。 徐乐吾曰:郑士瑜命,同治十二年六月初八日寅时。癸水得酉金相生,虽戊土困癸,仍有润泽之功,地支联 珠夹辰巳未申,适为巽",,,
丁亥 丁未 乙巳 庚辰,穷通宝鉴,穷通宝鉴 · 第18章 六月乙木 · 原文,调优组,夏,乙,,,," 癸丙庚俱得中和,御史。 徐乐吾曰:此造专用辰中癸水,亥未拱卯,乙木有暗禄取贵也。 ",,,
辛卯 乙未 乙酉 辛巳,穷通宝鉴,穷通宝鉴 · 第18章 六月乙木 · 原文,调优组,夏,乙,,,," 徐乐吾曰:清咸丰帝命,道光十一年六月初五日巳时,或云初九日丑时(",,,
辛卯 乙未 己丑 乙丑,穷通宝鉴,穷通宝鉴 · 第18章 六月乙木 · 原文,调优组,夏,己,,,,")未知孰 是。两造恐皆不真,姑录之,备参与。 ",,,
己亥 辛未 乙丑 己卯,穷通宝鉴,穷通宝鉴 · 第18章 六月乙木 · 原文,调优组,夏,乙,,,," 徐乐吾曰:汪鸣銮命,道光十九年六月初一日卯时。专用丑宫癸水,金水相生,吉神暗藏,位至侍郎。 ",,,
庚戌 癸未 乙亥 丁丑,穷通宝鉴,穷通宝鉴 · 第18章 六月乙木 · 原文,调优组,夏,乙,,,," 徐乐吾曰:翟鸿玑命,道光三十年六月十五日丑时。生于大暑前五时,亥未会局,暗拱卯禄,癸庚并透,日 时联珠夹贵,科甲出身,",,,
戊寅 己未 乙卯 丁丑,穷通宝鉴,穷通宝鉴 · 第18章 六月乙木 · 原文,调优组,夏,乙,,,," 徐乐吾曰:钱锡孙命,光绪四年七月初七日丑时。卯未会局,专用丑中一点癸水,运行西北,富贵。 ",,,
庚申 丁亥 乙亥 丁亥,穷通宝鉴,穷通宝鉴 · 第22章 十月乙木 · 原文,调优组,冬,乙,,,,"贫贱 徐乐吾曰:亥宫壬水得禄,叠见长生,水旺木浮,无戊制水,漂浮之命。 ",,,
己酉 乙亥 乙亥 丁亥,穷通宝鉴,穷通宝鉴 · 第22章 十月乙木 · 原文,调优组,冬,乙,,,,"幼孤,先贫后富,子五。 徐乐吾曰:此造专取胎元丙寅,年上己土之财,为比所夺,故幼孤,逆行南方运,财旺得地,宜其后富。 ",,,
甲戌 乙亥 乙亥 丙子,穷通宝鉴,穷通宝鉴 · 第22章 十月乙木 · 原文,调优组,冬,乙,,,是,"阁老。 徐乐吾曰:丙火出干,寒木向阳,大贵,胎元又得丙寅也。 ",,,
庚寅 丁亥 乙巳 己卯,穷通宝鉴,穷通宝鉴 · 第22章 十月乙木 · 原文,调优组,冬,乙,,,," 徐乐吾曰:王文韶命,道光十年十月廿一日卯时。丙戊禄巳,玄机暗藏,运行东南生旺之地,循序升迁,官 至大学士。 ",,,
庚申 戊子 乙巳 丙子,穷通宝鉴,穷通宝鉴 · 第23章 十一月乙木 · 原文,调优组,冬,乙,,,," 丙戊两透,词林。 徐乐吾曰:丙戊得禄于巳,喜用有情。惜乙木无根,否则,当不止词林也。 ",,,
庚申 戊子 乙巳 乙酉,穷通宝鉴,穷通宝鉴 · 第23章 十一月乙木 · 原文,调优组,冬,乙,,,," 戊透丙藏知州。 徐乐吾曰:上两造,丙戊得禄于巳,惜木无根,否则,富贵当不止此,幸是乙木虽弱无碍。 ",,,
辛亥 庚子 乙卯 丙戌,穷通宝鉴,穷通宝鉴 · 第23章 十一月乙木 · 原文,调优组,冬,乙,,,是," 徐乐吾曰:化不逢时,孤儿异姓,幸丙火解冻,由武而得守备。 ",,,
辛巳 庚子 乙酉 丁亥,穷通宝鉴,穷通宝鉴 · 第23章 十一月乙木 · 原文,调优组,冬,乙,,,," 徐乐吾曰:陈光甫命,光绪七年十月廿六日亥时。年支巳宫藏丙,干透丁火制庚,位至上海商业银行总经 理。",,,
壬午 癸丑 乙卯 辛巳,穷通宝鉴,穷通宝鉴 · 第24章 十二月乙木 · 原文,调优组,冬,乙,,,," 巳中丙戊得所,一榜,官至太守。 徐乐吾曰:此造乙木专禄,丙戌巳官得禄,运行南方,必得意也。 ",,,
庚子 己丑 乙巳 庚辰,穷通宝鉴,穷通宝鉴 · 第24章 十二月乙木 · 原文,调优组,冬,乙,,,," 此名煞重身轻,贫而且夭。 徐乐吾曰:庚金两透,官多化煞,乙木坐巳,暗藏丙戌,时逢辰,木亦通根,坏在己土透出,党煞克身也",,,
戊午 乙丑 乙巳 庚辰,穷通宝鉴,穷通宝鉴 · 第24章 十二月乙木 · 原文,调优组,冬,乙,,,," 徐乐吾曰:副总统冯国璋命,咸丰八年十二月初四日辰时。取财生官旺,地支丑辰巳午,夹寅卯,乙木暗 强,运行巳庚,开府江南,",,,
壬申 癸丑 乙亥 庚辰,穷通宝鉴,穷通宝鉴 · 第24章 十二月乙木 · 原文,调优组,冬,乙,,,是," 徐乐吾曰:狄进熹命,同治十一年十二月廿五日辰时。壬癸并透,泄金生木,不作化论。加以乙木临亥,得 长生之气,更不能化。四",,,
壬申 癸丑 乙丑 辛巳,穷通宝鉴,穷通宝鉴 · 第24章 十二月乙木 · 原文,调优组,冬,乙,,,," 徐乐吾曰:刘芗荪命,同治十一年十二月十五日巳时。丙火得所,位至上海道。 ",,,
甲戌 丁丑 乙酉 庚辰,穷通宝鉴,穷通宝鉴 · 第24章 十二月乙木 · 原文,调优组,冬,乙,,,," 徐乐吾曰:郁芭生命,同治十三年十二月十六日辰时。化合失时,原命有丁制庚,甲木助乙,支见财多,运 行辰壬,印化煞生身,富",,,
丁丑 癸丑 乙酉 己卯,穷通宝鉴,穷通宝鉴 · 第24章 十二月乙木 · 原文,调优组,冬,乙,,,," 徐乐吾曰:陈其美命,光绪三年十二月初五日卯时。卯酉相冲,日禄受损,酉丑会局,煞旺身衰,丁火食 神,为癸水所克,行酉运,",,,
庚子 辛巳 丙寅 丙申,穷通宝鉴,穷通宝鉴 · 第28章 四月丙火 · 原文,调优组,夏,丙,,,," 申宫壬水,解丙火之炎,申运会元。 徐乐吾曰:用申宫壬水,长生之水也。 ",,,
戊戌 戊午 丙午 己丑,穷通宝鉴,穷通宝鉴 · 第29章 五月丙火 · 原文,调优组,夏,丙,,,是," 土晦无光,奴仆。 徐乐吾曰:火炎土燥,偏枯之局也,不作炎上论。加以运行西北,大势向下,其人必极迂拙。 ",,,
丁卯 丙午 丙子 壬辰,穷通宝鉴,穷通宝鉴 · 第29章 五月丙火 · 原文,调优组,夏,丙,,,," 徐乐吾曰:龙济光命,同治六年五月廿四日辰时。丁壬遥合,正是阳刃合煞,威权万里。子辰会局,解冲刃 之凶,喜得年支卯木,运",,,
辛未 甲午 丙申 戊戌,穷通宝鉴,穷通宝鉴 · 第29章 五月丙火 · 原文,调优组,夏,丙,,,," 徐乐吾曰:姚文敷命,同治十年五月初七日戌时。炎上变格,天干甲丙戊,寅宫之用全彰,申对冲寅,午戌 拱寅,地支暗聚寅午戌火",,,
壬寅 丁未 丙寅 壬辰,穷通宝鉴,穷通宝鉴 · 第30章 六月丙火 · 原文,调优组,夏,丙,,,," 一丁见柱,二壬出干,位至阁老。 徐乐吾曰:丁壬合去一煞,专用时上独煞,通根申宫,财藏煞露,源远流长,富贵宜矣,此明代夏",,,
壬寅 丁未 丙申 戊戌,穷通宝鉴,穷通宝鉴 · 第30章 六月丙火 · 原文,调优组,夏,丙,,,," 土重身轻,为乞丐而死。 徐乐吾曰:此亦火土伤官,泄气太重,无木制土,申宫壬水,反为土所塞,不能透出,故无可用也。 ",,,
己巳 辛未 丙午 癸巳,穷通宝鉴,穷通宝鉴 · 第30章 六月丙火 · 原文,调优组,夏,丙,,,," 不见壬水,支成火局,又逢辛合,不作炎上论,好吃奴贱。 徐乐吾曰:此造熬干癸水,正恐残疾,癸水易涸,若壬水即不易涸矣。 ",,,
甲辰 辛未 丙戌 甲午,穷通宝鉴,穷通宝鉴 · 第30章 六月丙火 · 原文,调优组,夏,丙,,,," 徐乐吾曰:纪文达公(晓岚)命,雍正二年六月十五日午时。火土伤官生财格,原命印旺,火土木皆为月令 之神,体用同宫,金为将",,,
甲戌 辛未 丙寅 乙未,穷通宝鉴,穷通宝鉴 · 第30章 六月丙火 · 原文,调优组,夏,丙,,,," 徐乐吾曰:福康安命,乾隆十九年六月十八日未时。生于立秋前三日,金水进气,原命火土伤官,印绶太 旺,初行癸酉运丁亥年,十",,,
壬申 丁未 丙午 丁酉,穷通宝鉴,穷通宝鉴 · 第30章 六月丙火 · 原文,调优组,夏,丙,,,," 徐乐吾曰:胡文忠公林翼命,嘉庆十七年六月初五日酉时。丙午日坐阳刃,透丁,申宫得禄之金,生起壬 水,煞刃相合,正所谓阳刃",,,
丁丑 丁未 丙子 己丑,穷通宝鉴,穷通宝鉴 · 第30章 六月丙火 · 原文,调优组,夏,丙,,,," 徐乐吾曰:毛昶熙命,嘉庆廿二年六月初四日丑时。火土伤官,翰林出身,官至大学士。 ",,,
辛巳 己亥 丙子 壬辰,穷通宝鉴,穷通宝鉴 · 第34章 十月丙火 · 原文,调优组,冬,丙,,,," 此命水多,取己土,大富贵,亦寿考。 徐乐吾曰:此造用己土混壬,以生甲木,妙在年支巳火为助,木得水土而生,宜有阳和之气助",,,
辛未 己亥 丙辰 己亥,穷通宝鉴,穷通宝鉴 · 第34章 十月丙火 · 原文,调优组,冬,丙,,,," 徐乐吾曰:曾文正公国藩命,嘉庆十六年十月十一日亥时。己土混壬格,出将入相,说明详上辛巳造,亥未 拱卯,化煞为印,尤见精",,,
辛亥 庚子 丙寅 庚寅,穷通宝鉴,穷通宝鉴 · 第35章 十一月丙火 · 原文,调优组,冬,丙,,,," 布政。 徐乐吾曰:年月金水气旺,喜得日时两寅,寅中暗藏甲木,更有丙火助之,运行南方,宜乎贵矣。 ",,,
辛酉 庚子 丙子 癸巳,穷通宝鉴,穷通宝鉴 · 第35章 十一月丙火 · 原文,调优组,冬,丙,,,," 丙癸见干,小福贵。 徐乐吾曰:喜得日禄归时,日元有根,而运程中年之后,乙未、甲午、木火相生,宜得善其终矣。 ",,,
辛丑 庚子 丙戌 戊子,穷通宝鉴,穷通宝鉴 · 第35章 十一月丙火 · 原文,调优组,冬,丙,,,是," 金寒水冻,戊晦丙光,贫而且夭。 徐乐吾曰:日元通根于戌,较为弱矣。上造癸水透干,此造癸水藏子,相等也。总之,水火相持之",,,
癸卯 乙丑 丙午 壬辰,穷通宝鉴,穷通宝鉴 · 第36章 十二月丙火 · 原文,调优组,冬,丙,,,," 统领。 徐乐吾曰:日元坐刃,七煞出干,杀刃格也。妙在乙木正印透干得禄,辰午夹巳禄,丑卯夹长生,日元暗 旺,行金水运,有",,,
乙丑 己丑 丙寅 庚寅,穷通宝鉴,穷通宝鉴 · 第36章 十二月丙火 · 原文,调优组,冬,丙,,,," 二甲制土,按察。 徐乐吾曰:火土伤官佩印也,非印何以取贵。 ",,,
辛酉 辛丑 丙寅 壬辰,穷通宝鉴,穷通宝鉴 · 第36章 十二月丙火 · 原文,调优组,冬,丙,,,," 徐乐吾曰:印光老法师命,咸丰十一年十二月十三日辰时。财旺煞高,专用寅宫木火。寅辰夹卯,气聚东 方,卯为壬水之贵,丙贵在",,,
丙子 辛丑 丙申 戊子,穷通宝鉴,穷通宝鉴 · 第36章 十二月丙火 · 原文,调优组,冬,丙,,是,," 徐乐吾曰:曹汝霖命,光绪二年十二月初十日子时。丙辛争合,无辰不作从化论,取辛金泄戊土,以护子水 官星,虽值二阳进气,究",,,
癸未 乙丑 丙寅 庚寅,穷通宝鉴,穷通宝鉴 · 第36章 十二月丙火 · 原文,调优组,冬,丙,,,," 徐乐吾曰:褚民谊命,光绪九年十二月廿日寅时。日时两寅,二阳进气,丙火旺相,取庚寅泄己土,滋癸 水,喜癸水出干,位至行政",,,
戊戌 乙丑 丙戌 癸巳,穷通宝鉴,穷通宝鉴 · 第36章 十二月丙火 · 原文,调优组,冬,丙,,,," 徐乐吾曰:尚小云命,光绪廿四年十二月初七日巳时。癸水出干,戊土伤之,土重伤癸,仅为名伶。",,,
庚午 辛巳 丁酉 丙午,穷通宝鉴,穷通宝鉴 · 第40章 四月丁火 · 原文,调优组,夏,丁,,,," 徐乐吾曰:李忠毅命,乾隆十五年四月廿五日午时。火长夏天金叠叠。胎元壬申,富而兼贵,官至提督。 ",,,
丁亥 乙巳 丁酉 甲辰,穷通宝鉴,穷通宝鉴 · 第40章 四月丁火 · 原文,调优组,夏,丁,,,," 徐乐吾曰:赵铁桥命,光绪十三年闰四月初十日辰时。亥为官贵,甲透壬藏,财生官旺,庚运庚午年遭暗 杀,位至招商局督办。支聚",,,
辛巳 甲午 丁未 甲辰,穷通宝鉴,穷通宝鉴 · 第41章 五月丁火 · 原文,调优组,夏,丁,,,是," 此建禄格,位至总兵。 徐乐吾曰:此亦甲引丁光,地支辰巳午未联珠,辰未土泄火气,但丁未火土炎燥,惜无壬水,作假炎上,运 ",,,
癸丑 戊午 丁丑 甲辰,穷通宝鉴,穷通宝鉴 · 第41章 五月丁火 · 原文,调优组,夏,丁,,,," 用甲引丁,位至尚书。 徐乐吾曰:此造与上造相同,虽透癸水,被戊合化,不能用。仍用甲引丁,辰丑之土泄秀,戊癸化而清。地 ",,,
丙辰 甲午 丁亥 乙巳,穷通宝鉴,穷通宝鉴 · 第41章 五月丁火 · 原文,调优组,夏,丁,,,," 徐乐吾曰:汤寿潜命,咸丰六年六月初二日巳时。甲引丁光,日坐亥宫,有壬制丙,名传郡邑不虚。天干乙 丙丁三奇,地支巳午联珠",,,
丁酉 丙午 丁酉 己酉,穷通宝鉴,穷通宝鉴 · 第41章 五月丁火 · 原文,调优组,夏,丁,,,," 徐乐吾曰:江万平命,光绪廿三年五月初九日酉时。火长夏天金叠叠格,更得己土出干,通火金之气,乃富 格也。",,,
辛亥 癸巳 戊午 丙辰,穷通宝鉴,穷通宝鉴 · 第50章 四月戊土 · 原文,调优组,夏,戊,,,,"化合逢时,名重玉堂 徐乐吾曰:戊癸相合,时透丙辰,化火斯真。年见辛亥,戊癸何以能化,正以巳亥相冲,亥宫壬甲与午宫丁 巳相",,,
癸丑 丁巳 戊午 丁巳,穷通宝鉴,穷通宝鉴 · 第50章 四月戊土 · 原文,调优组,夏,戊,,,,"癸水虽出年干,乏甲疏土,秀才而已。 徐乐吾曰:戊癸隔位不合,又不逢辰,故不化。癸水出年干,通根于丑,癸透为清气,虽解火之",,,
己未 己巳 戊午 乙卯,穷通宝鉴,穷通宝鉴 · 第50章 四月戊土 · 原文,调优组,夏,戊,,,是," 徐乐吾曰:蔡乃煌命,咸丰九年四月十八日卯时。支聚巳午未南方,卯巳午三奇,四柱无滴水解炎,乙卯官 星,气泄于火,格成专旺",,,
庚辰 辛巳 戊戌 丁巳,穷通宝鉴,穷通宝鉴 · 第50章 四月戊土 · 原文,调优组,夏,戊,,,," 徐乐吾:方本仁命,光绪六年四月初一日巳时。庚辛出干,辰中暗藏癸水,有土润生金之意,特金不成局, 癸不出干,具体而微,不",,,
丁丑 丙午 戊寅 丙辰,穷通宝鉴,穷通宝鉴 · 第51章 五月戊土 · 原文,调优组,夏,戊,,,,"残疾瞽目,常人。 徐乐吾曰:用丑辰中癸水,被火土熬干,残疾瞽目,常人而已。 ",,,
辛亥 甲午 戊子 己未,穷通宝鉴,穷通宝鉴 · 第51章 五月戊土 · 原文,调优组,夏,戊,,,," 徐乐吾曰:翁文端命,乾隆五十六年五月十四日未时。用亥宫壬水生甲木,辛金出干,为水之源,位至大学 士。 ",,,
己丑 庚午 戊午 戊午,穷通宝鉴,穷通宝鉴 · 第51章 五月戊土 · 原文,调优组,夏,戊,,,," 徐乐吾曰:岑毓英命,道光九年五月廿五日午时。丑宫癸水熬干,格成专旺,运行东方,官至宫保。 ",,,
丁未 丙午 戊子 戊午,穷通宝鉴,穷通宝鉴 · 第51章 五月戊土 · 原文,调优组,夏,戊,,,," 徐乐吾曰:袁海观命,道光廿七年五月初十日午时。戊癸化火格,戊子上下相合,运行东方,位至总督。 ",,,
己卯 庚午 戊寅 丙辰,穷通宝鉴,穷通宝鉴 · 第51章 五月戊土 · 原文,调优组,夏,戊,,,," 徐乐吾曰:蒋锡侯命,蒋委员长异母兄也,光绪五年五月初五日辰时。戊土生午月,不可无水。此造寅卯辰 全,煞印两旺,己土阳刃",,,
丁丑 丙午 戊午 甲寅,穷通宝鉴,穷通宝鉴 · 第51章 五月戊土 · 原文,调优组,夏,戊,,,," 徐乐吾曰:张啸林命,光绪三年五月初四日寅时。印旺煞高,木火自焚,四柱无财,七煞助刃而不制刃,只 恐阳刃倒戈,果于子运之",,,
甲申 庚午 戊戌 丙辰,穷通宝鉴,穷通宝鉴 · 第51章 五月戊土 · 原文,调优组,夏,戊,,,," 徐乐吾曰:席鹿笙命,光绪十年五月廿四日辰时。用申宫长生之水,甲木被伤无用,用壬水破印润土生金, 故为富格而非贵,申金在",,,
戊戌 己未 戊辰 癸丑,穷通宝鉴,穷通宝鉴 · 第52章 六月戊土 · 原文,调优组,夏,戊,,,,"稼穑格,有道全真。 徐乐吾曰:癸水通根辰丑,虽无丙甲及辛金,然土旺而润,万物茂盛,稼穑格成也。丑宫辛金入库,故反为 有道",,,
戊申 己未 戊午 辛酉,穷通宝鉴,穷通宝鉴 · 第52章 六月戊土 · 原文,调优组,夏,戊,,,,"稼穑格,火为病,水为药,早岁大魁天下,乏子。 徐乐吾:此造亦稼穑格,土金伤官,辛金结局,不富即贵,月日时三位同旬,午未申",,,
癸未 己未 戊戌 丁巳,穷通宝鉴,穷通宝鉴 · 第52章 六月戊土 · 原文,调优组,夏,戊,,,," 徐乐吾:丁日昌命,道光三年六月初一日巳时。此造胎元庚戌,日禄归时,用胎元庚金,位至总督。 ",,,
己亥 辛未 戊寅 乙卯,穷通宝鉴,穷通宝鉴 · 第52章 六月戊土 · 原文,调优组,夏,戊,,,是," 徐乐吾曰:廖寿恒命,道光十九年六月十四日卯时。三伏生寒,用寅宫丙火化官煞,官至尚书。 ",,,
庚子 癸未 戊寅 壬子,穷通宝鉴,穷通宝鉴 · 第52章 六月戊土 · 原文,调优组,夏,戊,,,是," 徐乐吾曰:叶澄衷命,道光二十年六月二十日子时。金水进气,三伏生寒,用寅宫丙火,癸水财星输情于 戊,故为大富。戊土临寅,",,,
壬申 辛亥 戊寅 庚申,穷通宝鉴,穷通宝鉴 · 第56章 十月戊土 · 原文,调优组,冬,戊,,,,"名合禄格,位至府尹,盖支下四皆生地,故运遇东南,大贵。 徐乐吾曰:《喜忌篇》云:庚申时逢戊日,名食神干旺之方,岁月犯甲丙",,,
壬申 辛亥 戊辰 乙卯,穷通宝鉴,穷通宝鉴 · 第56章 十月戊土 · 原文,调优组,冬,戊,,,,"忠厚,有子不立,乙卯破败故也。 徐乐吾曰:乙木无疏土之功,故主忠厚,官星为子,辛金克之,戊生于寅,至卯沐浴破败之乡,故有",,,
己亥 乙亥 戊子 壬戌,穷通宝鉴,穷通宝鉴 · 第56章 十月戊土 · 原文,调优组,冬,戊,,是,,"偏财格,运行火地方发。 徐乐吾曰:壬水出干,偏财太旺,戊土仅恃时支戌宫通根,时为终局,故晚运佳也,火地者,戊土生旺",,,
癸卯 癸亥 戊辰 戊午,穷通宝鉴,穷通宝鉴 · 第56章 十月戊土 · 原文,调优组,冬,戊,,,,"阳刃驾煞格,府尹。 徐乐吾曰:戊辰魁罡,阳刃在午,亥宫甲木七煞,名为阳刃驾煞。而煞刃皆弱,好在两戊两癸,真火暗助, 化煞",,,
丁卯 辛亥 戊午 壬戌,穷通宝鉴,穷通宝鉴 · 第56章 十月戊土 · 原文,调优组,冬,戊,,是,," 徐乐吾曰:王一亭命,同治六年十一月初九日戌时。亥宫壬水得禄,财通门户(月令为门户),更有辛金相 生,戊土日元,支临午戌",,,
壬申 辛亥 戊辰 甲寅,穷通宝鉴,穷通宝鉴 · 第56章 十月戊土 · 原文,调优组,冬,戊,,,," 徐乐吾曰:孙洪伊命,同治十一年十月十七日寅时。丙火藏寅,壬水不克,惜寅申遥冲,荣华不久耳。 ",,,
癸酉 癸亥 戊子 丁巳,穷通宝鉴,穷通宝鉴 · 第56章 十月戊土 · 原文,调优组,冬,戊,,,," 徐乐吾曰:王俊珊命,同治十二年十月十三日巳时。日禄归时格,专用巳丙戊,运至南方比劫之地,发财巨 万,为盐务总商,其富而",,,
甲戌 乙亥 戊子 癸亥,穷通宝鉴,穷通宝鉴 · 第56章 十月戊土 · 原文,调优组,冬,戊,,,," 徐乐吾曰:汤化龙命,同治十三年十月十九日亥时。支聚戌亥子西北乾坎两宫,财旺生官,专用胎元丙火, 位至总长。",,,
壬子 壬子 戊子 壬子,穷通宝鉴,穷通宝鉴 · 第57章 十一、十二月戊土 · 原文,调优组,冬,戊,,是,,"从财格,太史。 徐乐吾曰:前清桐城张文端公英命造,生于康熙十一年壬子十一月十七日子时。水多土荡,四柱无一点比 印,从财成",,,
戊寅 甲子 戊辰 戊午,穷通宝鉴,穷通宝鉴 · 第57章 十一、十二月戊土 · 原文,调优组,冬,戊,,,,"甲出丙藏,又戊多晦光,好客,一生贫苦。 徐乐吾曰:甲出丙藏,格局无疵,唯嫌三比露干,事业虽广,财无积储。 ",,,
己巳 丙子 戊寅 壬戌,穷通宝鉴,穷通宝鉴 · 第57章 十一、十二月戊土 · 原文,调优组,冬,戊,,,," 徐乐吾曰:张寿龄命,同治八年十一月十一日戌时。丙透通根寅巳,财星秉令,位至财政总长。 ",,,
庚辰 戊子 戊子 庚申,穷通宝鉴,穷通宝鉴 · 第57章 十一、十二月戊土 · 原文,调优组,冬,戊,,,," 徐乐吾曰:赵恒惕命,光绪六年十一月二十四日申时。专食合禄格,伤官生财,专用巳宫丙戊以成格,故 贵,位至都督,惟昙花一现",,,
癸卯 乙丑 戊申 癸丑,穷通宝鉴,穷通宝鉴 · 第57章 十一、十二月戊土 · 原文,调优组,冬,戊,,,,"四柱无火,得戊癸化火,接引胎元丙火,申宫壬水辅阳,却用辛壬辅丙,按察,官至二 品。 徐乐吾曰:丑月虽云土旺,亦为金水领域",,,
癸卯 乙丑 戊申 壬子,穷通宝鉴,穷通宝鉴 · 第57章 十一、十二月戊土 · 原文,调优组,冬,戊,,,是,"此时上偏财格,大贵。 徐乐吾曰:此两造,皆用胎元丙火,卯丑夹寅,申金冲之,丙火虚神有气,原命财官得禄,特寒土寒木,无 丙",,,
辛酉 辛丑 戊寅 辛酉,穷通宝鉴,穷通宝鉴 · 第57章 十一、十二月戊土 · 原文,调优组,冬,戊,,,," 徐乐吾曰:江朝宗命,咸丰十一年十二月二十五日酉时。土金伤官佩印,专用寅宫丙火,以丁酉、丙申运为 最得意时代,位至",,,
辛巳 辛丑 戊申 壬子,穷通宝鉴,穷通宝鉴 · 第57章 十一、十二月戊土 · 原文,调优组,冬,戊,,,," 徐乐吾曰:万福麟命,光绪七年十一月二十日子时。土金伤官佩印,丙火藏于巳宫,位至都督。 ",,,
辛巳 辛丑 戊申 甲寅,穷通宝鉴,穷通宝鉴 · 第57章 十一、十二月戊土 · 原文,调优组,冬,戊,,,," 徐乐吾曰:姜登选命,光绪七年十一月二十日寅时。伤官见官,丙藏寅巳,三刑逢冲,位至军长,不得善 终,在丙申运,丙寅年。",,,
己巳 己巳 己巳 戊辰,穷通宝鉴,穷通宝鉴 · 第61章 四五六月己土 · 原文,调优组,夏,己,,,,",乃富盖都城,何也?己生初夏,丙多,戊己又多,妙得三庚生起辰中癸水,加 之胎元庚申,如破碣之水,不为旱田矣。故运行西北,",,,
乙巳 辛巳 己巳 辛未,穷通宝鉴,穷通宝鉴 · 第61章 四五六月己土 · 原文,调优组,夏,己,,,,"金多泄土,旱田无水,专用胎元,位至知府。 徐乐吾曰:胎元,壬申也。己土虽能生金,而四柱无水,过于枯干,故用胎元壬水。 ",,,
辛未 癸巳 己卯 戊辰,穷通宝鉴,穷通宝鉴 · 第61章 四五六月己土 · 原文,调优组,夏,己,,,,"女命,稍富无子 徐乐吾曰:此造癸水出干,辛金生之,故富,时上癸水入墓,戊土劫夺,故无子。 ",,,
癸酉 丁巳 己卯 甲戌,穷通宝鉴,穷通宝鉴 · 第61章 四五六月己土 · 原文,调优组,夏,己,,,," 徐乐吾曰:褚辅成命,同治十二年五月初二日戌时。癸透丙藏,喜巳酉会局以生癸水,位至省长。 五月己土节命例: ",,,
癸丑 戊午 己巳 丁卯,穷通宝鉴,穷通宝鉴 · 第61章 四五六月己土 · 原文,调优组,夏,己,,,," 徐乐吾曰:张謇命,咸丰三年五月廿五日卯时。癸水与戊土合化,丁己同禄于午,格成从旺,丁己同宫,卯 巳午三台聚贵,运行东南",,,
丙辰 甲午 己丑 丁卯,穷通宝鉴,穷通宝鉴 · 第61章 四五六月己土 · 原文,调优组,夏,己,,,," 徐乐吾曰:段书云命,咸丰六年六月初四日卯时。用丑宫金水,喜运行西北。 ",,,
己未 庚午 己丑 辛未,穷通宝鉴,穷通宝鉴 · 第61章 四五六月己土 · 原文,调优组,夏,己,,,," 徐乐吾曰:李盛铎命,咸丰九年五月廿日未时。土润金生,非富即贵,喜丑宫癸水得用,富贵兼全之命,位 至督抚。 ",,,
乙亥 壬午 己未 己巳,穷通宝鉴,穷通宝鉴 · 第61章 四五六月己土 · 原文,调优组,夏,己,,,," 徐乐吾曰:李徵五命,光绪元年五月廿三日巳时。地支巳午未成方,壬水出干,得禄于亥,惜无金相生,无 源之水易涸,虚荣而已。",,,
丁酉 丙午 己亥 己巳,穷通宝鉴,穷通宝鉴 · 第61章 四五六月己土 · 原文,调优组,夏,己,,,," 徐乐吾曰:朱光沐命,光绪廿三年五月十一日巳时。以巳酉会局之金,生亥宫壬水,亦富贵兼全之命。 六月己土节命例: ",,,
甲戌 辛未 己酉 己巳,穷通宝鉴,穷通宝鉴 · 第61章 四五六月己土 · 原文,调优组,夏,己,,,,"亦用胎元致富。 徐乐吾曰:胎元壬申,虽有巳酉金局相生,非比申宫长生之水,所谓壬透有源,富而不贵是也。 ",,,
壬寅 丁未 己卯 乙亥,穷通宝鉴,穷通宝鉴 · 第61章 四五六月己土 · 原文,调优组,夏,己,,是,," 徐乐吾曰:伍庭芳命,道光廿二年六月初二日亥时。壬水合丁化木,亥卯未支聚木局,乙透甲藏,格成从 煞,运行东方,位至外交总",,,
乙亥 癸未 己亥 辛未,穷通宝鉴,穷通宝鉴 · 第61章 四五六月己土 · 原文,调优组,夏,己,,,是," 徐乐吾曰:曾毓隽命,光绪元年七月初五日未时。癸辛两透,惜四柱无丙,己土之气虚寒,位至交通总长。 ",,,
戊辰 己未 己未 庚午,穷通宝鉴,穷通宝鉴 · 第61章 四五六月己土 · 原文,调优组,夏,己,,,是," 徐乐吾曰:女命,同治七年六月十三日午时。四季月总论云:辰戌丑未四季,以未月为极旺,土临此未月, 四柱土重,多作火炎土燥",,,
甲午 乙亥 己丑 戊辰,穷通宝鉴,穷通宝鉴 · 第63章 十十一十二月己土 · 原文,调优组,冬,己,,,,尚宝卿。 ,,,
乙巳 丁亥 己丑 甲子,穷通宝鉴,穷通宝鉴 · 第63章 十十一十二月己土 · 原文,调优组,冬,己,,,,于大学士。 ,,,
壬申 辛亥 己巳 丙寅,穷通宝鉴,穷通宝鉴 · 第63章 十十一十二月己土 · 原文,调优组,冬,己,,,," 徐乐吾曰:此宋代韩佗胃命,所谓剑锋金遇洪炉之火,以子平法论之,时上丙火高透,逢生得禄,支金寅申 巳亥,固极品之实也。然",,,
辛巳 己亥 己巳 乙丑,穷通宝鉴,穷通宝鉴 · 第63章 十十一十二月己土 · 原文,调优组,冬,己,,,," 徐乐吾曰:王宠惠命,光绪七年十月初十日丑时。两巳藏丙,中年之后,运行南方,位至外交部长,历任各 国大使。或云丙寅时,未",,,
甲戌 丙子 己丑 甲子,穷通宝鉴,穷通宝鉴 · 第63章 十十一十二月己土 · 原文,调优组,冬,己,,,,何宽尚书。 ,,,
甲辰 丙子 己未 戊辰,穷通宝鉴,穷通宝鉴 · 第63章 十十一十二月己土 · 原文,调优组,冬,己,,,,学士。 ,,,
甲寅 丙子 己未 丙寅,穷通宝鉴,穷通宝鉴 · 第63章 十十一十二月己土 · 原文,调优组,冬,己,,,是,"权贵。 徐乐吾曰:以上三造,官印并透,化木暖土,冬己非丙不暖,寒木向阳,非丙亦无生意,用在丙火,固显然 也。 ",,,
乙卯 戊子 己卯 丁卯,穷通宝鉴,穷通宝鉴 · 第63章 十十一十二月己土 · 原文,调优组,冬,己,,,是,"大贵。 徐乐吾曰:此造特殊,戊子上下相合,虽不化火,水之效用亦鲜。地支三卯,乙木出干,而时透丁火,正所 谓众煞猖狂,一仁",,,
丙辰 庚子 己卯 丙寅,穷通宝鉴,穷通宝鉴 · 第63章 十十一十二月己土 · 原文,调优组,冬,己,,,,"进士,大参。 ",,,
壬寅 壬子 己卯 丙寅,穷通宝鉴,穷通宝鉴 · 第63章 十十一十二月己土 · 原文,调优组,冬,己,,,,"进士。 徐乐吾曰:此两造,皆丙透通根,科甲之贵。 ",,,
丁巳 壬子 己卯 癸酉,穷通宝鉴,穷通宝鉴 · 第63章 十十一十二月己土 · 原文,调优组,冬,己,,,是," 徐乐吾曰:此明代建文帝命,壬水合去丁火,癸水又出,冻土仅恃年支巳宫一点丙火,除祖荫外,固无事可 为也。 十二月己土节命",,,
壬申 癸丑 己丑 甲戌,穷通宝鉴,穷通宝鉴 · 第63章 十十一十二月己土 · 原文,调优组,冬,己,,,是,"木疏季土格,官拜侍郎。 徐乐吾曰:水寒土冻,喜得甲戌时,戌为火库,寒谷藏春,更得甲木疏土,引生丁火。己癸月垣聚气,亦为 ",,,
壬子 癸丑 己卯 己巳,穷通宝鉴,穷通宝鉴 · 第63章 十十一十二月己土 · 原文,调优组,冬,己,,,是,"财旺生杀格,状元尚书。 徐乐吾曰:此造与上造相同,喜得时逢己巳,暗藏丙火,寒谷回春,运行东南,自然贵显。否则,虽财旺生 ",,,
丁亥 癸丑 己未 己巳,穷通宝鉴,穷通宝鉴 · 第63章 十十一十二月己土 · 原文,调优组,冬,己,,,,"大贵。 徐乐吾曰:此造丑宫己癸并透,丁火出干,与上造同,而时支逢巳,丙火得位,故大贵也。 ",,,
癸卯 乙丑 己丑 乙亥,穷通宝鉴,穷通宝鉴 · 第63章 十十一十二月己土 · 原文,调优组,冬,己,,是,是,"江南沈,一榜;程监生,大富。二人同庚,身强敌煞。 徐乐吾曰:己丑身强,乙木枯草,无可用,亥宫之甲,寒木无力,亦不足以取贵",,,
壬寅 乙巳 庚戌 丙戌,穷通宝鉴,穷通宝鉴 · 第68章 四月庚金 · 原文,调优组,夏,庚,,,,"刑克,飘荡离乡,客外之人。 徐乐吾曰:此造壬水无根,气泄于寅,不能制丙,火土无情,奔流之客也。 ",,,
甲申 己巳 庚午 戊寅,穷通宝鉴,穷通宝鉴 · 第68章 四月庚金 · 原文,调优组,夏,庚,,,," 徐乐吾曰:钱应溥命,道光四年五月初八日寅时。寅午会局,专用申宫壬水,运行西北,拔贡,位至军机。 ",,,
乙丑 辛巳 庚子 丙子,穷通宝鉴,穷通宝鉴 · 第68章 四月庚金 · 原文,调优组,夏,庚,,,," 徐乐吾曰:齐耀珊命,同治四年五月初六日子时。群金生夏,妙用元武,支成金局,用巳宫当旺之火,富贵 奚疑。但用丙火七煞为武",,,
壬午 乙巳 庚戌 辛巳,穷通宝鉴,穷通宝鉴 · 第68章 四月庚金 · 原文,调优组,夏,庚,,,," 徐乐吾曰:杨树庄命,光绪八年三月廿四日巳时。支成火局,两巳藏丙,喜壬水出干制之,胎元丙申,壬水 有根,假煞为权,位至海",,,
壬午 乙巳 庚戌 壬午,穷通宝鉴,穷通宝鉴 · 第68章 四月庚金 · 原文,调优组,夏,庚,,,," 徐乐吾曰:曾宗鉴命,光绪八年三月廿四日午时。与杨造仅差一时,用午中丁火,为文阶而非武职。年时两 午,会戌成局,更值火旺",,,
己未 庚午 庚戌 壬午,穷通宝鉴,穷通宝鉴 · 第69章 五月庚金 · 原文,调优组,夏,庚,,是,,"从杀格,早年刑困,子晚妻迟,晚年大富,寿考子多。 徐乐吾曰:此造印比食神均出干,决不能以从论,似从而不成从,所谓类象是了",,,
丁卯 丙午 庚午 己卯,穷通宝鉴,穷通宝鉴 · 第69章 五月庚金 · 原文,调优组,夏,庚,,是,,",一派木火,从象更真。但因己土透也,得禄于午,不能从也。得意在辛丑、庚子运。 此造先贫后富,恐亦富在辛丑、庚子运也。庚金",,,
己丑 庚午 庚午 丁丑,穷通宝鉴,穷通宝鉴 · 第69章 五月庚金 · 原文,调优组,夏,庚,,是,,",柱见两丑,暗藏金水可用,其不能从煞,更为明显,特此类命造,早年多困苦。《八 法关键》云:类化气而不成局,类印绶而不成印",,,
庚申 壬午 庚寅 壬午,穷通宝鉴,穷通宝鉴 · 第69章 五月庚金 · 原文,调优组,夏,庚,,,,"两干不杂,一榜,知府。 徐乐吾曰:两干不杂,取其清耳,专用庚壬。 ",,,
辛酉 甲午 庚戌 庚辰,穷通宝鉴,穷通宝鉴 · 第69章 五月庚金 · 原文,调优组,夏,庚,,,," 徐乐吾曰:徐绍祯命,咸丰十一年五月廿三日辰时。辰戌魁罡相逢,年逢辛酉阳刃,午宫丁火当旺,为官刃 格,运利西北。 ",,,
丙辰 乙未 庚申 癸未,穷通宝鉴,穷通宝鉴 · 第70章 六月庚金 · 原文,调优组,夏,庚,,,,"用未中二丁,为役起家,早岁发达无比。 徐乐吾曰:上两造,相差一时,丁亥时,丁透甲藏,故有乡举之贵;癸未时,专用未中二丁,",,,
辛亥 乙未 庚子 己卯,穷通宝鉴,穷通宝鉴 · 第70章 六月庚金 · 原文,调优组,夏,庚,,,,"秀才,捐监,官至州同。 徐乐吾曰:此造甲藏亥宫,丁火不透,且为支水所伤,幸己土出干,制癸,甲木破未出丁,杂职小官,无异 ",,,
癸巳 己未 庚子 甲申,穷通宝鉴,穷通宝鉴 · 第70章 六月庚金 · 原文,调优组,夏,庚,,,,"此伤官格,制煞太过,入木火运,财旺生杀,举人。 徐乐吾曰:子申会局而透癸水,伤官格也,未中丁火,压伏在下,行财运化伤生官",,,
戊申 己未 庚午 丙戌,穷通宝鉴,穷通宝鉴 · 第70章 六月庚金 · 原文,调优组,夏,庚,,,," 徐乐吾曰:赵舒翘命,道光廿八年六月廿八日戌时。地支午未申配夹酉刃,庚金暗旺,丙火出干,行北方水 运,翰林出身,官至尚书",,,
庚辰 丁亥 庚子 庚辰,穷通宝鉴,穷通宝鉴 · 第74章 十月庚金 · 原文,调优组,冬,庚,,,," 徐乐吾曰:张凯嵩命,嘉庆廿五年拾月十七日辰时。丁火锻金,位至巡抚。 ",,,
庚寅 丁亥 庚寅 乙酉,穷通宝鉴,穷通宝鉴 · 第74章 十月庚金 · 原文,调优组,冬,庚,,,," 徐乐吾曰:潘祖荫命,道光十年十月初六日酉时。丁透丙藏,官至尚书。 ",,,
壬午 辛亥 庚辰 丙子,穷通宝鉴,穷通宝鉴 · 第74章 十月庚金 · 原文,调优组,冬,庚,,,," 徐乐吾曰:朱耀东命,光绪八年十月廿七日子时。丙透丁甲并藏,惜丁火藏午,力有不足,旧家中富,位至 财政部盐务署长。 ",,,
癸未 癸亥 庚午 戊寅,穷通宝鉴,穷通宝鉴 · 第74章 十月庚金 · 原文,调优组,冬,庚,,,," 徐乐吾曰:潘复命,光绪九年十月廿三日寅时。寅午会局,丙丁甲均藏,好在戊癸相合,未亥会局,暗助火 旺,位至财政部长,进总",,,
戊子 癸亥 庚寅 戊寅,穷通宝鉴,穷通宝鉴 · 第74章 十月庚金 · 原文,调优组,冬,庚,,,," 徐乐吾曰:冼冠生命,光绪十四年十月十二日寅时。丙甲藏寅,惜有丙无丁,富而不贵,为有名实业家 ",,,
甲午 乙亥 庚辰 己卯,穷通宝鉴,穷通宝鉴 · 第74章 十月庚金 · 原文,调优组,冬,庚,,,," 徐乐吾曰:宋子文命,光绪廿年十一月初八日卯时。甲木出干,丁火得位,财旺生官,乙合于庚,亥卯会局 引生丁火,妙在庚辰日元",,,
乙丑 丁亥 庚子 壬午,穷通宝鉴,穷通宝鉴 · 第75章 十一月庚金 · 原文,调优组,冬,庚,,,是,",有丁无甲,富真贵假,庚金气弱,行申酉运,显达异途,其理至验。有甲无丙丁,专 用甲木财星,泄食伤之气,商贾贸易之流,不足",,,
壬子 壬子 庚申 庚辰,穷通宝鉴,穷通宝鉴 · 第75章 十一月庚金 · 原文,调优组,冬,庚,,,,"井栏叉格,尚书。 徐乐吾曰:井栏叉,即金水伤官之变,原局无火,运行东南而大发。 ",,,
甲子 丙子 庚申 庚辰,穷通宝鉴,穷通宝鉴 · 第75章 十一月庚金 · 原文,调优组,冬,庚,,,,"井栏叉格,尚书。 徐乐吾曰:此造井栏义格,行东南木火运,大贵。 ",,,
甲寅 丙子 庚申 辛巳,穷通宝鉴,穷通宝鉴 · 第75章 十一月庚金 · 原文,调优组,冬,庚,,,," 徐乐吾曰:张勋命,咸丰四年十月廿五日辰时。甲丙出干,通根寅巳,运行庚辰辛巳比劫之乡,盛极一时, 位至巡阅使。 ",,,
己卯 丙子 庚寅 辛巳,穷通宝鉴,穷通宝鉴 · 第75章 十一月庚金 · 原文,调优组,冬,庚,,,," 徐乐吾曰:史量才命,光绪五年十一月廿一日巳时。庚金子月,死地也,好在庚寅煞印相生,引至时上长 生,丙火己土并透,丙火独",,,
壬午 壬子 庚辰 甲申,穷通宝鉴,穷通宝鉴 · 第75章 十一月庚金 · 原文,调优组,冬,庚,,,," 徐乐吾曰:邵力子命,光绪八年十月廿七日申时。生于大雪后两时,专用午宫丁火,好在甲木出干引丁,位 至部长。",,,
己巳 丁丑 庚子 甲申,穷通宝鉴,穷通宝鉴 · 第76章 十二月庚金 · 原文,调优组,冬,庚,,,是,"上两造兄弟孪生,兄举人,弟生员,大抵以后落地为弟,占乙酉时,失甲无以引丁,丁 虽出干无根,故贵有大小耳。 徐乐吾曰:丁火",,,
己亥 丁丑 庚午 丙戌,穷通宝鉴,穷通宝鉴 · 第76章 十二月庚金 · 原文,调优组,冬,庚,,,,"女命,煞旺身轻,虽生官家,早夭。 徐乐吾曰:此造月令正印出干,幼享荫庇之福。午戌结局,丙丁并透,金被火熔,早夭宜矣。 ",,,
癸丑 乙丑 庚辰 戊寅,穷通宝鉴,穷通宝鉴 · 第76章 十二月庚金 · 原文,调优组,冬,庚,,,," 徐乐吾曰:严几道命,咸丰三年十二月十日寅时。好在戊寅时,寅宫暗藏丙甲,文名播于四海,得天爵之 贵。 ",,,
辛未 辛丑 庚辰 丁丑,穷通宝鉴,穷通宝鉴 · 第76章 十二月庚金 · 原文,调优组,冬,庚,,,," 徐乐吾曰:李开先命,同治十年十二月廿五日丑时。支聚四库,土旺生金,丁火出干,锻庚为贵,拔贡出 身,位至广东巡按使。 ",,,
癸酉 乙丑 庚寅 丙子,穷通宝鉴,穷通宝鉴 · 第76章 十二月庚金 · 原文,调优组,冬,庚,,,," 徐乐吾曰:张载阳命,同治十二年十二月十六日子时。丙火通根于寅,乙木化癸,不致困丙,历任镇守使, 位至浙江省长。 ",,,
辛巳 辛丑 庚申 辛巳,穷通宝鉴,穷通宝鉴 · 第76章 十二月庚金 · 原文,调优组,冬,庚,,,," 徐乐吾曰:李国杰命,光绪七年十二月初二日巳时。从革格失令,运行西北富贵,至乙未运,气转南方,己 卯年正月,突遭暗杀弊命",,,
乙未 辛巳 辛亥 乙未,穷通宝鉴,穷通宝鉴 · 第80章 四月辛金 · 原文,调优组,夏,辛,,是,,"两间杂,但非时耳,茂才。 徐乐吾曰:此造取亥宫壬水,从财格,不得其时也。 ",,,
甲午 己巳 辛未 庚寅,穷通宝鉴,穷通宝鉴 · 第80章 四月辛金 · 原文,调优组,夏,辛,,,,"孤贫。 徐乐吾曰:此造有庚金出干为助,己土生之,但火旺无水,无可生发,下格。 ",,,
癸卯 丁巳 辛酉 戊子,穷通宝鉴,穷通宝鉴 · 第80章 四月辛金 · 原文,调优组,夏,辛,,,," 徐乐吾曰:汤文藻命,光绪廿九年五月初七日子时。辛酉专禄,巳酉会局,加以六阴朝阳,癸水得禄,润土 生金,辛金反弱为旺,用",,,
丙戌 癸巳 辛巳 庚寅,穷通宝鉴,穷通宝鉴 · 第80章 四月辛金 · 原文,调优组,夏,辛,,是,," 徐乐吾曰:褚玉璞命,光绪十二年四月十八日寅时。丙火太旺,专用癸水破丙,喜得庚金生助,运至申酉, 起逢草莽阃,戊运去癸,",,,
丁未 丙午 辛卯 甲午,穷通宝鉴,穷通宝鉴 · 第81章 五月辛金 · 原文,调优组,夏,辛,,,,",癸运壬申年遭二二八沪战之难。大致见金犹可,见水为尤忌也。 ",,,
壬午 丙午 辛酉 戊戌,穷通宝鉴,穷通宝鉴 · 第81章 五月辛金 · 原文,调优组,夏,辛,,,是,"壬水出干,又被戊土破去,支中火局煎燥,故为人仆,且孤。",,,
壬辰 丁未 辛丑 甲午,穷通宝鉴,穷通宝鉴 · 第82章 六月辛金 · 原文,调优组,夏,辛,,,,"丁壬两透,大贵之命。 徐乐吾曰:此造妙在辛金坐丑,通根身库,未中丁火透干,得禄于午。壬水亦坐身库,丁壬合煞为贵。为明 流",,,
甲寅 辛未 辛未 丁酉,穷通宝鉴,穷通宝鉴 · 第82章 六月辛金 · 原文,调优组,夏,辛,,,是,"欠水,七煞无制,贫苦终身。 徐乐吾曰:辛金坐未,燥泥成灰,虽时逢归禄,而七煞无制,无水润土,偏枯之造也。 ",,,
辛卯 乙未 辛酉 庚寅,穷通宝鉴,穷通宝鉴 · 第82章 六月辛金 · 原文,调优组,夏,辛,,是,," 徐乐吾曰:张锡璐命,光绪十七年六月廿九日寅时。上文支成木局,独壬不贵,须得庚金,此造独庚无壬, 亦不取贵所谓无壬便假也",,,
癸卯 己未 辛亥 戊子,穷通宝鉴,穷通宝鉴 · 第82章 六月辛金 · 原文,调优组,夏,辛,,,," 徐乐吾曰:光绪廿九年闰五月廿八日子时。支成木局,癸透壬藏,惜戊己并透而无庚金,故仅为一银行家之 命,富而不贵也。",,,
壬辰 辛亥 辛亥 丙申,穷通宝鉴,穷通宝鉴 · 第86章 十月辛金 · 原文,调优组,冬,辛,,,是," 徐乐吾曰:清太宗命,丙壬并透,金白水清,胎元寅宫,引生丙火之气,金温水暖,创业帝王之命。此造亦 可作化气论,然亥宫甲木",,,
辛巳 己亥 辛巳 己亥,穷通宝鉴,穷通宝鉴 · 第86章 十月辛金 · 原文,调优组,冬,辛,,,," 徐乐吾曰:尹文端公命,康熙四十年十月廿八日亥时。此造用丙己,妙在四柱皆上下相合,精神团结,己土 混壬生甲,引生丙火,亦",,,
戊午 癸亥 辛酉 庚寅,穷通宝鉴,穷通宝鉴 · 第86章 十月辛金 · 原文,调优组,冬,辛,,,是," 徐乐吾曰:田文烈命,咸丰八年十月十九日寅时。癸被戊合,专用亥宫壬水,喜得辛酉专禄,庚劫助之,寅 宫有丙火暖金,位至湖南",,,
丁丑 辛亥 辛亥 丁酉,穷通宝鉴,穷通宝鉴 · 第86章 十月辛金 · 原文,调优组,冬,辛,,,是," 徐乐吾曰:徐国梁命,光绪三年十月三十日酉时。用壬无丙,取丁火温金暖水,贵而就武,统领师干。 ",,,
甲申 乙亥 辛巳 戊子,穷通宝鉴,穷通宝鉴 · 第86章 十月辛金 · 原文,调优组,冬,辛,,,," 徐乐吾曰:张志潭命,光绪十年十月初十日子时。甲木出干破戊,专用亥宫壬水,巳宫丙戊,位至财长。 ",,,
己亥 丙子 辛卯 辛卯,穷通宝鉴,穷通宝鉴 · 第87章 十一月辛金 · 原文,调优组,冬,辛,,,,"刑夫,无子,家贫。 徐乐吾曰:两辛争合一丙,丙从辛合,夫有如无,赋云:丙辛子卯相刑,荒淫滚浪。此之谓余。 ",,,
甲寅 丙子 辛巳 甲午,穷通宝鉴,穷通宝鉴 · 第87章 十一月辛金 · 原文,调优组,冬,辛,,是,,"有夫无子一女,带疾,欠壬故也。 徐乐吾曰:丙火得地,甲木相生,财官太旺,不但欠壬为病,并缺印绶,辛金无根,生于仲冬,火不",,,
丁巳 壬子 辛巳 丁酉,穷通宝鉴,穷通宝鉴 · 第87章 十一月辛金 · 原文,调优组,冬,辛,,,," 徐乐吾曰:熊学鹏命,嘉庆二年十一月十六日酉时。支成金局,壬水出干,专用巳宫丙戊,科甲出身,位至 封疆。 ",,,与任铁樵重复：调优时不得使用
乙丑 己丑 辛丑 戊子,穷通宝鉴,穷通宝鉴 · 第88章 十二月辛金 · 原文,调优组,冬,辛,,,,"侍郎。 徐乐吾曰:土金成局,为母旺子孤之象,最宜西方金运,则母慈子安也。 ",,,
甲申 丁丑 辛卯 己亥,穷通宝鉴,穷通宝鉴 · 第88章 十二月辛金 · 原文,调优组,冬,辛,,,是,"财旺生杀,制军。 徐乐吾曰:此造丑宫己辛并透,好在甲己不合,亥卯会局,财星有气,甲木引生丁火,时值严寒,丁火得 用,故财",,,
己丑 丁丑 辛丑 戊子,穷通宝鉴,穷通宝鉴 · 第88章 十二月辛金 · 原文,调优组,冬,辛,,,是,"侍郎。 徐乐吾曰:己辛出干,与子中癸水,气聚月垣丑宫,见一丁火调候,即雪夜灯光之意,亦奇格也。 ",,,
壬辰 癸丑 辛丑 甲午,穷通宝鉴,穷通宝鉴 · 第88章 十二月辛金 · 原文,调优组,冬,辛,,,," 徐乐吾曰:王湘绮命,道光十二年十一月廿九日午时。壬水高透,时逢甲午,取甲木引丁,科甲出身,不 仕,为文学大家。",,,
壬寅 乙巳 壬午 乙巳,穷通宝鉴,穷通宝鉴 · 第93章 四月壬水 · 原文,调优组,夏,壬,,,,"三刑合局,制军。 徐乐吾曰:此造取胎元丙申,壬水通根,财官秉令,运行金水,贵为总督。寅巳申三刑,申宫庚壬得力,寅 巳宫丙",,,
壬午 乙巳 壬申 乙巳,穷通宝鉴,穷通宝鉴 · 第93章 四月壬水 · 原文,调优组,夏,壬,,,,"财旺生官,尚书。 徐乐吾曰:壬水坐长生之地,以有庚金相生,用巳宫戊土,煞旺有制,格取财官,运宜金水之地。 ",,,
壬午 乙巳 壬申 己酉,穷通宝鉴,穷通宝鉴 · 第93章 四月壬水 · 原文,调优组,夏,壬,,,,"财旺生官,尚书。 徐乐吾曰:壬水临申,自坐长生,又有巳酉会局,庚金相生,用巳宫戊土,格取财官,运宜金水,因年支逢 午,乙",,,
辛丑 癸巳 壬子 庚子,穷通宝鉴,穷通宝鉴 · 第93章 四月壬水 · 原文,调优组,夏,壬,,,," 徐乐吾曰:张学良命,光绪廿七年四月十七日子时。劫印化晋格,晋化土也。四月火土当旺,而金水反弱为 强,格局之奇,同于永乐",,,
庚午 壬午 壬寅 辛亥,穷通宝鉴,穷通宝鉴 · 第94章 五月壬水 · 原文,调优组,夏,壬,,,,"庚壬两透,财旺生官,尚书。 徐乐吾曰:用午中丁己财官也。 ",,,
庚午 壬午 壬寅 癸卯,穷通宝鉴,穷通宝鉴 · 第94章 五月壬水 · 原文,调优组,夏,壬,,,,"庚壬两透,财旺生官,尚书。 ",,,
戊戌 戊午 壬寅 庚子,穷通宝鉴,穷通宝鉴 · 第94章 五月壬水 · 原文,调优组,夏,壬,,,," 徐乐吾曰:刘屯恩命,光绪廿四年四月廿日子时。用在庚癸,寅午戌成局,两戊出干,财生煞旺,贵而就 武。此造好处即在癸水藏子",,,
甲申 辛未 壬戌 戊申,穷通宝鉴,穷通宝鉴 · 第95章 六月壬水 · 原文,调优组,夏,壬,,,," 徐乐吾曰:尹昌衡命,光绪十年闰五月十九日申时。辛甲两透,甲木破戊己之土,未申戌联珠夹酉,生于小 暑后三日,丁火犹在,酉",,,
庚子 丁亥 壬戌 庚戌,穷通宝鉴,穷通宝鉴 · 第99章 十月壬水 · 原文,调优组,冬,壬,,,,"得庚制甲,会元。 徐乐吾曰:专取戌中戊土制水,得庚金透,庚金制甲,杀印相生。 ",,,
壬申 辛亥 壬子 辛亥,穷通宝鉴,穷通宝鉴 · 第99章 十月壬水 · 原文,调优组,冬,壬,,,,"支见亥子,四柱无戊,旺盛无依,为僧。 徐乐吾曰:润下成格,惜胎元壬寅,格局不纯,火运行东南,逆水之性,反为贫苦之命",,,
丁丑 辛亥 壬子 癸卯,穷通宝鉴,穷通宝鉴 · 第99章 十月壬水 · 原文,调优组,冬,壬,,,,"贫苦。 徐乐吾曰:财露见劫,财又不旺,宜乎贫苦。 ",,,
辛亥 己亥 壬午 辛亥,穷通宝鉴,穷通宝鉴 · 第99章 十月壬水 · 原文,调优组,冬,壬,,,," 徐乐吾曰:张退厂命,咸丰元年九月三十日亥时。取午中丁火,生助己土官星,丁己同得禄于午,但十月壬 水用丁己,不如丙戊,望",,,
己巳 乙亥 壬子 乙巳,穷通宝鉴,穷通宝鉴 · 第99章 十月壬水 · 原文,调优组,冬,壬,,,," 徐乐吾曰:周自齐命,同治八年十月十四日巳时。专用巳宫丙戊,更有庚金制甲,运行南方,位至财政总 长。 ",,,
辛巳 己亥 壬戌 甲辰,穷通宝鉴,穷通宝鉴 · 第99章 十月壬水 · 原文,调优组,冬,壬,,,," 徐乐吾曰:叶公绰命,光绪七年十月初三日辰时。专用巳宫丙戊,己合甲,不破戊,亦格之奇也,(参阅十 一月节)位至交通总长。",,,
癸未 癸亥 壬申 庚戌,穷通宝鉴,穷通宝鉴 · 第99章 十月壬水 · 原文,调优组,冬,壬,,,," 徐乐吾曰:李烈钧命,光绪九年十月廿五日戌时。专取戌宫戊土止水,惜无丙火,民国初年,为江西都督, 起伏无常,名利难全。",,,
丁卯 壬子 壬寅 戊申,穷通宝鉴,穷通宝鉴 · 第100章 十一月壬水 · 原文,调优组,冬,壬,,,,"方伯。 徐乐吾曰:戊透丙藏,为仲冬壬水之正用也。 ",,,
壬寅 壬子 壬子 辛亥,穷通宝鉴,穷通宝鉴 · 第100章 十一月壬水 · 原文,调优组,冬,壬,,是,,"富格。 徐乐吾曰:寅宫丙戊太弱,寅亥合木,转而生财,故为富格。 ",,,
癸丑 甲子 壬午 甲辰,穷通宝鉴,穷通宝鉴 · 第100章 十一月壬水 · 原文,调优组,冬,壬,,,," 徐乐吾曰:沈德潜命,康熙十二年十一月十七日辰时。己未年成进士,年己六十七,高宗称为老名士,官至 礼部侍郎,卒年九十七,",,,
丙午 庚子 壬午 庚子,穷通宝鉴,穷通宝鉴 · 第100章 十一月壬水 · 原文,调优组,冬,壬,,,," 徐乐吾曰:樊樊山命,道光廿六年十一月初一日子时。天地中分,不以冲论,用午中丁己财官,科甲出身, 晚年运行南方,大贵。 ",,,
丁卯 壬子 壬申 甲辰,穷通宝鉴,穷通宝鉴 · 第100章 十一月壬水 · 原文,调优组,冬,壬,,,," 徐乐吾曰:葛稚威命,同治六年十一月廿三日辰时。飞天禄马见丁破格,乃润下格之不纯粹者,运行土金, 安富尊荣,一乡之望。一",,,
壬辰 壬子 壬辰 乙巳,穷通宝鉴,穷通宝鉴 · 第100章 十一月壬水 · 原文,调优组,冬,壬,,,是," 徐乐吾曰:蔡廷锴命,光绪十八年十一月初八日巳时。专用巳宫丙戊解冻止流,位至军长,福建省主席。",,,
甲午 丁丑 壬辰 甲辰,穷通宝鉴,穷通宝鉴 · 第101章 十二月壬水 · 原文,调优组,冬,壬,,,,"欠丙,贫苦。 徐乐吾曰:十二月壬水,不可无丙,丁甲力薄,有丙富贵,无丙贫苦,显然可见。 ",,,
辛亥 辛丑 壬戌 庚子,穷通宝鉴,穷通宝鉴 · 第101章 十二月壬水 · 原文,调优组,冬,壬,,,,"用戊止水,生员。 徐乐吾曰:此造亥子丑成方,壬水甚旺,故用戊止水,日坐财库,金水亦温,所谓清气还嫌官不起也。 ",,,
戊午 乙丑 壬申 乙巳,穷通宝鉴,穷通宝鉴 · 第101章 十二月壬水 · 原文,调优组,冬,壬,,,," 徐乐吾曰:赵秉钧命,咸丰九年正月初一日巳时。丙戊得禄于巳,运行南方,位至首揆 。 ",,,
甲戌 丁丑 壬申 辛亥,穷通宝鉴,穷通宝鉴 · 第101章 十二月壬水 · 原文,调优组,冬,壬,,,," 徐乐吾曰:杨度命,同治十三年十二月初三日亥时。用戌宫戊土止水,甲丁并透,无丙,虚而不实。 ",,,
戊寅 乙丑 壬申 戊申,穷通宝鉴,穷通宝鉴 · 第101章 十二月壬水 · 原文,调优组,冬,壬,,,," 徐乐吾曰:袁克定命,光绪四年十一月廿七日申时。戊透丙藏,皆在年上,专受上荫,其为贵介公子可知。 ",,,
癸未 乙丑 壬戌 庚子,穷通宝鉴,穷通宝鉴 · 第101章 十二月壬水 · 原文,调优组,冬,壬,,,," 徐乐吾曰:朱瑞命,光绪九年十二月十六日子时。支聚四库,而无甲丙,然时逢庚子阳刃,喜用戊土七煞为 制,三刑得用,运至戌,",,,
庚寅 己丑 壬辰 辛亥,穷通宝鉴,穷通宝鉴 · 第101章 十二月壬水 · 原文,调优组,冬,壬,,,," 徐乐吾曰:戴季陶命,光绪十六年十一月廿六日亥时。丙戊结藏寅宫,位至考试院长。",,,
甲辰 己巳 癸酉 乙卯,穷通宝鉴,穷通宝鉴 · 第105章 四月癸水 · 原文,调优组,夏,癸,,,,"用辛得地,八座。 ",,,
甲辰 己巳 癸酉 辛酉,穷通宝鉴,穷通宝鉴 · 第105章 四月癸水 · 原文,调优组,夏,癸,,是,,"辛透癸藏,身强煞旺,方伯。 ",,,
甲寅 己巳 癸巳 癸亥,穷通宝鉴,穷通宝鉴 · 第105章 四月癸水 · 原文,调优组,夏,癸,,,,"财旺生官,行北方运,拜相封侯。 徐乐吾曰:以上三造,胎元庚申,支见巳酉会局,亥宫壬水破丙,甲木破戊,虽是财旺生煞格",,,
庚子 辛巳 癸酉 辛酉,穷通宝鉴,穷通宝鉴 · 第105章 四月癸水 · 原文,调优组,夏,癸,,,," 徐乐吾曰:明成祖(永乐)造,劫印化晋格,庚辛并透,支会金局,癸水转弱为强,反用巳宫丙戊,交丙戌 丁火土运,逐登帝位。 ",,,
丁巳 乙巳 癸丑 丙辰,穷通宝鉴,穷通宝鉴 · 第105章 四月癸水 · 原文,调优组,夏,癸,,,是," 徐乐吾曰:陈某龙命,咸丰七年五月初三日辰时。巳丑会局,湿土润金,庚金有气,即可为癸水之源,此与 己土混壬格相似。吉神暗",,,
甲申 己巳 癸亥 癸亥,穷通宝鉴,穷通宝鉴 · 第105章 四月癸水 · 原文,调优组,夏,癸,,,," 徐乐吾曰:谢鸿勋命,光绪十年四月十九日亥时。庚壬俱藏而得地,运行西方,位至师长。 ",,,
庚辰 壬午 癸丑 乙卯,穷通宝鉴,穷通宝鉴 · 第106章 五月癸水 · 原文,调优组,夏,癸,,,," 徐乐吾曰:丁葆桢命,嘉庆廿五年四月廿八日卯时。日坐丑宫,煞印相生,胎元癸酉,更得庚壬出干,官至 总督,卒谥文诚。 ",,,
庚辰 壬午 癸巳 癸亥,穷通宝鉴,穷通宝鉴 · 第106章 五月癸水 · 原文,调优组,夏,癸,,,," 徐乐吾曰:倪道粮命,光绪六年五月廿六日亥时。庚金壬癸出干,金水旺,用午宫丁己,惜巳午并见,官煞 混杂,上承阀阅,位至省",,,
壬辰 丙午 癸巳 甲寅,穷通宝鉴,穷通宝鉴 · 第106章 五月癸水 · 原文,调优组,夏,癸,,,," 徐乐吾曰:刘峙命,光绪十八年六月初七日寅时。胎元丁酉,干见壬辰,专取印劫为救,位至省主席。 一说:系六月初六日生,为 ",,,
壬辰 丙午 壬辰 壬寅,穷通宝鉴,穷通宝鉴 · 第106章 五月癸水 · 原文,调优组,夏,壬,,,,未知孰是。,,,
乙酉 癸未 癸未 庚申,穷通宝鉴,穷通宝鉴 · 第107章 六月癸水 · 原文,调优组,夏,癸,,,,"下半月,庚辛得地,宰辅。 徐乐吾曰:虽云下半月庚辛进气,究以时逢庚申,庚金得地,癸水通源,转弱为强,故能用未中财官,宜乎",,,
乙未 癸未 癸卯 癸丑,穷通宝鉴,穷通宝鉴 · 第107章 六月癸水 · 原文,调优组,夏,癸,,,,"生上半月,都司。 徐乐吾曰:上造用在庚申,金水相生,此造用在癸丑,亦金水相生,唯格局有高低耳。 ",,,
丙子 乙未 癸卯 丁巳,穷通宝鉴,穷通宝鉴 · 第107章 六月癸水 · 原文,调优组,夏,癸,,,," 徐乐吾曰:林长民命,光绪二年六月十四日巳时。癸水弱极,得年上子水为救,所恃者祖荫也。卯未会局透 乙,伤官泄弱癸水之气,",,,
壬寅 辛亥 癸亥 壬子,穷通宝鉴,穷通宝鉴 · 第111章 十月癸水 · 原文,调优组,冬,癸,,,,"骨肉冷落,无丙丁故也,虽飞天禄马,仅利三考,若无丙,是下格。 徐乐吾曰:喜寅宫丙火,运行东南为美。 ",,,
壬申 辛亥 癸亥 壬子,穷通宝鉴,穷通宝鉴 · 第111章 十月癸水 · 原文,调优组,冬,癸,,,,"飞天禄马格,进士,官至郎中。 徐乐吾曰:用胎元壬寅,喜东南运,同上造。两造同用亥中甲木,此造运行",,,
壬辰 辛亥 癸亥 癸亥,穷通宝鉴,穷通宝鉴 · 第111章 十月癸水 · 原文,调优组,冬,癸,,,,",亦飞天禄马格,运行东南运为贵。 ",,,
癸卯 癸亥 癸丑 癸亥,穷通宝鉴,穷通宝鉴 · 第111章 十月癸水 · 原文,调优组,冬,癸,,,是,"天元一气格,惜无火土,生上半月小贵,骨肉冷淡,下半月大贵。 徐乐吾曰:此造亥卯会局,胎元甲寅,水木纯粹为贵。局无火土,运",,,
辛酉 己亥 癸丑 癸亥,穷通宝鉴,穷通宝鉴 · 第111章 十月癸水 · 原文,调优组,冬,癸,,,,"四柱纯阴,僧道。 徐乐吾曰:此造己土出干,不足以止水,徒混浊耳。 ",,,
己未 乙亥 癸亥 丙辰,穷通宝鉴,穷通宝鉴 · 第111章 十月癸水 · 原文,调优组,冬,癸,,,," 徐乐吾曰:汪大燮命,咸丰九年十月廿七日辰时。亥未会局,透乙而见丙火,为食神生财格,运行西方生 旺,位至外交部长。 ",,,
壬申 辛亥 癸亥 丙辰,穷通宝鉴,穷通宝鉴 · 第111章 十月癸水 · 原文,调优组,冬,癸,,是,," 徐乐吾曰:朱桂辛命,同治十一年十月十二日辰时。印透身旺而见财星,位至内政部长。 ",,,
己丑 乙亥 癸巳 庚申,穷通宝鉴,穷通宝鉴 · 第111章 十月癸水 · 原文,调优组,冬,癸,,是,," 徐乐吾曰:张嘉敖命,光绪十五年十月廿一日申时。丙火藏巳,时逢庚申,身旺任财,位至内政部长。",,,
丙子 庚子 癸未 壬子,穷通宝鉴,穷通宝鉴 · 第112章 十一月癸水 · 原文,调优组,冬,癸,,,,"武举人。 徐乐吾曰:财露劫透而无官,富贵均轻。 ",,,
甲申 丙子 癸丑 乙卯,穷通宝鉴,穷通宝鉴 · 第112章 十一月癸水 · 原文,调优组,冬,癸,,,是," 徐乐吾曰:俞飞鹏命,光绪十年十一月十三日卯时。金水相生,专用丙火解冻,位至交通部长。 ",,,
丁酉 壬子 癸亥 壬子,穷通宝鉴,穷通宝鉴 · 第112章 十一月癸水 · 原文,调优组,冬,癸,,,," 徐乐吾曰:王大一命,光绪廿三年十二月初八日子时。子旺母衰,喜得丁壬一合,丁火不伤酉金为贵,运宜 扶其母,此特殊格局,不",,,
乙丑 己丑 癸丑 丙辰,穷通宝鉴,穷通宝鉴 · 第113章 十二月癸水 · 原文,调优组,冬,癸,,,,"侍郎。 徐乐吾曰:丙火出干,故贵。 ",,,
癸未 乙丑 癸卯 癸丑,穷通宝鉴,穷通宝鉴 · 第113章 十二月癸水 · 原文,调优组,冬,癸,,,是,"残疾之人。 徐乐吾曰:丑未一冲,又见癸水盖头,未中之火尽灭,虽胎元丙辰而时见癸水,乃冻云蔽日也。 ",,,
壬辰 癸丑 癸巳 癸丑,穷通宝鉴,穷通宝鉴 · 第113章 十二月癸水 · 原文,调优组,冬,癸,,,," 徐乐吾曰:恭亲王奕诉命,道光十二年十一月廿一日丑时。壬癸并透,专用丙戊财官,坐下巳,官财官印俱 备,道光殁后,秉国数十",,,
戊戌 乙丑 癸未 乙卯,穷通宝鉴,穷通宝鉴 · 第113章 十二月癸水 · 原文,调优组,冬,癸,,,," 徐乐吾曰:刘瑞芬命,道光十八年十二月十六日卯时。雪夜灯光格,见下谭何命,位至巡抚。 ",,,
壬寅 癸丑 癸巳 戊午,穷通宝鉴,穷通宝鉴 · 第113章 十二月癸水 · 原文,调优组,冬,癸,,是,," 徐乐吾曰:陈启泰命,道光廿二年十二月十九日午时。支全寅巳午,财旺生官,丑宫金水相生,壬水出干, 身旺能任,位至巡抚。 ",,,
己巳 丁丑 癸丑 丙辰,穷通宝鉴,穷通宝鉴 · 第113章 十二月癸水 · 原文,调优组,冬,癸,,,," 徐乐吾曰:铁能训命,同治八年十二月十六日辰时。丙丁并透,通根于巳,又得丑宫己癸并透,科甲出身, 位进总揆。 ",,,
己丑 丁丑 癸丑 辛酉,穷通宝鉴,穷通宝鉴 · 第113章 十二月癸水 · 原文,调优组,冬,癸,,,," 徐乐吾曰:何民魂命,光绪十六年正月十二日酉时。丑宫己辛癸同透,月干丁火,生于立春前三日,日没申 正十二分,生于酉时,已",,,
乙亥 己卯 甲申 乙亥,穷通宝鉴,穷通宝鉴 · 第3章 二月甲木 · 原文,调优组,春,甲,,是,,",萧耀南命造是也,一见癸水,泄煞之气,便失制刃之意,又要财资煞,并不要煞重, 独煞为权。若重重庚金而刃轻,同正月一派庚辛",,,
己未 丁卯 甲戌 庚午,穷通宝鉴,穷通宝鉴 · 第3章 二月甲木 · 原文,调优组,春,甲,,,,"科甲之命,盖庚丁两透,进拔定然,虽风水不及,不失荣华,但为人色重招殃,兄弟无 力。 徐乐吾曰:庚丁两透,制过七煞,庚金生",,,
癸未 乙卯 甲子 己巳,穷通宝鉴,穷通宝鉴 · 第3章 二月甲木 · 原文,调优组,春,甲,,,," 徐乐吾曰:岳武穆命:劫财阳刃,行辛亥运,辛酉年,冲合阳刃,坐囹圄亡身。 ",,,
戊寅 乙卯 甲午 甲戌,穷通宝鉴,穷通宝鉴 · 第3章 二月甲木 · 原文,调优组,春,甲,,,," 徐乐吾曰:清世祖(顺治)命,明崇祯十一年正月三十日戌时。寅午戌会局,火旺木焚,虎马犬乡,甲来成 灭是也,四柱无滴水解炎",,,
乙丑 庚辰 甲申 丙寅,穷通宝鉴,穷通宝鉴 · 第4章 三月甲木 · 原文,调优组,春,甲,,,," 此命之乏丁,喜运入南方,富贵不大之命。 徐乐吾曰:乙庚相合,得禄于申,为煞旺宜制,特丙火出干制煞,不如丁火为有力,三月",,,
丙寅 壬辰 甲辰 庚午,穷通宝鉴,穷通宝鉴 · 第4章 三月甲木 · 原文,调优组,春,甲,,,,"尚书 徐乐吾曰:按此造庚壬并透,丁火藏午,不掣庚金之时,坚木得金,而成梁栋,贵为尚书宜也。 ",,,
壬午 甲辰 甲子 己巳,穷通宝鉴,穷通宝鉴 · 第4章 三月甲木 · 原文,调优组,春,甲,,,," 徐乐吾曰:谭钟麟命,专用巳宫丙戊,进士出身,位至总督。 ",,,
乙未 庚辰 甲戌 庚午,穷通宝鉴,穷通宝鉴 · 第4章 三月甲木 · 原文,调优组,春,甲,,,," 徐乐吾曰:余朝贵命,道光十五年三月十五日午时,干透两庚,午戌在支,不制庚煞,贵为总兵,参阅齐燮 元命。 ",,,
乙酉 庚辰 甲寅 庚午,穷通宝鉴,穷通宝鉴 · 第4章 三月甲木 · 原文,调优组,春,甲,,,," 徐乐吾曰:齐燮元命,光绪十一年三月十五日午时。木旺见庚,梁栋之器,寅辰夹卯而酉冲之,乙木出干, 此阳刃也,煞刃相合,总",,,
己亥 壬申 甲戌 丁卯,穷通宝鉴,穷通宝鉴 · 第7章 七月甲木 · 原文,调优组,秋,甲,,,,"茂才。 徐乐吾曰:丁壬合,壬水合去丁火,丁火受制,原局有病,己土不能制壬,病重药轻,仅为茂才而不贵。 ",,,
戊午 庚申 甲寅 丙寅,穷通宝鉴,穷通宝鉴 · 第7章 七月甲木 · 原文,调优组,秋,甲,,是,,"县令,丑运去官。 徐乐吾曰:身煞两旺而有制,美格也。惜火太旺,且为丙火,而非丁火,贵不足,火运至丑而止。 ",,,
辛未 丙申 甲申 丙寅,穷通宝鉴,穷通宝鉴 · 第7章 七月甲木 · 原文,调优组,秋,甲,,,," 徐乐吾曰:张之万命,嘉庆十六年七月初八日寅时。年月合去一丙,专用时上丙火,鼎甲出生,位至大学 士。 ",,,
癸未 庚申 甲戌 丙寅,穷通宝鉴,穷通宝鉴 · 第7章 七月甲木 · 原文,调优组,秋,甲,,,," 徐乐吾曰:蒋驴子命,道光三年七月初八日寅时。用丙火制金以养群土,富格。 ",,,
癸亥 庚申 甲寅 乙亥,穷通宝鉴,穷通宝鉴 · 第7章 七月甲木 · 原文,调优组,秋,甲,,是,," 徐乐吾曰:陆建章命,同治二年七月初十日亥时。身旺假煞为权,行乙卯刃运,握生杀权,甲运遭仇杀。 ",,,
乙酉 甲申 甲子 乙亥,穷通宝鉴,穷通宝鉴 · 第7章 七月甲木 · 原文,调优组,秋,甲,,,," 徐乐吾曰:王伯群命,光绪十一年七月廿八日亥时。惜无丁火配合,运入东南,贵为交通部长。 ",,,
庚寅 乙酉 甲子 丁卯,穷通宝鉴,穷通宝鉴 · 第8章 八月甲木 · 原文,调优组,秋,甲,,,,"支藏丙火,时逢一丁,参政命。 徐乐吾曰:此造与上造相同,特年逢庚寅,干透煞,支内多一重丙火耳。乙庚煞刃,相合有情,丁火高",,,
乙巳 乙酉 甲子 甲子,穷通宝鉴,穷通宝鉴 · 第8章 八月甲木 · 原文,调优组,秋,甲,,,,"朱文端公造。 徐乐吾曰:巳酉半会杀局,甲子坐印,煞印相生之局也,两干不杂,好在巳中有丙火暗藏,岂不为贵乎? ",,,
丙戌 丁酉 甲寅 丁卯,穷通宝鉴,穷通宝鉴 · 第8章 八月甲木 · 原文,调优组,秋,甲,,是,,"孝廉,卯终。 徐乐吾曰:身强丙丁并透,官星被制太守,幸运行金水之地,得举孝廉以终。 ",,,
丁巳 己酉 甲子 戊辰,穷通宝鉴,穷通宝鉴 · 第8章 八月甲木 · 原文,调优组,秋,甲,,,," 徐乐吾曰:黄以霖命,咸丰七年八月十六日辰时。支成煞印两局,天干丁火戊己并透,富贵兼矣,一榜武昌 知府,湖北巡警道。 ",,,
癸未 辛酉 甲申 丙寅,穷通宝鉴,穷通宝鉴 · 第8章 八月甲木 · 原文,调优组,秋,甲,,,," 徐乐吾曰:刘镇华命,光绪九年九月初七日寅时。丙辛隔位不合,癸不伤丙,贵为主席,总领师干。 ",,,
壬午 庚戌 甲午 庚午,穷通宝鉴,穷通宝鉴 · 第9章 九月甲木 · 原文,调优组,秋,甲,,,," 庚壬两旺,一品当朝。 徐乐吾曰:明詹丞相命造,午戌会局,火旺木枯,用壬水泄庚制火扶身,正合假伤官得地,贵宜玄武之说, ",,,
庚戌 丙戌 甲戌 戊辰,穷通宝鉴,穷通宝鉴 · 第9章 九月甲木 · 原文,调优组,秋,甲,,,是," 武庠,富而且寿。 徐乐吾曰:此造丙戊并透,幸地位配置合宜,以丙去庚,专用戊土偏财,取令神生身,故富而寿。火土偏 燥,小",,,
癸丑 壬戌 甲午 壬申,穷通宝鉴,穷通宝鉴 · 第9章 九月甲木 · 原文,调优组,秋,甲,,,," 徐乐吾曰:壬癸太多,丁火不能生焰,幸得庚禄居申,可以自有作为,不失富贵,兄弟多力,妻子早岁招 刑。 ",,,
乙卯 丙戌 甲申 丁卯,穷通宝鉴,穷通宝鉴 · 第9章 九月甲木 · 原文,调优组,秋,甲,,,," 徐乐吾曰:马伯通命,咸丰五年九月廿四日卯时。庚禄居申,甲刃在卯,煞刃皆不秉令,见丙火出干,用取 食神生财,宜以文学寿世",,,
戊午 壬戌 甲辰 庚午,穷通宝鉴,穷通宝鉴 · 第9章 九月甲木 · 原文,调优组,秋,甲,,,," 徐乐吾曰:梁敬彦命,咸丰八年十月初二日午时。财旺生煞,庚丁癸配合中和,宜乎富且贵矣。 ",,,
甲戌 甲戌 甲寅 丙寅,穷通宝鉴,穷通宝鉴 · 第9章 九月甲木 · 原文,调优组,秋,甲,,,," 徐乐吾曰:革命先烈黄克强命,同治十三年九月十五日寅时。伤官格无印,火旺木枯,福泽不足。 ",,,
丙子 戊戌 甲子 庚午,穷通宝鉴,穷通宝鉴 · 第9章 九月甲木 · 原文,调优组,秋,甲,,,," 徐乐吾曰:靳云鹏命,光绪二年九月初七日午时。财旺生煞,喜丁癸滋扶,贵为内阁总理。 ",,,
丁丑 壬寅 乙卯 丙子,穷通宝鉴,穷通宝鉴 · 第13章 正月乙木 · 原文,调优组,春,乙,,,,"贵在丙子,妙得时上丙癸两全,位至尚书。 徐乐吾曰:丁壬一合,增助木气,贵在时逢子水,丙火透干,水火不相碍,而得其用矣。 ",,,
戊子 甲寅 乙亥 己卯,穷通宝鉴,穷通宝鉴 · 第13章 正月乙木 · 原文,调优组,春,乙,,,,"禄归格,丙癸得所,官至大学士,大富大贵。 徐乐吾曰:丙癸得所者,丙生于寅,癸禄在子也,财印相资,四柱无金,木气纯粹。寅亥",,,
丁丑 壬寅 乙酉 辛巳,穷通宝鉴,穷通宝鉴 · 第13章 正月乙木 · 原文,调优组,春,乙,,,,"探花。 徐乐吾曰:此造巳酉丑三合而透辛金,煞旺为病,好在春金无力,又是辛金,巳宫丙火得禄,高魁鼎甲,当 在戌丁两运中也。",,,
癸未 甲寅 乙亥 己卯,穷通宝鉴,穷通宝鉴 · 第13章 正月乙木 · 原文,调优组,春,乙,,,," 徐乐吾曰:李文忠公鸿章命,道光三年正月初五日卯时。曲直仁寿格,癸透丙藏,出将入相,参阅二月乙木 节。 ",,,
己巳 丙寅 乙未 己卯,穷通宝鉴,穷通宝鉴 · 第13章 正月乙木 · 原文,调优组,春,乙,,,," 徐乐吾曰:同治八年正月廿三日卯时,生于惊蛰节前七时。丙火出干,得禄于巳,阳壮木渴,四柱无癸,用 己土泄火气,伤官生财,",,,
甲寅 丁卯 乙未 丙子,穷通宝鉴,穷通宝鉴 · 第14章 二月乙木 · 原文,调优组,春,乙,,,,"此乃曲直格,加丙照癸滋,官至总兵。 徐乐吾曰:曲直仁寿格,癸藏丙透,不相碍为贵。虽丙癸两全,而癸水不透,曲直成格而不美,",,,
癸卯 乙卯 乙未 庚辰,穷通宝鉴,穷通宝鉴 · 第14章 二月乙木 · 原文,调优组,春,乙,,,是,"曲直仁寿格,秀才,奈行西北运,仅为一介寒士,惜哉。 徐乐吾曰:支全亥卯未,癸水透出,曲直仁寿格,较上造尤纯。惜时上庚金破",,,
癸亥 乙卯 乙卯 戊寅,穷通宝鉴,穷通宝鉴 · 第14章 二月乙木 · 原文,调优组,春,乙,,,," 寿长格。 徐乐吾曰:上造有丁火泄木之秀,故有科甲之贵,此造木旺而无泄,地支长生禄旺,寿者之徵,癸水养木, 戊土合之,旺",,,
丙申 辛卯 乙酉 丙戌,穷通宝鉴,穷通宝鉴 · 第14章 二月乙木 · 原文,调优组,春,乙,,,,"无癸,丙合,支冲,孤贫之格。 徐乐吾曰:年月丙辛合,专用时上丙火,无如乙木坐酉绝地,埋根有乘,反伤月令之禄,其为孤贫宜矣",,,
乙丑 己卯 乙亥 癸未,穷通宝鉴,穷通宝鉴 · 第14章 二月乙木 · 原文,调优组,春,乙,,,," 徐乐吾曰:民国执政段祺瑞命,同治四年二月初九日未时。曲直仁寿格,支成木局,癸透养木,大贵。 ",,,
丁丑 癸卯 乙巳 丙子,穷通宝鉴,穷通宝鉴 · 第14章 二月乙木 · 原文,调优组,春,乙,,,," 徐乐吾曰:颜惠庆命,光绪三年二月十九日子时。丙癸两透,并皆得禄,大贵,历为外交总长,各国大使。 ",,,
丁酉 甲辰 乙巳 甲申,穷通宝鉴,穷通宝鉴 · 第15章 三月乙木 · 原文,调优组,春,乙,,,,"拔贡。支藏丙癸,不过选拔之士,妻贤难得偕老,子肖且多,父母无缘,手足无力,此 系戊重之病,喜运行西北,但刑妻损子,兄弟全",,,
乙亥 庚辰 乙丑 丙子,穷通宝鉴,穷通宝鉴 · 第15章 三月乙木 · 原文,调优组,春,乙,,,," 徐乐吾曰:王怀庆命,光绪元年三月廿八日子时。丙透破庚,癸藏滋木,伤官驾煞,位至军长。 ",,,
辛丑 壬辰 乙丑 戊寅,穷通宝鉴,穷通宝鉴 · 第15章 三月乙木 · 原文,调优组,春,乙,,,," 徐乐吾曰:盛升颐命,光绪廿七年二月廿力日寅时。四柱财旺,喜寅宫甲木帮身,丙火癸水皆暗藏,行财 运,出任上海统税处长。 ",,,
庚午 甲申 乙卯 丁丑,穷通宝鉴,穷通宝鉴 · 第19章 七月乙木 · 原文,调优组,秋,乙,,,,"富僧,此庚旺无丙之故 徐乐吾曰:僧道离世绝缘,苦行修持者,八字必极清纯,而近于偏枯,《滴天髓》云:一局清枯也苦人是 也,",,,
辛巳 丙申 乙亥 己卯,穷通宝鉴,穷通宝鉴 · 第19章 七月乙木 · 原文,调优组,秋,乙,,,," 徐乐吾曰:李瀚晋命,道光元年七月廿七日卯时。丙己出干,位至总督。 ",,,
丙戌 丙申 乙未 庚辰,穷通宝鉴,穷通宝鉴 · 第19章 七月乙木 · 原文,调优组,秋,乙,,,," 徐乐吾曰:黎培敬命,道光六年七月十五日辰时。庚金出干,用丙巳,位至尚书,卒谥文肃。 ",,,
丙寅 丙申 乙酉 戊寅,穷通宝鉴,穷通宝鉴 · 第19章 七月乙木 · 原文,调优组,秋,乙,,,," 徐乐吾曰:段洪琦命,同治五年七月廿九日寅时。两丙两寅,煞旺制强,惜无癸水,运入北方,位至省主 席,为西北重镇。 ",,,
己巳 癸酉 乙丑 甲申,穷通宝鉴,穷通宝鉴 · 第20章 八月乙木 · 原文,调优组,秋,乙,,是,,"从煞,佥士。 徐乐吾曰:此造乃假从格,癸水出干,己土紧贴相克,甲木在时,不能制财护印,故为假从。《滴天髓补 注》从化节载",,,
癸酉 辛酉 乙巳 丁亥,穷通宝鉴,穷通宝鉴 · 第20章 八月乙木 · 原文,调优组,秋,乙,,,,"生秋分前,癸水出干,丙火藏巳,癸有源,又为阴煞重,官至上品。 徐乐吾曰:此造癸透丙藏,辛金出干,支成金局,煞旺有丁火为制",,,
乙酉 乙酉 乙酉 甲申,穷通宝鉴,穷通宝鉴 · 第20章 八月乙木 · 原文,调优组,秋,乙,,是,,"从煞格,尚书。 徐乐吾曰:此造癸水不透,从煞无疑 ",,,
乙亥 乙酉 乙酉 乙酉,穷通宝鉴,穷通宝鉴 · 第20章 八月乙木 · 原文,调优组,秋,乙,,是,, 徐乐吾曰:元世祖忽必烈命:从煞格。 ,,,
甲申 癸酉 乙卯 丙戌,穷通宝鉴,穷通宝鉴 · 第20章 八月乙木 · 原文,调优组,秋,乙,,,," 徐乐吾曰:刘岳昭命,道光四年闰七月廿五日戌时。丙癸两透,位至巡抚。 ",,,
戊午 辛酉 乙卯 丙戌,穷通宝鉴,穷通宝鉴 · 第20章 八月乙木 · 原文,调优组,秋,乙,,,," 徐乐吾曰:陆荣廷命,咸丰八年八月十三日戌时。丙辛并透不合,又有丁火藏午,贵为两广巡阅使。 ",,,
辛巳 丁酉 乙卯 己卯,穷通宝鉴,穷通宝鉴 · 第20章 八月乙木 · 原文,调优组,秋,乙,,,," 徐乐吾曰:张敬尧命,光绪七年闰七月廿五日卯时。秋木盛,煞高有制,贵为都督。早年午运最佳,入后运 不得地,故起伏不常,辰",,,
癸未 辛酉 乙酉 丁亥,穷通宝鉴,穷通宝鉴 · 第20章 八月乙木 · 原文,调优组,秋,乙,,,," 徐乐吾曰:阎锡山命,光绪九年九月初八日亥时。支聚两酉,辛金出干,喜癸丁并透,行南方火运,大富 贵。 ",,,
癸未 辛酉 乙亥 丁亥,穷通宝鉴,穷通宝鉴 · 第20章 八月乙木 · 原文,调优组,秋,乙,,,," 徐乐吾曰:汤芗铭命,光绪九年八月廿八日亥时。辛癸丁并透,戊运贵为都督。较之阎造,仅差一字,两亥 壬水太重,七煞泄气,戊",,,
甲寅 甲戌 乙酉 丙子,穷通宝鉴,穷通宝鉴 · 第21章 九月乙木 · 原文,调优组,秋,乙,,,,"藤萝繁甲,癸水得禄,科甲名臣。 徐乐吾曰:癸水得禄,酉金生之,乃用辛癸也。 ",,,
乙未 丙戌 乙亥 丙子,穷通宝鉴,穷通宝鉴 · 第21章 九月乙木 · 原文,调优组,秋,乙,,,," 徐乐吾曰:陶模命,道光十五年八月十九日子时。丙透癸藏,专用子中癸水,六乙鼠贵格也,位至总督。 ",,,
丁卯 庚戌 乙亥 丁丑,穷通宝鉴,穷通宝鉴 · 第21章 九月乙木 · 原文,调优组,秋,乙,,,," 徐乐吾曰:卢永祥命,同治六年九月廿五日丑时。生霜降前一日,支会亥卯,亥丑夹子贵,两丁制庚,甲辰 运,庚金劈甲引丁,贵为",,,
己卯 甲戌 乙亥 己卯,穷通宝鉴,穷通宝鉴 · 第21章 九月乙木 · 原文,调优组,秋,乙,,,," 徐乐吾曰:张绍曾命,光绪五年九月初五日卯时。亥卯会局,甲木出干,身财两旺,藉食伤为通关,四柱无 火,为其缺点,至午运末",,,
庚寅 丙戌 乙酉 己卯,穷通宝鉴,穷通宝鉴 · 第21章 九月乙木 · 原文,调优组,秋,乙,,,," 徐乐吾曰:唐生智命,光绪十六年九月十八日卯时。九月乙木,不离癸水,木火土金俱全,待水而发。胎元 丁丑,丑中有癸水余气,",,,
庚寅 戊寅 丙寅 壬辰,穷通宝鉴,穷通宝鉴 · 第25章 正月丙火 · 原文,调优组,春,丙,,,," 庚壬两透,位至主试,词林 徐乐吾曰:庚壬两透,壬水出干,戊土为病,喜得丙火坐寅,庚透化食生煞,木火向旺,财生煞,而得戊",,,
辛亥 庚寅 丙子 丁酉,穷通宝鉴,穷通宝鉴 · 第25章 正月丙火 · 原文,调优组,春,丙,,,," 状元 徐乐吾曰:此造庚辛并透,财旺生煞,劫印并用,而日元坐官。妙在丙辛隔位不合,寅亥会印,财官印相生 不碍,运至丁、亥",,,
丁酉 壬寅 丙子 戊戌,穷通宝鉴,穷通宝鉴 · 第25章 正月丙火 · 原文,调优组,春,丙,,,," 庚透癸藏,巨富,子中状元。 徐乐吾曰:此造专用子中癸水,庚透化戊土生癸水,无庚,癸为戊制,所重在偏财,故巨富,癸在时支",,,
丁酉 壬寅 丙子 戊子,穷通宝鉴,穷通宝鉴 · 第25章 正月丙火 · 原文,调优组,春,丙,,,," 秀才,午运死,先富,后贫且孤。 徐乐吾曰:此造丁火合去壬水,戊土制住癸水,年上酉金生壬,故为秀才。先富,时逢戊子,后孤",,,
丁酉 壬寅 丙子 己亥,穷通宝鉴,穷通宝鉴 · 第25章 正月丙火 · 原文,调优组,春,丙,,,," 知州,五子皆贵,酉运死。 徐乐吾曰:此造亥宫壬水长生,临天乙贵人,故子多而贵,己土不足以制壬,晦火之力亦薄,位至知州。",,,
乙未 戊寅 丙申 庚寅,穷通宝鉴,穷通宝鉴 · 第25章 正月丙火 · 原文,调优组,春,丙,,,,",用庚无辛,财印交差,用申宫壬水,出身世家,富贵中等。 ",,,
乙亥 己卯 丙申 己亥,穷通宝鉴,穷通宝鉴 · 第26章 二月丙火 · 原文,调优组,春,丙,,,," 用申中庚壬,孝廉。 ",,,
癸丑 丙辰 丙午 壬辰,穷通宝鉴,穷通宝鉴 · 第27章 三月丙火 · 原文,调优组,春,丙,,是,," 壬出天干,太守。 徐乐吾曰:壬透无甲,而辰午夹巳禄,日坐阳刃,身旺,假煞为权,以壬取贵。 ",,,
庚申 庚辰 丙午 戊戌,穷通宝鉴,穷通宝鉴 · 第27章 三月丙火 · 原文,调优组,春,丙,,,," 徐乐吾曰:郑孝胥命,咸丰十年闰三月十二日戌时。丙临午刃,壬戌会局,申宫藏壬,用庚泄戊生壬,此造 是也。 ",,,
丁卯 甲辰 丙子 丙申,穷通宝鉴,穷通宝鉴 · 第27章 三月丙火 · 原文,调优组,春,丙,,,," 徐乐吾曰:孙宝琦命,同治六年三月廿二日申时。申子辰水局,火居上,水居下,如日晒中天,水底有光, 名为照象,得力於甲木出",,,
丁卯 甲辰 丙子 戊戌,穷通宝鉴,穷通宝鉴 · 第27章 三月丙火 · 原文,调优组,春,丙,,,," 徐乐吾曰:董康命,同治六年三月廿二日戌时。子戌夹亥贵,子辰会局而无壬水,戊戌土重,亦用甲木制土 以护官星,位至司法总长",,,
己巳 戊辰 丙申 甲午,穷通宝鉴,穷通宝鉴 · 第27章 三月丙火 · 原文,调优组,春,丙,,,," 徐乐吾曰:梁士诒命,同治八年三月廿四日午时。年时禄刃,土重晦火,甲木制之,申宫壬水长生,庚金生 之,地支辰巳午申夹未,",,,
癸未 丙辰 丙午 戊子,穷通宝鉴,穷通宝鉴 · 第27章 三月丙火 · 原文,调优组,春,丙,,,," 徐乐吾曰:郭松龄命,光绪九年三月廿六日子时。日坐阳刃,地支辰午未夹巳禄,逢子冲午,夹禄不住,暗 伏杀身之机。戊土合去癸",,,
庚戌 甲申 丙申 癸巳,穷通宝鉴,穷通宝鉴 · 第31章 七月丙火 · 原文,调优组,秋,丙,,,," 徐乐吾曰:陆宝忠命,道光三十年七月初六日巳时。财官印并透,专取煞印相生。丁运,丁丑年授职编修, 是年丁艰,戊运,辛卯年",,,
乙酉 甲申 丙辰 戊戌,穷通宝鉴,穷通宝鉴 · 第31章 七月丙火 · 原文,调优组,秋,丙,,,," 徐乐吾曰:奉军参谋长杨宇霆命,光绪十一年七月廿日戌时。甲木出干破戊,用申中壬水,财滋弱煞,辰运 戊辰年,死於非命,或云",,,
丙申 丁酉 丙戌 乙未,穷通宝鉴,穷通宝鉴 · 第32章 八月丙火 · 原文,调优组,秋,丙,,,," 秀才、大富、无兄弟、五子 徐乐吾曰:此造丙火坐戌,通根火库,更得乙未印绶生之,火旺用金,故大富。得力在时,故多子,昆季",,,
丁丑 己酉 丙午 己丑,穷通宝鉴,穷通宝鉴 · 第32章 八月丙火 · 原文,调优组,秋,丙,,,," 徐乐吾曰:唐子培命,光绪三年八月廿四日丑时。火旺用金,更得己土生之,伤官生财,巨富之格。 ",,,
戊戌 壬戌 丙寅 壬辰,穷通宝鉴,穷通宝鉴 · 第33章 九月丙火 · 原文,调优组,秋,丙,,,," 富大贵小,因甲藏壬透故也。 徐乐吾曰:壬水出干,因甲藏壬透故也。 ",,,
己酉 甲戌 丙寅 庚寅,穷通宝鉴,穷通宝鉴 · 第33章 九月丙火 · 原文,调优组,秋,丙,,,是," 孤贫 徐乐吾曰:虽有甲木出干,柱无壬癸,土燥木枯,无所用之。 ",,,
庚戌 丙戌 丙寅 壬辰,穷通宝鉴,穷通宝鉴 · 第33章 九月丙火 · 原文,调优组,秋,丙,,,," 富大贵小,因甲藏壬透故也,仅一贡士 。 徐乐吾曰:庚壬并透,惜庚壬皆不通根,仅一贡耳。 ",,,
丙寅 戊戌 丙申 戊子,穷通宝鉴,穷通宝鉴 · 第33章 九月丙火 · 原文,调优组,秋,丙,,,," 徐乐吾曰:洪北江命,字稚存,乾隆十一年九月初三日子时。用申宫庚金生壬癸,惜戊土太重,甲木藏寅, 不能破土,以进士授职编",,,
丁丑 庚戌 丙午 庚寅,穷通宝鉴,穷通宝鉴 · 第33章 九月丙火 · 原文,调优组,秋,丙,,,," 徐乐吾曰:沈桂芬命,嘉庆廿二年九月初五日寅时。此造表面似用时上偏财,不知寅午戌会局,实失时之炎 上格也,运行甲寅乙卯,",,,
辛巳 戊戌 丙戌 壬辰,穷通宝鉴,穷通宝鉴 · 第33章 九月丙火 · 原文,调优组,秋,丙,,,," 徐乐吾曰:马新贻命,道光元年十月初九日辰时。辛金泄土生壬,进士出身,位至总督,惜柱无甲木,运行 壬辰,被剌殒命。",,,
辛卯 庚寅 丁酉 癸卯,穷通宝鉴,穷通宝鉴 · 第37章 正月丁火 · 原文,调优组,春,丁,,,," 女命,贫贱。 徐乐吾曰:此造女命,财旺生煞,而煞无制,贫贱之命。 ",,,
甲午 丙寅 丁巳 辛亥,穷通宝鉴,穷通宝鉴 · 第37章 正月丁火 · 原文,调优组,春,丁,,,," 太监。 徐乐吾曰:支成火局,用亥宫壬水,虽贵不巨,巳亥相冲,晚境艰困。 ",,,
戊辰 甲寅 丁卯 己酉,穷通宝鉴,穷通宝鉴 · 第37章 正月丁火 · 原文,调优组,春,丁,,是,," 徐乐吾曰:林主席森命,同治七年正月十八日酉时。寅卯辰东方一气,甲木出干,印绶太旺,以财损印为 用,至庚申辛酉运,贵为元",,,
癸未 甲寅 丁亥 己酉,穷通宝鉴,穷通宝鉴 · 第37章 正月丁火 · 原文,调优组,春,丁,,,," 徐乐吾曰:逊清摄政王载沣命,宣统父也,光绪九年正月初五日酉时。木旺用金,而辛金无力,辛运,戊申 己酉年摄政,亥运,辛亥",,,
戊子 甲寅 丁卯 甲辰,穷通宝鉴,穷通宝鉴 · 第37章 正月丁火 · 原文,调优组,春,丁,,,," 徐乐吾曰:张英华命,光绪十四年正月十五日辰时。假炎上格,子水为病,运至午,冲去子水,一发如雷, 惜荣华不久耳。《",,,
戊子 乙卯 丁巳 丁未,穷通宝鉴,穷通宝鉴 · 第38章 二月丁火 · 原文,调优组,春,丁,,,," 用巳中之庚制木,庚运连捷,位至尚书。 徐乐吾曰:此造水木火土,气势纯粹,木盛火塞,宜财损印。巳宫庚金,木不能用,以其为",,,
丁卯 癸卯 丁卯 庚子,穷通宝鉴,穷通宝鉴 · 第38章 二月丁火 · 原文,调优组,春,丁,,,," 鼎甲。 徐乐吾曰:此造庚金财透,惜癸水出干,泄金生木为病,须运行戊己去病,方能上达也。 ",,,
己未 丁卯 丁卯 乙巳,穷通宝鉴,穷通宝鉴 · 第38章 二月丁火 · 原文,调优组,春,丁,,,," 徐乐吾曰:萨镇冰命,咸丰九年二月廿六日巳时。木盛火塞,取巳宫庚金,老年行西方运,飞黄腾达,位至 海军总长,年已六旬矣,",,,
己未 丁卯 丁巳 丙午,穷通宝鉴,穷通宝鉴 · 第38章 二月丁火 · 原文,调优组,春,丁,,,," 徐乐吾曰:孟恩远命,咸丰九年二月十六日午时。支聚卯巳年三奇,亦用巳宫庚金,老年行辛酉、庚申运, 位至黑龙江都督。 ",,,
甲戌 丁卯 丁卯 癸卯,穷通宝鉴,穷通宝鉴 · 第38章 二月丁火 · 原文,调优组,春,丁,,,," 徐乐吾曰:朱庆澜命,同治十三年正月廿三日卯时。印旺煞透,惜无金生之,无源之水,气泄于木,所喜甲 木出干,灯焰长明耳。煞",,,
癸未 乙卯 丁巳 甲辰,穷通宝鉴,穷通宝鉴 · 第38章 二月丁火 · 原文,调优组,春,丁,,,," 徐乐吾曰:屈映光命,光绪九年二月初六日辰时。癸水七煞,气泄于木,与朱庆澜造如出一辙,好在卯辰巳 未夹午禄,暗得三奇,子",,,
甲午 丁卯 丁卯 丁未,穷通宝鉴,穷通宝鉴 · 第38章 二月丁火 · 原文,调优组,春,丁,,,," 徐乐吾曰:光绪二十年二月二十日未时。假炎上格,运行东南,位至警备司令部参谋长,忌西北金水运。",,,
辛未 壬辰 丁酉 甲辰,穷通宝鉴,穷通宝鉴 · 第39章 三月丁火 · 原文,调优组,春,丁,,,," 孤寡,稍富。 徐乐吾曰:此造有甲无庚,不能取贵。 ",,,
庚申 庚辰 丁未 辛丑,穷通宝鉴,穷通宝鉴 · 第39章 三月丁火 · 原文,调优组,春,丁,,,," 徐乐吾曰:赵维熙命,咸丰十年闰三月十三日丑时。生在立夏前三日,火土将进,取庚金泄土之气,虽丁火 阴干,不畏其弱,究以土",,,
己卯 戊辰 丁卯 戊申,穷通宝鉴,穷通宝鉴 · 第39章 三月丁火 · 原文,调优组,春,丁,,,," 徐乐吾曰:关单命,光绪五年三月二十三日申时。土重晦火,以甲去病为先,用庚金泄土为次,一生当以甲 运为最美也。 ",,,
己丑 戊辰 丁巳 庚戌,穷通宝鉴,穷通宝鉴 · 第39章 三月丁火 · 原文,调优组,春,丁,,,," 徐乐吾曰:罗文乾命,光绪十五年三月十二日戌时。土重晦光,用庚金泄土之气,一生无金运,惜哉。",,,
丙寅 庚寅 戊辰 庚申,穷通宝鉴,穷通宝鉴 · 第48章 正二月戊土 · 原文,调优组,春,戊,,,是,"丙癸甲俱全,会成七杀格,将军之职。 徐乐吾曰:辰中藏癸,戊土不燥,丙火照暖,戊土不寒。寅宫甲木生丙,煞印相生,兼格取七煞",,,
辛巳 庚寅 戊寅 甲寅,穷通宝鉴,穷通宝鉴 · 第48章 正二月戊土 · 原文,调优组,春,戊,,,,"火多无水,贫贱,三奇格。 ",,,
丁巳 壬寅 戊辰 丙辰,穷通宝鉴,穷通宝鉴 · 第48章 正二月戊土 · 原文,调优组,春,戊,,,,癸运夭折。 ,,,
戊申 甲寅 戊寅 丁巳,穷通宝鉴,穷通宝鉴 · 第48章 正二月戊土 · 原文,调优组,春,戊,,,,"生员出贡,甲透丙藏又欠癸故也。 ",,,
丙戌 庚寅 戊午 壬戌,穷通宝鉴,穷通宝鉴 · 第48章 正二月戊土 · 原文,调优组,春,戊,,,," 徐乐吾曰:杨森命,道光十二年正月廿四日戌时。甲木乘令,丙火出干,煞印相生,贵握兵柄,寅午戌会 局,透丙火,得壬水出干,",,,
庚寅 戊寅 戊寅 甲寅,穷通宝鉴,穷通宝鉴 · 第48章 正二月戊土 · 原文,调优组,春,戊,,,," 徐乐吾曰:张群命,光绪十六年二月初八日寅时。专用寅中丙火,兼格为食神制煞也,位至省主席。 ",,,
甲午 丙寅 戊子 壬戌,穷通宝鉴,穷通宝鉴 · 第48章 正二月戊土 · 原文,调优组,春,戊,,,," 徐乐吾:女命,黄膺白夫人造,光绪廿年正月初十日戌时。甲丙癸俱全,夫星当旺,财归坐下,富贵两全之 命。 ",,,
癸亥 丙辰 戊午 壬子,穷通宝鉴,穷通宝鉴 · 第49章 三月戊土 · 原文,调优组,春,戊,,,," 徐乐吾曰:单懋谦命,同治二年三月十二日子时。丙癸并透,翰林出身,官拜大学士。 ",,,
癸未 丙辰 戊申 丁巳,穷通宝鉴,穷通宝鉴 · 第49章 三月戊土 · 原文,调优组,春,戊,,,," 徐乐吾曰:江精卫命,光绪九年三月廿八日巳时。归禄格,又值禄马同乡,戊禄在巳,未年驿马亦在巳,三 月戊土,见丙癸并透,日",,,
庚寅 甲申 戊寅 癸丑,穷通宝鉴,穷通宝鉴 · 第53章 七月戊土 · 原文,调优组,秋,戊,,,,"先贫后富,多子。 徐乐吾曰:庚寅、甲申,年月交克,宜乎早年贫苦。戊癸相合,财来就我,为富造也。 ",,,
壬寅 戊申 戊辰 甲寅,穷通宝鉴,穷通宝鉴 · 第53章 七月戊土 · 原文,调优组,秋,戊,,,,"抚院 徐乐吾曰:申辰会局透壬,专用甲木泄水气,喜丙癸甲俱全,大贵之命。 ",,,
壬寅 戊申 戊辰 戊午,穷通宝鉴,穷通宝鉴 · 第53章 七月戊土 · 原文,调优组,秋,戊,,,,"太守 徐乐吾曰:用辰中癸水,寅中长生之丙,得禄之甲,惜俱藏支下,仅以知府终。 ",,,
己酉 壬申 戊申 壬子,穷通宝鉴,穷通宝鉴 · 第53章 七月戊土 · 原文,调优组,秋,戊,,,,"假功名,真富翁,盖五行只三,故一妻二妾无子。 徐乐吾曰:子申会局,两壬透子,财旺而官印俱无,一富而已。财多,故多妻妾,喜",,,
甲午 壬申 戊子 丙辰,穷通宝鉴,穷通宝鉴 · 第53章 七月戊土 · 原文,调优组,秋,戊,,是,,"壬丙甲俱透天干,地支又成水局,内阁翰林。 徐乐吾曰:此造所谓支成水局,勿作从财,用甲泄水气是也。以丙透干,故甲木可用以取",,,
癸酉 庚申 戊午 甲寅,穷通宝鉴,穷通宝鉴 · 第53章 七月戊土 · 原文,调优组,秋,戊,,是,," 徐乐吾曰:荣宗敬命,同治十二年七月十二日寅时。甲癸透,丙藏,寅午会局,身强印旺,甲木被庚金所 克,富而非贵,地支午申酉",,,
癸酉 辛酉 戊寅 戊午,穷通宝鉴,穷通宝鉴 · 第53章 七月戊土 · 原文,调优组,秋,戊,,,,",未知孰是,并 录之以备参考。",,,
戊子 辛酉 戊子 壬子,穷通宝鉴,穷通宝鉴 · 第54章 八月戊土 · 原文,调优组,秋,戊,,是,,"偏财格。 徐乐吾曰:此造财多身弱,非用戊土比肩分护财神不可,倘无丙寅、丁卯之运,恐难上达,惟局势清,地位 身份自有耳。 ",,,
戊子 辛酉 戊申 辛酉,穷通宝鉴,穷通宝鉴 · 第54章 八月戊土 · 原文,调优组,秋,戊,,,,"两干不杂,总兵。 徐乐吾曰:戊土临申,虽长生不旺,辛多而无克制,更见癸水,正合土金伤官见癸之说,然其发达,亦待丙 ",,,
丁亥 己酉 戊子 丁巳,穷通宝鉴,穷通宝鉴 · 第54章 八月戊土 · 原文,调优组,秋,戊,,是,," 徐乐吾曰:杨毓秀命,光绪十三年八月初四日巳时。伤官生财,妙在日禄归时,印劫并透,身旺任财,而财 归坐下,与日元上下相合",,,
戊戌 辛酉 戊戌 丙辰,穷通宝鉴,穷通宝鉴 · 第54章 八月戊土 · 原文,调优组,秋,戊,,,," 徐乐吾曰:朱博泉命,光绪二十四年八月十七日辰时。土金伤官格,丙火透干,羁合伤官,辰为财库,财星 归库,一富格也,五子八",,,
丁酉 庚戌 戊寅 乙卯,穷通宝鉴,穷通宝鉴 · 第55章 九月戊土 · 原文,调优组,秋,戊,,,,"白手兴家,大富。 徐乐吾曰:此造乙木官星,又见庚金出干,无财为辅,官星被伤,喜丁火制庚为救,行南方运而发,无财生 ",,,
丙子 戊戌 戊辰 己未,穷通宝鉴,穷通宝鉴 · 第55章 九月戊土 · 原文,调优组,秋,戊,,,是,"猛虎巡山格,官至少保。 徐乐吾曰:此稼穑格,乃变局也。生于九月,得火为贵。好在子辰遥会,戊土不燥,干有秋阳曝之,水火既 ",,,
癸未 壬戌 戊戌 乙卯,穷通宝鉴,穷通宝鉴 · 第55章 九月戊土 · 原文,调优组,秋,戊,,,," 徐乐吾曰:倪文蔚命,道光三年十月初三日卯时。当是甲寅时,进士出身,位至巡抚,若乙卯时,无此地位 也。 ",,,
庚子 丙戌 戊申 壬子,穷通宝鉴,穷通宝鉴 · 第55章 九月戊土 · 原文,调优组,秋,戊,,,," 徐乐吾曰:醇亲王奕譞命,光绪帝之父也,道光二十年九月二十一日子时。虽父以子贵,所享者仍是丙火荫 庇之福也,光绪辛卯年逝",,,
甲辰 甲戌 戊子 甲寅,穷通宝鉴,穷通宝鉴 · 第55章 九月戊土 · 原文,调优组,秋,戊,,,," 徐乐吾曰:盛宣怀命,道光廿四年九月二十四日寅时。甲透癸藏,丙火藏寅为配合,位至邮传部尚书,财归 坐下,大富。",,,
庚申 戊寅 己酉 丁卯,穷通宝鉴,穷通宝鉴 · 第58章 正月己土 · 原文,调优组,春,己,,,,"贡元。 徐乐吾曰:此造戊土出干,甲木不透,喜寅宫丙火有力,故不止衣衿也。 ",,,
乙未 戊寅 己丑 戊辰,穷通宝鉴,穷通宝鉴 · 第58章 正月己土 · 原文,调优组,春,己,,,是," 徐乐吾曰:卢英命,光绪二十年正月十七日辰时。己土阴柔,正月寒土,虽四柱土重,仍用丙火暖土,乙木 偏官,亦以见丙火而向荣",,,
癸卯 乙卯 己巳 庚午,穷通宝鉴,穷通宝鉴 · 第59章 二月己土 · 原文,调优组,春,己,,是,,"庚金隔位,乙难合庚,群邪自伏,抚院。 徐乐吾曰:乙庚隔位,乙不合庚,反能相制以成格,支聚三合,时逢午禄,身强煞旺,伤官制",,,
癸卯 乙卯 己巳 辛未,穷通宝鉴,穷通宝鉴 · 第59章 二月己土 · 原文,调优组,春,己,,是,,"众杀猖狂,草寇之命。 徐乐吾曰:辛金有制煞之意,而无制煞之力,己土临巳,丙戊禄地,巳未夹午禄,身强杀旺,亦化煞为权",,,
甲子 丁卯 己亥 戊辰,穷通宝鉴,穷通宝鉴 · 第59章 二月己土 · 原文,调优组,春,己,,,是," 徐乐吾曰:杨增新命,同治三年二月二十八日辰时。戊土出干,专用甲木疏土,甲己隔位不合,而得疏土之 用,丁透癸藏,土暖而润",,,
庚午 己卯 己未 庚午,穷通宝鉴,穷通宝鉴 · 第59章 二月己土 · 原文,调优组,春,己,,,," 徐乐吾曰:丁乃杨命,同治九年二月二十三日午时。卯未会局,庚金出干制之,己土生旺,富贵之命。 ",,,
癸酉 乙卯 己巳 己巳,穷通宝鉴,穷通宝鉴 · 第59章 二月己土 · 原文,调优组,春,己,,,," 徐乐吾曰:吴景濂命,同治十二年二月二十日巳时。癸透丙藏,乙木出干,得巳酉会局以制之,位至众议院 议长。 ",,,
壬午 癸卯 己巳 庚午,穷通宝鉴,穷通宝鉴 · 第59章 二月己土 · 原文,调优组,春,己,,,," 徐乐吾曰:程潜命,光绪八年二月十三日午时。此造卯巳午三合,庚透乙藏,制煞得力,位至军长省主席, 或云辛未时,则格局远逊",,,
甲戌 戊辰 己酉 丁卯,穷通宝鉴,穷通宝鉴 · 第60章 三月己土 · 原文,调优组,春,己,,,," 徐乐吾曰:吴佩孚命,同治十三年三月初七日卯时。卯辰酉戌,东西夹序,乃大方面格局,参观癸水九月节 徐世昌命,用取财官,惜",,,
己丑 戊辰 己卯 戊辰,穷通宝鉴,穷通宝鉴 · 第60章 三月己土 · 原文,调优组,春,己,,,是," 徐乐吾曰:贺耀祖命,光绪十五年四月初四日辰时。八个字中,土得其七,日支见卯,不作稼穑格论,乃杂 气财官也。一点卯木,有",,,
庚申 甲申 己丑 癸酉,穷通宝鉴,穷通宝鉴 · 第62章 七八九月己土 · 原文,调优组,秋,己,,,," 徐乐吾曰:杨士襄命,咸丰十年六月廿七日酉时。支成金局,癸透有根,大富贵,总握财枢。 ",,,
壬午 戊申 己酉 丙寅,穷通宝鉴,穷通宝鉴 · 第62章 七八九月己土 · 原文,调优组,秋,己,,,," 徐乐吾曰:王正廷命,光绪八年七月廿五日寅时。壬丙两透,无癸,异途显职。此造或云丁卯时,或云戊辰 时,未知孰是,以理度之",,,
甲寅 癸酉 己未 壬申,穷通宝鉴,穷通宝鉴 · 第62章 七八九月己土 · 原文,调优组,秋,己,,,,"甲丙癸壬全,提督。 徐乐吾曰:此造月令食神生财,甲木官星得禄,时逢壬申,虽辛金秉令,用取财官,但喜印劫扶助耳。 ",,,
乙亥 乙酉 己卯 庚午,穷通宝鉴,穷通宝鉴 · 第62章 七八九月己土 · 原文,调优组,秋,己,,,," 徐乐吾曰:李纯命,光绪元年八月十五日午时。亥卯会局,两乙出干,众煞猖狂,庚金隔位不合,而有扫除 群煞之功,所谓一将当关",,,
辛巳 戊戌 己卯 癸酉,穷通宝鉴,穷通宝鉴 · 第62章 七八九月己土 · 原文,调优组,秋,己,,,," 徐乐吾曰:庞澄云命,道光元年拾月初二日酉时。巳酉结局,癸透有根,富而且贵,虽言八月,三秋一理共 推,位至巡抚。 ",,,
乙亥 丙戌 己巳 乙亥,穷通宝鉴,穷通宝鉴 · 第62章 七八九月己土 · 原文,调优组,秋,己,,,," 徐乐吾曰:高恩洪命,光绪元年拾月初六日亥时。丙透壬藏亥宫,甲木可用,惜其不透,位至总长。 ",,,
壬午 庚戌 己酉 庚午,穷通宝鉴,穷通宝鉴 · 第62章 七八九月己土 · 原文,调优组,秋,己,,,," 徐乐吾曰:冯玉祥命,江绪八年九月廿六日午时。两庚并透,酉戌西方,专用丁火为救,壬水出干为病,虽 年时两午,日元得禄,己",,,
癸未 壬戌 己丑 庚午,穷通宝鉴,穷通宝鉴 · 第62章 七八九月己土 · 原文,调优组,秋,己,,,是," 徐乐吾曰:何应钦命,光绪九年九月十二日午时。土金伤官佩印,秋土气寒,金水进气,专取午宫丁火,丑 戌未三刑,帮身得用,时",,,
丁亥 庚戌 己巳 辛未,穷通宝鉴,穷通宝鉴 · 第62章 七八九月己土 · 原文,调优组,秋,己,,,," 徐乐吾曰:蒋委员长中正命,光绪十三年九月十五日未时。己巳身临旺地,巳未夹禄,两庚并透,三秋旺金 泄土之气,得丙丁出救,",,,
庚寅 丙戌 己卯 己巳,穷通宝鉴,穷通宝鉴 · 第62章 七八九月己土 · 原文,调优组,秋,己,,,," 徐乐吾曰:唐生智命,光绪十六年九月十二日巳时。土金伤官佩印,专取丙火,喜火土金同居戌宫,位至都 督,军法总监。",,,
辛巳 庚寅 庚戌 丙戌,穷通宝鉴,穷通宝鉴 · 第65章 正月庚金 · 原文,调优组,春,庚,,是,,"支成火局,无水出救,有道僧人。 徐乐吾曰:寅戌会局而透丙,火局成也。年又逢巳,煅炼太过,必须壬水为救。原局无救,而比劫叠",,,
壬子 壬寅 庚申 丙戌,穷通宝鉴,穷通宝鉴 · 第65章 正月庚金 · 原文,调优组,春,庚,,,,"守备。 徐乐吾曰:此造丙火出干,唯为壬水所困,故贵不钜。 ",,,
癸卯 甲寅 庚午 丙戌,穷通宝鉴,穷通宝鉴 · 第65章 正月庚金 · 原文,调优组,春,庚,,,,"残疾孤贫。 徐乐吾曰:支金火局,癸水无根,气泄于木,火旺金熔,残疾宜矣。 ",,,
庚申 己卯 庚寅 丁丑,穷通宝鉴,穷通宝鉴 · 第66章 二月庚金 · 原文,调优组,春,庚,,,,"丁透甲藏,难由科甲,纳粟秦名,贵自富得,官知县,其家巨富,为人亦慷慨好施。 徐乐吾曰:申卯合,甲藏寅,财旺生官,贵从富得",,,
辛丑 辛卯 庚寅 庚辰,穷通宝鉴,穷通宝鉴 · 第66章 二月庚金 · 原文,调优组,春,庚,,,,"武举,家富。 徐乐吾曰:支全寅卯辰,富甲一方可知。比劫露头而无丁火,故贵轻也。然两干不杂,气势自清。 ",,,
庚子 庚辰 庚申 壬午,穷通宝鉴,穷通宝鉴 · 第67章 三月庚金 · 原文,调优组,春,庚,,,,"时出壬水,支成水局,名井栏叉格,官至太师,凡水局须以此参观。 徐乐吾曰:此井栏叉格,《喜忌篇》云:庚日全逢润下,忌壬癸巳",,,
癸卯 丙辰 庚申 辛巳,穷通宝鉴,穷通宝鉴 · 第67章 三月庚金 · 原文,调优组,春,庚,,,," 徐乐吾曰:姜桂题命,道光廿三年三月十七日巳时。丙火出干,得禄于巳,癸水坐卯,不为困丙,武职极 贵,位至巡阅使。 ",,,
丙辰 壬辰 庚辰 壬午,穷通宝鉴,穷通宝鉴 · 第67章 三月庚金 · 原文,调优组,春,庚,,,," 徐乐吾曰:清穆宗(同治)命造,咸丰六年三月廿三日午时。甲午运甲配年,日儿太岁而殂。 ",,,
辛酉 壬辰 庚子 甲申,穷通宝鉴,穷通宝鉴 · 第67章 三月庚金 · 原文,调优组,春,庚,,,," 徐乐吾曰:端方命,满人,咸丰十一年三月十二日申时。井栏叉格,位至决督,辛亥年,死于乱军中,年五 十一。 ",,,
庚辰 庚辰 庚辰 丁亥,穷通宝鉴,穷通宝鉴 · 第67章 三月庚金 · 原文,调优组,春,庚,,,," 徐乐吾曰:庚继尧命,光绪六年三月十三日亥时。丁火出干,亥宫藏甲,贵为云南都督,或云:唐造为癸 未、庚申、庚寅、壬午,未",,,
癸巳 庚申 庚申 丁亥,穷通宝鉴,穷通宝鉴 · 第71章 七月庚金 · 原文,调优组,秋,庚,,,,"一榜,府尹。 ",,,
辛酉 丙申 庚子 丙戌,穷通宝鉴,穷通宝鉴 · 第71章 七月庚金 · 原文,调优组,秋,庚,,,," 徐乐吾曰:王士珍命,咸丰十一年七月十四日戌时。支备申酉戌西方,子戌拱亥,丙辛合去一煞,专用时上 丙火,金神入火乡,富贵",,,
丙子 丁酉 庚子 丙子,穷通宝鉴,穷通宝鉴 · 第72章 八月庚金 · 原文,调优组,秋,庚,,是,,"身旺任杀,丞相,一品。 徐乐吾曰:此明代乔行简尚书命,干透两丙一丁,癸水在支,不伤丙丁干火,贵至极品。 ",,,
甲辰 癸酉 庚申 辛巳,穷通宝鉴,穷通宝鉴 · 第72章 八月庚金 · 原文,调优组,秋,庚,,,,"知州。 徐乐吾曰:专用巳宫丙火,癸水在干,更得甲木引化,丙火无伤,所以取贵。 ",,,
乙巳 乙酉 庚午 丁亥,穷通宝鉴,穷通宝鉴 · 第72章 八月庚金 · 原文,调优组,秋,庚,,,,"归灵格。财旺生官,举人,官至粮道。 徐乐吾曰:此造丁火出干,得禄于午,亥宫藏甲,故较上造为胜,位亦较高。财旺生官,极明显",,,
己亥 癸酉 庚申 戊寅,穷通宝鉴,穷通宝鉴 · 第72章 八月庚金 · 原文,调优组,秋,庚,,,,"阳刃驾杀格,尚书。 徐乐吾曰:寅中丙火制刃,寅亥皆藏甲,引生丙煞,天干癸水有戊土克制,暗化助煞,大运逆行南方,贵居 极品",,,
甲申 癸酉 庚辰 丁亥,穷通宝鉴,穷通宝鉴 · 第72章 八月庚金 · 原文,调优组,秋,庚,,,," 徐乐吾曰:王树常命,光绪十年八月初九日亥时。丁甲出干,惜支无丙火,总领师旅。 ",,,
癸巳 辛酉 庚申 丙戌,穷通宝鉴,穷通宝鉴 · 第72章 八月庚金 · 原文,调优组,秋,庚,,,," 徐乐吾曰:石友三命,光绪十九年八月十一日戌时。支备申酉戌西方,丙火出干,得禄于巳,假煞为权,柱 无丁火,总领师干,贵为",,,
辛酉 戊戌 庚申 甲申,穷通宝鉴,穷通宝鉴 · 第73章 九月庚金 · 原文,调优组,秋,庚,,,,"尚书。 徐乐吾曰:此造戊土出干,而支全申酉戌,用甲破土,运行南方,位至尚书。 ",,,
辛未 戊戌 庚申 辛巳,穷通宝鉴,穷通宝鉴 · 第73章 九月庚金 · 原文,调优组,秋,庚,,,,",相差一字,或为传抄之误,亦未可知。 ",,,
甲申 甲戌 庚辰 壬午,穷通宝鉴,穷通宝鉴 · 第73章 九月庚金 · 原文,调优组,秋,庚,,,," 徐乐吾曰:曾忠襄公(国荃)命,道光四年八月廿日午时。甲木破土,壬水润土生金,而用午宫丁火,故贵 不由科甲,地支辰午申戌",,,
庚申 丙戌 庚戌 壬午,穷通宝鉴,穷通宝鉴 · 第73章 九月庚金 · 原文,调优组,秋,庚,,,," 徐乐吾曰:王丹揆命,咸丰十年九月二十日午时。庚金得禄於申,支成火局,功名魁士,丑运庚寅年,以进 士分部,一任浙江财政监",,,
癸亥 壬戌 庚申 庚辰,穷通宝鉴,穷通宝鉴 · 第73章 九月庚金 · 原文,调优组,秋,庚,,,," 徐乐吾曰:陶炯照命,同治二年九月十六日辰时。专用壬水泄秀,拔贡,举经济特科,历署名县,位至汝阳 道尹,以甲木藏亥,疏土",,,
丙辰 庚寅 辛酉 己丑,穷通宝鉴,穷通宝鉴 · 第77章 正月辛金 · 原文,调优组,春,辛,,,是,"有己无壬,有能秀才,多兄弟,少子,有己土无壬故也。 徐乐吾曰:己土相生,丙火照暖,庚金制甲,格局颇全。唯缺少壬水,辛秀气",,,
乙卯 己卯 辛酉 甲午,穷通宝鉴,穷通宝鉴 · 第78章 二月辛金 · 原文,调优组,春,辛,,,,"用胎元庚金破木,位至太守,欠壬水,故无嗣。 ",,,
乙卯 己卯 辛酉 壬辰,穷通宝鉴,穷通宝鉴 · 第78章 二月辛金 · 原文,调优组,春,辛,,,,都堂。 ,,,
甲午 丁卯 辛未 己亥,穷通宝鉴,穷通宝鉴 · 第78章 二月辛金 · 原文,调优组,春,辛,,,,"财旺生官,状元。 徐乐吾曰:丁己同宫于午,得甲木在年生丁火,不伤己土,同一支成木局,财旺生官,辛金有己土印相生, 而此造",,,
壬子 癸卯 辛卯 壬辰,穷通宝鉴,穷通宝鉴 · 第78章 二月辛金 · 原文,调优组,春,辛,,,,"女命,金水汪洋,一生淫贱孤寡。 徐乐吾曰:女命,金水汪洋,无戊土以制之也,水旺金沉,加以运行西北,主少年淫贱,晚年孤寡。",,,
癸丑 丙辰 辛亥 戊子,穷通宝鉴,穷通宝鉴 · 第79章 三月辛金 · 原文,调优组,春,辛,,,," 徐乐吾曰:骆秉章命,乾隆五十八年三月十八日子时。丙火出干,喜有癸水破丙解合,支坐亥子丑地,癸水 有力,亥中有甲破",,,
癸巳 丙辰 辛卯 癸巳,穷通宝鉴,穷通宝鉴 · 第79章 三月辛金 · 原文,调优组,春,辛,,,," 徐乐吾曰:武庭麟命,两癸出干破丙,总领师干。",,,
甲午 壬申 辛卯 癸巳,穷通宝鉴,穷通宝鉴 · 第83章 七月辛金 · 原文,调优组,秋,辛,,,,"壬甲两透,词林。 徐乐吾曰:金水伤官,喜见官星,官藏伤露,两不相碍。 ",,,
甲寅 壬申 辛卯 壬辰,穷通宝鉴,穷通宝鉴 · 第83章 七月辛金 · 原文,调优组,秋,辛,,,," 徐乐吾曰:此两造,皆无庚透壬,上造喜时逢癸巳,戊土坐实,暗制壬水,不遭甲克,故入词林。 ",,,
戊午 庚申 辛卯 戊子,穷通宝鉴,穷通宝鉴 · 第83章 七月辛金 · 原文,调优组,秋,辛,,,,"秀才,位至总兵。 ",,,
戊午 庚申 辛卯 己亥,穷通宝鉴,穷通宝鉴 · 第83章 七月辛金 · 原文,调优组,秋,辛,,,,"用戊生身,运遇财地,贪财坏印而死。 徐乐吾曰:此两造水少见戊,皆非佳命,次造亥卯会局,财星本旺,更行财地,则破印矣。",,,
丁酉 己酉 辛酉 丙申,穷通宝鉴,穷通宝鉴 · 第84章 八月辛金 · 原文,调优组,秋,辛,,是,,"身强杀浅,辛日坐酉,丙官生印,太守。 徐乐吾曰:丙丁官煞并见,印以化之,不嫌其混,身强杀浅,更喜其混也。申藏庚壬,殆纳粟",,,
癸巳 辛酉 辛酉 戊子,穷通宝鉴,穷通宝鉴 · 第84章 八月辛金 · 原文,调优组,秋,辛,,,,"全无木气疏土,孤贫。 徐乐吾曰:此造亦是六辛朝阳格,巳宫丙戊得禄,戊土太重,癸水出干被伤,反致孤贫。 ",,,
庚午 乙酉 辛亥 戊戌,穷通宝鉴,穷通宝鉴 · 第84章 八月辛金 · 原文,调优组,秋,辛,,,," 徐乐吾曰:高凌蔚命,同治九年八月十七日戌时。庚金破乙,亥宫藏甲木破戊,支见壬水,由异途居显职。 ",,,
丙戌 丁酉 辛未 己亥,穷通宝鉴,穷通宝鉴 · 第84章 八月辛金 · 原文,调优组,秋,辛,,,," 徐乐吾曰:丁桂樵命,光绪十二年八月十一日亥时。丙丁官煞生印,喜亥宫壬甲得用,取壬制火,取甲破 土,位至道尹。",,,
戊戌 壬戌 辛酉 甲午,穷通宝鉴,穷通宝鉴 · 第85章 九月辛金 · 原文,调优组,秋,辛,,,,"去浊留清,主大富贵,行午运,零落而死。 徐乐吾曰:甲木出干破戊护壬,故云去浊留清,惜时上午破酉,辛禄被伤,更行午运,宜其",,,
己亥 甲戌 辛亥 戊戌,穷通宝鉴,穷通宝鉴 · 第85章 九月辛金 · 原文,调优组,秋,辛,,,,"合去甲木,壬水混塞,故作常人。 徐乐吾曰:甲被己合,不能破土,壬被土困,不能泄金,支无庚金,故不能成名也。 ",,,
癸亥 壬戌 辛酉 丙申,穷通宝鉴,穷通宝鉴 · 第85章 九月辛金 · 原文,调优组,秋,辛,,是,,"壬丙两透全,八座。 徐乐吾曰:此造丙辛化水,喜支全申酉戌西方,金气偏旺,戊土后退,更得亥宫甲木破土,壬癸出干,金水 又逢",,,
壬子 庚戌 辛巳 壬辰,穷通宝鉴,穷通宝鉴 · 第85章 九月辛金 · 原文,调优组,秋,辛,,,," 徐乐吾曰:张廷玉命,康熙十一年九月初九日辰时。壬水高透,庚发水源,戌子夹亥,壬甲暗藏,四支聚乾 巽两宫,富贵寿考,为有",,,
甲辰 甲戌 辛卯 辛卯,穷通宝鉴,穷通宝鉴 · 第85章 九月辛金 · 原文,调优组,秋,辛,,,," 徐乐吾曰:胡学震命,道光廿四年九月廿七日卯时。两甲破土,科甲出身,位至河南臬司。 ",,,
戊子 壬戌 辛未 癸巳,穷通宝鉴,穷通宝鉴 · 第85章 九月辛金 · 原文,调优组,秋,辛,,,," 徐乐吾曰:王钝根命,光绪十四年九月廿三日巳时。壬癸出干,戊土并透,无甲木为救,有病无药,壬癸泄 秀,聪明有余,文学名家",,,
癸巳 壬戌 辛卯 辛卯,穷通宝鉴,穷通宝鉴 · 第85章 九月辛金 · 原文,调优组,秋,辛,,,," 徐乐吾曰:徐谟命,光绪十九年九月十二日卯时。壬透,支有木气破土,位至财部次长。",,,
壬寅 壬寅 壬辰 壬寅,穷通宝鉴,穷通宝鉴 · 第90章 正月壬水 · 原文,调优组,春,壬,,,,"富翁,当令之食神生财,故成富翁。每一比肩,下坐寅木,比劫被泄,转而生财,故财 旺也。 徐乐吾曰:壬水临辰,通根身库,专用",,,
壬戌 壬寅 壬子 己酉,穷通宝鉴,穷通宝鉴 · 第90章 正月壬水 · 原文,调优组,春,壬,,,,"常人。 徐乐吾曰:日坐阳刃,壬水汪洋,而戊土为甲木所制,宜为寻常人矣。 ",,,
壬寅 壬寅 壬寅 壬寅,穷通宝鉴,穷通宝鉴 · 第90章 正月壬水 · 原文,调优组,春,壬,,,," 徐乐吾曰:傅恒命,康熙六十一年正月十六日寅时。六壬趋艮格,寅暗合亥,取亥宫虚禄帮身,生于北方, 水旺得地,运行财官旺地",,,
戊辰 甲寅 壬戌 丙午,穷通宝鉴,穷通宝鉴 · 第90章 正月壬水 · 原文,调优组,春,壬,,是,," 徐乐吾曰:施再村命,同治七年正月十三日午时。支成火局,柱无比印,从财失令,为富翁而不终,名利皆 虚。",,,
戊午 乙卯 壬子 庚子,穷通宝鉴,穷通宝鉴 · 第91章 二月壬水 · 原文,调优组,春,壬,,,," 徐乐吾曰:康有为命,咸丰八年二月初六日子时。水旺透庚,水木伤官佩印,两子冲午,子卯相刑,卯午又 破,冲激动荡,出于天性",,,
庚午 己卯 壬寅 庚戌,穷通宝鉴,穷通宝鉴 · 第91章 二月壬水 · 原文,调优组,春,壬,,,," 徐乐吾曰:李厚基命,同治九年二月初六日戌时。两庚出干,寅午戌成局,财旺生官,官印相生,惜无壬水 比肩,然已富贵兼",,,
癸酉 乙卯 壬戌 乙巳,穷通宝鉴,穷通宝鉴 · 第91章 二月壬水 · 原文,调优组,春,壬,,,," 徐乐吾曰:吴董卿命,同治十二年二月十三日巳时。二月壬水泄弱,专用酉金,水木清华,当为文学词臣, 逆行运颇佳。 ",,,
庚辰 己卯 壬寅 丁未,穷通宝鉴,穷通宝鉴 · 第91章 二月壬水 · 原文,调优组,春,壬,,,," 徐乐吾曰:王来命,光绪六年二月初四日未时。与蒋造一时之差,富贵俱小,则以丁火伤庚故也,位至财政 部参事。 ",,,
乙酉 己卯 壬午 庚戌,穷通宝鉴,穷通宝鉴 · 第91章 二月壬水 · 原文,调优组,春,壬,,,," 徐乐吾曰:李景林命,光绪十一年二月十二日戌时。财旺生官,所恃在年支酉印,祖荫厚矣,其一生事业, 由上荫来,位至都督。或",,,
壬申 甲辰 壬辰 甲辰,穷通宝鉴,穷通宝鉴 · 第92章 三月壬水 · 原文,调优组,春,壬,,,是,"食神制杀格,提督。 徐乐吾曰:此造支聚辰库,申宫庚金,发水之源。用甲木琉土,水势流 通,运行南方,春江水暖,顺行向西,宜",,,
丙子 壬辰 壬申 乙巳,穷通宝鉴,穷通宝鉴 · 第92章 三月壬水 · 原文,调优组,春,壬,,,," 徐乐吾曰:王克敏命,光绪二年四月十一日巳时。支聚水局,生于立夏前一日,丙火进气,时值巳宫,丙火 得禄,气接四月,参看四",,,
乙酉 庚辰 壬寅 己酉,穷通宝鉴,穷通宝鉴 · 第92章 三月壬水 · 原文,调优组,春,壬,,,," 徐乐吾曰:孙传芳命,光绪十一年三月初三日酉时。乙庚、辰酉皆合,水浅金多,体全之象,寅宫藏甲破 戊,丙制庚金,位至五省联",,,
戊寅 庚申 壬辰 壬寅,穷通宝鉴,穷通宝鉴 · 第96章 七月壬水 · 原文,调优组,秋,壬,,,,"此用戊丙,按院。 徐乐吾曰:财滋弱煞格,取年上戊寅,财藏煞透,引归时上长生,宜其贵也。 ",,,
癸酉 庚申 壬辰 辛亥,穷通宝鉴,穷通宝鉴 · 第96章 七月壬水 · 原文,调优组,秋,壬,,,是,"此用辰中戊土,依人而富。 徐乐吾曰:此造金水成象,《滴天髓》所谓二人同心是也。但金清水冷,辛运南方阳暖之地,贸易获",,,
丁亥 戊申 壬申 庚戌,穷通宝鉴,穷通宝鉴 · 第96章 七月壬水 · 原文,调优组,秋,壬,,是,,"此身旺任财,丁戊俱透,尚书。 徐乐吾曰:此造亦是财滋弱煞,喜丁壬之间,隔以戊土不合,而戊土通根于戌,土厚而实,故可用也,",,,
乙亥 甲申 壬申 壬寅,穷通宝鉴,穷通宝鉴 · 第96章 七月壬水 · 原文,调优组,秋,壬,,,,"孤人。 徐乐吾曰:木多无庚出干,难取食伤生财,衣禄随缘。 ",,,
丁丑 戊申 壬戌 丙午,穷通宝鉴,穷通宝鉴 · 第96章 七月壬水 · 原文,调优组,秋,壬,,是,," 徐乐吾曰:王承斌命,光绪三年七月初九日午时。丁戊并透,午戌会局,财旺生煞,位至湖北都督。财煞太 旺,喜运行西北身旺之地",,,
辛酉 丁酉 壬辰 壬寅,穷通宝鉴,穷通宝鉴 · 第97章 八月壬水 · 原文,调优组,秋,壬,,,,"龙虎拱天门,又曰壬趋艮格,探花。 徐乐吾曰:辰龙寅虎拱卯,两酉暗冲卯宫,卯为日月出入之门,故曰天门,《兰台妙选》有酉生入",,,
壬子 己酉 壬子 庚戌,穷通宝鉴,穷通宝鉴 · 第97章 八月壬水 · 原文,调优组,秋,壬,,是,,"印旺身强,富大贵小。 徐乐吾曰:此造壬水两透,专用戌宫戊土,看法同七月。己土出干,混浊壬水,难以取贵。子戌夹亥,壬水 得",,,
丙子 丁酉 壬子 己酉,穷通宝鉴,穷通宝鉴 · 第97章 八月壬水 · 原文,调优组,秋,壬,,是,,"身旺无依,一生贫苦。 徐乐吾曰:财官无根,支多劫刃,己土不足以止水,徒然浊壬,水旺无木,无以泄水之气,不仅贫苦,后嗣 亦",,,
庚午 乙酉 壬子 甲辰,穷通宝鉴,穷通宝鉴 · 第97章 八月壬水 · 原文,调优组,秋,壬,,,,"庚甲两透,词林。 徐乐吾曰:甲以乙妹妻庚,乙庚合化,年月印旺,专用时干甲木文星,更喜甲木临辰,水木有情,故有词林 秀。 ",,,
乙酉 乙酉 壬午 甲辰,穷通宝鉴,穷通宝鉴 · 第97章 八月壬水 · 原文,调优组,秋,壬,,,," 徐乐吾曰:张麟书命,光绪十一年八月十六日辰时。壬生八月,得甲木出干制土,金白水清,午宫丁火财星 得禄,泄甲木之气,故供",,,
丙子 戊戌 壬申 甲辰,穷通宝鉴,穷通宝鉴 · 第98章 九月壬水 · 原文,调优组,秋,壬,,,,"进士 ,官至太守。 徐乐吾曰:甲丙两透,煞前食后,格局完备,太平时代一太守,木透可至道尹,乱世可至省长,时代有不同 也。",,,
戊寅 壬戌 壬子 甲辰,穷通宝鉴,穷通宝鉴 · 第98章 九月壬水 · 原文,调优组,秋,壬,,,,"年翰林,官拜副都御史。 徐乐吾曰:甲透丙藏,煞前食后,与上造同,虽官职有内外,品位一也。 ",,,
丙子 戊戌 壬子 庚子,穷通宝鉴,穷通宝鉴 · 第98章 九月壬水 · 原文,调优组,秋,壬,,,," 徐乐吾曰:友人某君命,光绪二年八月廿四日子时。支逢三刃,秋水汪洋,专取戊土,煞刃相制成格。虽有 丙火,而落日余晖,力量",,,
壬午 庚戌 壬寅 庚子,穷通宝鉴,穷通宝鉴 · 第98章 九月壬水 · 原文,调优组,秋,壬,,,," 徐乐吾曰:蒋百器命,光绪八年九月十九日子时。支聚寅午戌火局,财旺生煞,时逢阳刃,煞刃成格,煞旺 刃轻,用宜助刃。早年行",,,
壬寅 壬寅 癸卯 丁巳,穷通宝鉴,穷通宝鉴 · 第102章 正月癸水 · 原文,调优组,春,癸,,,,"孤贫,损目。 徐乐吾曰:干见两壬,不能言从,木旺火多,癸水气泄熬干,孤贫,残疾。 ",,,
壬子 壬寅 癸卯 丙辰,穷通宝鉴,穷通宝鉴 · 第102章 正月癸水 · 原文,调优组,春,癸,,是,,"有妻无子,兄弟相残,常人。 徐乐吾曰:寅卯辰成方,食伤太旺,非见庚辛,不能制木生癸以取贵,与二月同论。丙火偏财出干,而比",,,
甲寅 丁卯 癸卯 乙卯,穷通宝鉴,穷通宝鉴 · 第103章 二月癸水 · 原文,调优组,春,癸,,,,",诰封一品,但为人柔弱 无能。运入西方,逝世。女造柔懦尚无害,若为男造,不免贫困多灾矣。 ",,,
辛巳 辛卯 癸丑 乙卯,穷通宝鉴,穷通宝鉴 · 第103章 二月癸水 · 原文,调优组,春,癸,,,," 徐乐吾曰:章士钊命光绪七年二月廿一日卯时。丑宫己辛,煞印相生,辛透丙藏,位至教育总长。 ",,,
丙寅 壬辰 癸巳 甲寅,穷通宝鉴,穷通宝鉴 · 第104章 三月癸水 · 原文,调优组,春,癸,,,,"此造二人同庚,一生上半月,年老,位至总督,一生下半月,年少,多困厄刑克,后中 武举。 徐乐吾曰:壬癸并透,与壬水同论,生",,,
丙寅 壬辰 癸丑 丙辰,穷通宝鉴,穷通宝鉴 · 第104章 三月癸水 · 原文,调优组,春,癸,,,是,"丙透,财资杀格,驸马。 徐乐吾曰:辰丑皆湿土,丑宫土金,煞印相生,专用丙火财星,财不伤印,因妻致贵。 ",,,
己酉 戊辰 癸酉 丙辰,穷通宝鉴,穷通宝鉴 · 第104章 三月癸水 · 原文,调优组,春,癸,,,,"先贫后富,万金。 徐乐吾曰:戊癸相合,时透丙辰,必然化火,支见辰酉合金,为化气之财,故富有万金,化神喜行旺地,惜 原命火",,,
戊辰 丙辰 癸丑 壬子,穷通宝鉴,穷通宝鉴 · 第104章 三月癸水 · 原文,调优组,春,癸,,是,," 徐乐吾曰:刘琨命,嘉庆十三年三月十七日子时。财官两旺,喜时逢壬子,丑宫辛金,吉神暗藏,运至庚 申、辛酉,煞印相生,身旺",,,
辛酉 丙申 癸酉 辛酉,穷通宝鉴,穷通宝鉴 · 第108章 七月癸水 · 原文,调优组,秋,癸,,是,是,"丙被辛合化水,身旺无制,为僧。 徐乐吾曰:丙火被合去,身旺而无泄,即不为僧,亦无子嗣,气势寒冷,贫困之象也。 ",,,
壬申 戊申 癸亥 癸亥,穷通宝鉴,穷通宝鉴 · 第108章 七月癸水 · 原文,调优组,秋,癸,,是,,"身旺无依,不作润下,孤贫,百岁不死。 徐乐吾曰:戊土出干,不作润下,纵然元气无伤,唯寿永耳。 ",,,
庚寅 乙酉 癸亥 丙辰,穷通宝鉴,穷通宝鉴 · 第109章 八月癸水 · 原文,调优组,秋,癸,,,,"乙庚化金以助辛,太守。 徐乐吾曰:乙庚化金以助辛,寅亥会木以生丙,丙火以得长生,气势中和,取贵。 ",,,
丁巳 己酉 癸卯 丁巳,穷通宝鉴,穷通宝鉴 · 第109章 八月癸水 · 原文,调优组,秋,癸,,是,," 徐乐吾曰:杨善德命,咸丰七年七月廿四日巳时。财官太旺,专用酉金,行辰癸运,位至浙江督军。 ",,,
癸酉 辛酉 癸巳 丙辰,穷通宝鉴,穷通宝鉴 · 第109章 八月癸水 · 原文,调优组,秋,癸,,,是," 徐乐吾曰:陈光远命,同治十二年八月十七日辰时。生于寒露节前二时,专用巳宫丙火,位至江西督军。 ",,,
庚辰 乙酉 癸亥 癸丑,穷通宝鉴,穷通宝鉴 · 第109章 八月癸水 · 原文,调优组,秋,癸,,,," 徐乐吾曰:戴勘命,光绪六年八月廿七日丑时。金多水旺,二人同心,运行北方,位至四川督军。",,,
癸亥 壬戌 癸卯 甲寅,穷通宝鉴,穷通宝鉴 · 第110章 九月癸水 · 原文,调优组,秋,癸,,,,"食神生财格,总督。 徐乐吾曰:年逢癸亥,日元得助,癸水通根,弱中转旺也。甲木出干,制戌宫戊土而生丙火,食神生财为 用。显",,,
壬辰 庚戌 癸丑 癸亥,穷通宝鉴,穷通宝鉴 · 第110章 九月癸水 · 原文,调优组,秋,癸,,是,,"甲辛俱无,为人奴仆。 徐乐吾曰:戌土之气,泄于庚金,壬水出干,而无戊制,身旺无依,且戌为财库,逢辰冲开,壬癸杂出,虽 冲",,,
甲戌 甲戌 癸卯 甲寅,穷通宝鉴,穷通宝鉴 · 第110章 九月癸水 · 原文,调优组,秋,癸,,,,"制伏得宜,侍郎。 徐乐吾曰:此造地支两戌寅卯,时拱亥子丑北方,虚神得用,勿谓癸水无根,甲多破土,故云制伏得宜。 ",,,
辛卯 戊戌 癸亥 癸亥,穷通宝鉴,穷通宝鉴 · 第110章 九月癸水 · 原文,调优组,秋,癸,,,," 徐乐吾曰:李廷肃命,道光十一年九月十四日亥时。辛癸并透,亥宫甲木破戊,癸水临亥旺地,行南方火土 之乡,由江宁知府",,,
戊申 壬戌 癸巳 甲寅,穷通宝鉴,穷通宝鉴 · 第110章 九月癸水 · 原文,调优组,秋,癸,,,," 徐乐吾曰:陈宝琛命,道光廿八年九月廿三日寅时。癸水见壬并透,当以壬水论,长生于申,甲戊并透,七 煞有制,喜行木火之乡。",,,
乙卯 丙戌 癸酉 丙辰,穷通宝鉴,穷通宝鉴 · 第110章 九月癸水 · 原文,调优组,秋,癸,,,," 徐乐吾曰:徐世昌命,咸丰五年九月十三日辰时。食神生财格佩印,喜辰酉卯戌两合,卯辰东方,酉戌西 方,东西对峙,为大方面夹",,,
丙子 己亥 乙丑 壬午,任铁樵·滴天髓阐微,,检验组,冬,乙,是,是,是,此造初看，一無可取，天乾壬丙一克，地支子午遙衝，且寒木喜陽，正遇水勢泛濫，火氣克絕，似乎名利無成。餘細推之，三水二土二火,,,
癸巳 癸亥 甲寅 壬申,任铁樵·滴天髓阐微,,检验组,冬,甲,是,,是,甲寅日元，生於孟冬，寒木必須用火。柱中四逢旺水傷用，無土砥定，似乎不美，妙在寅亥臨合，巳火絕處逢生，此即興發之機。然初運,,,
辛未 辛丑 戊辰 壬戌,任铁樵·滴天髓阐微,,检验组,冬,戊,是,,,此造非支全四庫之美，所喜者辛金吐秀，醜中元神透出，洩其精英，更妙木火伏而不見，純清不混。至酉運，辛金得地，中鄉榜；後因運,,,
辛未 乙未 庚辰 丁亥,任铁樵·滴天髓阐微,,检验组,夏,庚,是,,,庚辰日元，生於季夏，金進氣，土當權，喜其丁火司令，元神發露而為用神，能制辛金之劫。未為火之餘氣，辰乃木之餘氣，財官皆通根,,,
丁巳 癸丑 丁卯 丙午,任铁樵·滴天髓阐微,,检验组,冬,丁,是,,,丁火雖生季冬，比劫重重，癸水退氣，無力制劫，不足為用。必以醜中辛金為用，得丑土包藏，洩劫生財，為輔用之喜神也。所嫌者，卯,,,
丙子 己亥 乙亥 丙子,任铁樵·滴天髓阐微,,检验组,冬,乙,隐含,是,是,乙亥日元，生於亥月，喜其天干兩透丙火，不失陽春之景。寒木向陽，清而純粹，惜乎火土無根，水木太重，讀書未售；兼之中年一路水,,,
庚申 壬午 辛酉 癸巳,任铁樵·滴天髓阐微,,检验组,夏,辛,是,是,,此庚辛壬癸，金水雙清，地支申酉巳午，煆煉有功，謂午火真神得用，理應名利雙輝。所惜者五行無木，金雖失令而黨多，火雖當令而無,,,
庚申 壬午 辛酉 甲午,任铁樵·滴天髓阐微,,检验组,夏,辛,隐含,,,此亦用午中丁火之殺，壬水亦覆之於上，亦有庚金緊貼之生。所喜者午時一助，更妙天乾覆以甲木，則火之蔭盛。且壬水見甲木而貪生，,,,
戊申 戊午 戊戌 戊午,任铁樵·滴天髓阐微,,检验组,夏,戊,隐含,,,此與前造只換一申字，而天干之氣下降，地支之水有源，午火雖烈，究不能傷申金，用金明矣，況有子水為去病之喜神。交申運，戊辰年,,,
丙子 己亥 乙酉 壬午,任铁樵·滴天髓阐微,,检验组,冬,乙,是,,是,此全酉、亥、子西北之陰寒。寒木更宜向陽，以丙火為用，壬水即其病也。然喜壬水遠隔，與日主緊貼，日主本衰，未嘗不喜其生，又有,,,
甲寅 庚午 乙卯 丙子,任铁樵·滴天髓阐微,,检验组,夏,乙,是,,,專祿日主，時支子水生之，年乾甲木，亦坐祿旺，用庚金則火旺無土，坐干火地，用丙火則子衝去其旺支，即或用火，亦無安頓之運。所,,,徐乐吾亦引用过：保留在检验组
壬申 丙午 庚午 庚辰,任铁樵·滴天髓阐微,,检验组,夏,庚,是,,,此丙火之殺雖旺，壬水之根亦固，日主有比肩之助，辰土之生，謂身殺兩停。用壬制殺，天干之同志者；地支之同志者，辰土也，一制一,,,
戊戌 癸亥 戊戌 癸亥,任铁樵·滴天髓阐微,,检验组,冬,戊,隐含,,是,此水土各半，兩氣成象，喜其通根燥土，財命有一。然氣勢稍寒，所以運至丙寅，寒逢陽，運登科甲，更妙亥中甲木暗生，仕至郡守，宦,,,疑似特殊格局
壬戌 壬子 甲子 戊辰,任铁樵·滴天髓阐微,,检验组,冬,甲,隐含,,,甲木生於仲冬，前造坐寅而實，此則從子而虛，所喜年支帶火之戌土，較辰土力量大過矣。蓋戊土之根固，足以補日主之虛，行運亦同，,,,
庚申 辛巳 丙辰 乙未,任铁樵·滴天髓阐微,,检验组,夏,丙,是,是,,此造以俗論之，丙火生於巳月，建祿必要用財，無如庚辛重疊根深，獨印受傷，弱可知矣。運至甲申乙酉，金得地，木無根，破耗異常；,,,
己巳 庚午 丙午 甲午,任铁樵·滴天髓阐微,,检验组,夏,丙,隐含,,是,此造俗論，丙午日支全三年，四柱滴水全無，中年又無水運，必作飛天祿馬，名利雙輝，不知此造午中己土，巳中庚金，元神透出年月兩,,,
丙寅 甲午 丙午 癸巳,任铁樵·滴天髓阐微,,检验组,夏,丙,是,是,,此火長夏令，月支坐刃，年支逢生，時支得祿，年月兩支，又透甲丙，烈火焚木，旺之極矣，一點癸水熬干，只得從其強勢。運逢木火土,,,徐乐吾亦引用过：保留在检验组
戊寅 丁巳 丙寅 甲午,任铁樵·滴天髓阐微,,检验组,夏,丙,隐含,是,,此造丙火生孟夏，地支兩坐長生而逢祿旺。火旺極者，似土也。初運雖不逢木，喜其南方火地，遺緒豐盈，讀書過目成育；一交庚運，即,,,
壬寅 辛亥 壬子 辛丑,任铁樵·滴天髓阐微,,检验组,冬,壬,隐含,是,,此造壬水生於孟冬，支類北方，干皆金水。水太旺者，似土也，喜其寅木吐秀。至甲寅運，早遂青雲之志，可謂才藻翩翩，輝映杏壇桃李,,,
辛巳 甲午 癸卯 癸亥,任铁樵·滴天髓阐微,,检验组,夏,癸,隐含,,,癸卯日元，生於亥時，日主之氣已貫，喜其無土，才旺自能生官。更妙巳亥遙衝，去火存金，伅星得用，木火受制，體用不傷，中和純粹,,,
庚寅 壬午 戊午 丁巳,任铁樵·滴天髓阐微,,检验组,夏,戊,隐含,,,此以火為源頭，年支寅木主節，月乾壬水隔之，不能流至金。初運土金之地，衝化阻節之神，業同秋水春花盛，人被堯天舜日恩；一交水,,,
癸亥 癸亥 丁卯 癸卯,任铁樵·滴天髓阐微,,检验组,冬,丁,隐含,,,此造乾透三癸，支逢兩亥，乘權秉令。喜其無金，兩印拱局，生化不悖情而純粹，辛酉庚申運中，蹭蹬功名，刑耗並見，已未交運，乾制,,,
癸丑 戊午 丙午 壬辰,任铁樵·滴天髓阐微,,检验组,夏,丙,隐含,,,此造火長夏天，旺之極矣。戊癸合而化為忌，還喜壬水通根身庫；更妙年支坐丑，足以晦火養金而蓄水，則癸水仍得根，雖合而不化也。,,,
癸巳 戊午 丙午 壬辰,任铁樵·滴天髓阐微,,检验组,夏,丙,隐含,,是,此鐵樵自造（乾隆三十八年四月十八日辰時），亦長夏天，與前造只換一丑字，天淵之隔矣。夫醜乃北方之濕土，能晦丙火之烈，能收午,,,
戊申 癸亥 丙午 壬辰,任铁樵·滴天髓阐微,,检验组,冬,丙,隐含,是,,此造日主雖坐旺刃，生於亥月，究竟休囚；五行無木，壬癸並透，支逢生旺，各立門戶。喜其合去癸水，不致混也；更妙運走東南木火，,,,
戊午 癸亥 丙戌 壬辰,任铁樵·滴天髓阐微,,检验组,冬,丙,隐含,,,丙戌日元，生於辰時，衝去庫根，壬癸並透。喜其戊合，去官留殺；更喜年逢刃助，火虛有焰；更妙無金，稍勝前造。科甲出身，宿映台,,,
壬申 丁未 丁未 癸卯,任铁樵·滴天髓阐微,,检验组,夏,丁,是,,,此造日月皆丁未，時殺無根，喜其壬水官星助殺，不宜合也。幸而壬水坐申，合而不化，申金為用，更妙運走西北金水，助起官殺，鄉榜,,,
甲辰 己巳 戊辰 乙卯,任铁樵·滴天髓阐微,,检验组,夏,戊,隐含,,,戊土生於巳月，日主未嘗不旺，然地支兩辰，木之餘氣亦足。喜其合殺留官，官星坐祿，更妙運途生化不悖。所以早登雲路，掌典籍而知,,,徐乐吾亦引用过：保留在检验组
癸亥 戊午 壬午 己酉,任铁樵·滴天髓阐微,,检验组,夏,壬,隐含,,,此造旺殺逢財，喜其合也。妙在癸水臨旺，合而不化，則有情戊土，不抗壬水也。合而化，則無情化火，仍生土也。由此以推，運走東方,,,
壬辰 丙午 丙午 壬辰,任铁樵·滴天髓阐微,,检验组,夏,丙,隐含,,是,此殺逢四制，柱中印雖不見，喜其殺透食藏， 通根身庫。總之夏火當權，水無金滋。至酉運，合去辰土，財星滋殺，發甲點中書；庚運,,,徐乐吾亦引用过：保留在检验组
己丑 辛未 丙寅 己丑,任铁樵·滴天髓阐微,,检验组,夏,丙,是,,,火土傷官重疊，幸在季夏，火氣有餘，又日坐長生，寅中甲木為用。至丁卯運，克去辛金，破其醜土，所謂有病得藥，騰身而登月殿，慶,,,
壬戌 壬子 庚辰 己卯,任铁樵·滴天髓阐微,,检验组,冬,庚,隐含,是,是,此金水傷官當令，喜支藏暖土，足以砥定中流。因時財為病，兼之初運水木，以致書香不繼；至三旬外，運逢火土，異路出身，仕至州牧,,,
丙辰 癸巳 乙丑 丙子,任铁樵·滴天髓阐微,,检验组,夏,乙,是,,是,此木火傷官，印綬通奶祿支，格局未嘗不美。雖嫌財星壞屯，而丑辰皆濕土，能蓄水晦火。惜乎運途無水，以致一介寒儒，至申運火絕水,,,
壬申 辛亥 辛酉 庚寅,任铁樵·滴天髓阐微,,检验组,冬,辛,是,,,此金水傷官，四柱比劫，雖用寅木之財，卻喜亥水，洩金生木，使比劫無爭奪之風，又得亥解申衝。若無亥水，一生起倒無寧，終成畫餅,,,
戊申 己未 丙戌 己丑,任铁樵·滴天髓阐微,,检验组,夏,丙,是,是,,此四柱傷官，若生丑戌月，為從兒格，甸利皆遂。生於未月，火有餘氣，必以未中丁火為用。惜運走西北金水之地，以致破敗祖業；至癸,,,疑似特殊格局
己卯 庚午 甲寅 丁卯,任铁樵·滴天髓阐微,,检验组,夏,甲,是,,,甲木生於午月，木火傷官。年月兩干，土金無根，置之不用；地支兩卯一寅，日元強，必以丁火為用，故人權謀異眾。丁卯運，入泮登科,,,
丙子 乙未 丙辰 乙未,任铁樵·滴天髓阐微,,检验组,夏,丙,是,,,丙日未月，火土傷官。四柱無金，子水枯乾，未土為用。第嫌乙木並透根深，功名難遂。初運丁酉丙申，制化乙木，財喜稱心；戊戌十年,,,
癸酉 己未 丙午 癸巳,任铁樵·滴天髓阐微,,检验组,夏,丙,是,,是,丙午日元，支類南方，未土秉令，己土透出，火土傷官，藏財受劫，無官則財無存，無財則官亦無根；況火焰土燥，官星並透，以官為用,,,徐乐吾亦引用过：保留在检验组
戊申 戊午 丁巳 乙巳,任铁樵·滴天髓阐微,,检验组,夏,丁,隐含,是,,此火土傷官，日主旺極，喜其傷官發洩菁華，更妙財星得用。庚申辛酉運，少年創業，發財十餘萬；壬戌幸而水不通根 ，雖有刑耗而無,,,
壬子 辛亥 壬子 癸卯,任铁樵·滴天髓阐微,,检验组,冬,壬,是,,,六水乘權，其勢泛溢，全賴卯木洩其精英。初交水運 ，仍得生助木神，平寧無咎；甲寅乙卯，正得用神之宜，採芹食稟，丁財並益；一,,,
壬辰 壬子 壬子 癸卯,任铁樵·滴天髓阐微,,检验组,冬,壬,隐含,,,此天干皆水，支逢旺刃，喜其支合卯辰，精英吐秀，所以書香早遂。但木之原神不透，未免蹭蹬秋闈；更嫌運逢火地，猶恐壽元不永。交,,,
乙酉 辛巳 戊午 丙辰,任铁樵·滴天髓阐微,,检验组,夏,戊,是,,,此火土當權，乙木無根，以辛金為用。辛丑年入泮，後因運程不合，屢困秋闈。至丑運暗拱金局，科甲連登；丙子乙亥，地支之水，本可,,,
丁酉 乙巳 戊午 丙辰,任铁樵·滴天髓阐微,,检验组,夏,戊,是,,是,此與前造只換一辛字，八字不及前造，而運途卻勝於前，亦以辛金為用，非官印論也。丁丑年濕土生金晦火，又全會金局，發甲入詞林，,,,
癸酉 甲子 丙寅 乙未,任铁樵·滴天髓阐微,,检验组,冬,丙,隐含,是,,丙生子月，坐下長生，印透根深，弱中之旺。喜其官星當令，透而生財，所謂「一清到底有精神」也；更妙源流不悖，純粹可觀。金水運,,,
丙子 己亥 辛酉 己亥,任铁樵·滴天髓阐微,,检验组,冬,辛,是,,是,此造以俗論之，寒金喜火，金水傷官喜見官，且日主專祿，必用丙火無疑。不知水勢猖狂，病竊去命主無元神，不但不能官，即或用官，,,,
丁未 壬子 庚戌 丙戌,任铁樵·滴天髓阐微,,检验组,冬,庚,隐含,,是,此造如以水勢論之，此則仲冬水旺，所喜者支中重重燥土，足以去其濕氣。只為相克，使子不能助壬；丁壬一合，使壬不能克丙。中運土,,,
壬子 丙午 壬子 丙午,任铁樵·滴天髓阐微,,检验组,夏,壬,隐含,是,,此造水火交戰於干支，火當令，水休囚，喜其無土，日和不克。初交丁未，年逢戊午，天克地衝，財殺兩旺，父母雙亡，流為乞丐；交申,,,
癸卯 乙丑 庚申 丁丑,任铁樵·滴天髓阐微,,检验组,冬,庚,隐含,,是,此造寒金坐祿，印綬當權，足以用火敵寒。所忌者，年乾癸水克丁為病，全賴月乾乙木通根，洩水生火，此喜神即是財星也。更喜財星逢,,,
癸亥 甲子 丁酉 癸卯,任铁樵·滴天髓阐微,,检验组,冬,丁,是,是,,此造殺官當令，嫌其甲木透干，不能棄命從殺，只得殺重用印，則忌卯酉逢衝，去甲木之旺地。所生妻生八女，妾生入女，竟兒子。所謂,,,疑似特殊格局
戊子 癸亥 壬戌 甲辰,任铁樵·滴天髓阐微,,检验组,冬,壬,隐含,,,壬水生於孟冬，喜其無金，食神獨透，所以書香小就，甲寅入泮，有十子皆育。其不妻者，無財之妙也；秋闈不利者，無地寅卯也。此造,,,
乙卯 丁亥 戊午 丙辰,任铁樵·滴天髓阐微,,检验组,冬,戊,隐含,,,戊土生於孟冬，財星臨旺，官印雙清坐祿，日元臨旺逢生，四柱純粹可觀，一行生化有情，喜用皆有精神，所以行運不破局，身出官家，,,,
壬申 丙午 癸亥 戊午,任铁樵·滴天髓阐微,,检验组,夏,癸,隐含,是,,癸水生於仲夏，又逢午時，財官太旺。喜其日元得地，更妙年乾劫坐長生，財星有氣，尤羨五行無木，財水洩而火無助，壬水可用。且運,,,
癸酉 丁巳 丙午 壬辰,任铁樵·滴天髓阐微,,检验组,夏,丙,隐含,是,,丙火生於孟夏，坐祿臨旺，喜其巳酉拱金，財生官，官制劫，更妙時透壬水，助起官星，以成既濟。三旬外運走北方水地，登科發甲，名,,,
乙巳 辛巳 庚辰 甲申,任铁樵·滴天髓阐微,,检验组,夏,庚,隐含,是,是,庚金生於立夏前五日，土當令，火未司權，庚金之生坐實，且辰支申昌，生扶並旺，身強殺淺。嫌其財露無根逢劫，所以出身貧寒；一交,,,
丁丑 壬子 丁亥 甲辰,任铁樵·滴天髓阐微,,检验组,冬,丁,隐含,,是,丁火生於仲冬，乾透壬水，支全亥、子、丑北主，官星旺格；辰乃濕土，不能制水，反能晦火，謂清枯之象，官星反不真也。喜其無金，,,,
丙申 己亥 庚辰 戊寅,任铁樵·滴天髓阐微,,检验组,冬,庚,是,是,是,此寒金喜火，得時支寅木之生，則火有焰，然有財殺，必先身旺。妙在年支坐祿，三印貼生，更妙亥水當權，申金含生忘衝。無火則土凍,,,
己酉 辛未 壬寅 壬寅,任铁樵·滴天髓阐微,,检验组,夏,壬,隐含,,,此以未土為源頭，生辛金，辛金生壬水，壬水生寅木，四柱生化有情，元神厚而純粹。所喜者，火喜其包藏不露。早登科甲，仕至三品；,,,
丁未 乙巳 甲午 丁卯,任铁樵·滴天髓阐微,,检验组,夏,甲,是,,,甲午日元，生於巳月，支類南方，乾透兩丁。火勢猛烈。洩氣太過，局中無水，只可用劫。初運又走火地，是以早刑夫主。人極聰明美貌,,,
乙未 辛巳 乙亥 丙戌,任铁樵·滴天髓阐微,,检验组,夏,乙,是,是,,年月日六字觀之，乙木生於巳月，傷官當令，最喜坐下亥印衝巳制傷，不特日主喜其滋扶，抑且辛金得其衛美，正所謂傷官用印，獨殺留,,,
癸丑 己未 丙寅 辛卯,任铁樵·滴天髓阐微,,检验组,夏,丙,是,是,,前造因財官太旺，以致夭亡，此則日坐長生，又生夏令，財官為用，傷官為喜，傷生財，財又生官，似乎生化有情。殊不知前則財多身弱,,,
庚戌 壬午 丙寅 己亥,任铁樵·滴天髓阐微,,检验组,夏,丙,是,是,,丙用壬殺，身強殺淺，以殺化權；更喜財滋弱殺，定然名利雙全。惜支全火局，寅亥又化木而生火，年月之庚壬無根而少生扶，至丁巳年,,,
丙寅 庚子 己亥 甲戌,任铁樵·滴天髓阐微,,检验组,冬,己,隐含,是,是,己土生於仲冬，寒濕之體，水冷木凋，庚金又克木生水，似乎混濁。妙在年乾透丙，一陽解凍，冬日可暖，去庚金之濁，不特己喜其和暖,,,
戊辰 甲子 壬子 辛亥,任铁樵·滴天髓阐微,,检验组,冬,壬,是,,是,壬水生地仲冬，三逢祿旺，所謂昆崙之水，可順而不可逆也。喜其子辰拱水，則戊土之根不固，月幹甲木為用，洩其泛濫之水，此即局中,,,
甲申 丙子 癸亥 癸亥,任铁樵·滴天髓阐微,,检验组,冬,癸,是,,,癸水生於仲冬，三逢旺支，其勢汪洋，喜其甲丙並透，支中絕處逢生，木土互相護衛，金得流行，水得溫和，木得發榮，火得生扶，用神,,,
丁酉 乙巳 丁丑 丙午,任铁樵·滴天髓阐微,,检验组,夏,丁,隐含,,是,丁火生於巳月午時，比劫並旺，又逢木助，其勢猛烈，年支酉金，本日主之所喜，遙隔遠列，又被丁火蓋之，巳火劫之，似乎無情。最喜,,,
庚寅 戊子 甲寅 丙寅,任铁樵·滴天髓阐微,,检验组,冬,甲,是,,是,甲木生於子月，兩陽進氣，旺印生身，支坐三寅，松柏之體，旺而且堅，一點庚金臨絕，不能克木，反為忌神，寒木向陽，時幹丙火清透,,,徐乐吾亦引用过：保留在检验组
丁卯 辛亥 丙寅 丙申,任铁樵·滴天髓阐微,,检验组,冬,丙,是,是,,此造殺雖秉令，而印綬亦旺，兼之比劫並透，身旺足以用殺。用殺不宜合殺，合則不顯，加以辛金貼身，而日主之情，必貪戀羈絆。喜其,,,
癸酉 癸亥 庚申 丁亥,任铁樵·滴天髓阐微,,检验组,冬,庚,隐含,,,庚金生於孟冬，水勢當權，金逢祿旺，時幹丁火無根，局中氣勢金水，亦是從金水而論，丁反為病。初交癸亥，去其丁火，其樂自如 ；,,,疑似特殊格局
己未 丁丑 丙戌 戊戌,任铁樵·滴天髓阐微,,检验组,冬,丙,是,是,,丙火生於季冬，滿局皆土，格成火土從兒，醜中辛財為用，謂「一個玄機暗裡存」也。所嫌丁火蓋頭，通根未戌，忌神深重，未能顯秩。,,,疑似特殊格局
壬辰 壬子 甲寅 戊辰,任铁樵·滴天髓阐微,,检验组,冬,甲,隐含,是,,甲木生於仲冬，雖日坐祿支，不致浮泛，而水勢太旺；辰土雖能蓄水，喜其戊土透露，辰乃木餘氣。足以止水托根，謂君賴臣生也。所以,,,
甲申 丙子 乙酉 丙戌,任铁樵·滴天髓阐微,,检验组,冬,乙,隐含,,是,乙木生於仲冬，雖逢相位，究竟冬凋不茂，又支類西方，財殺肆逞，喜其丙火並透，則金不寒，水不凍，寒木向陽，兒能救母。為人性情,,,
丙辰 乙未 壬辰 甲辰,任铁樵·滴天髓阐微,,检验组,夏,壬,隐含,是,,壬水生於季夏，休囚之地，喜其三逢辰支，通根身庫，辰土能蓄水養木，甲乙並透，通根制土，兒能生母。微嫌丙火洩木生土，功名不過,,,
乙亥 辛巳 丁巳 庚戌,任铁樵·滴天髓阐微,,检验组,夏,丁,隐含,,,戴尚書造。丁巳日元，生於孟夏，月時兩透庚辛，地支又逢生助，巳亥逢衝，去火存金，夫健怕妻。喜其運走東方木地 ，助印扶身，大,,,
癸亥 甲子 壬申 庚子,任铁樵·滴天髓阐微,,检验组,冬,壬,是,,,壬申日元，生於子月，年時亥子，乾透癸庚，其勢衝奔，不可遏也。月幹甲木凋枯，又被金伐之，不能納水，反用庚金順其氣勢。為人剛,,,
庚辰 壬午 甲午 丙寅,任铁樵·滴天髓阐微,,检验组,夏,甲,是,,,甲午日元，生於午月，木奔南方，雖時逢祿旺，丙火逢生，寅午拱火，非日主有矣。最喜月透壬水以濟火，然壬水庚金之生，不能克丙為,,,
壬戌 丙午 丙寅 己丑,任铁樵·滴天髓阐微,,检验组,夏,丙,隐含,,,丙寅日元，生地午月，支全火局，陽明之氣，第此緣劫刃當權，壬水無根，置之不用，不及前造多矣。丑中辛金伏鬱，所喜者，運走西北,,,
丁丑 辛亥 癸亥 癸亥,任铁樵·滴天髓阐微,,检验组,冬,癸,隐含,,,地支三亥一丑，天乾二癸一丁，陰濁之至，年乾丁火，不能包藏，虛而無焰，亥中甲木，無從引助，喜其運走南方陽明這地，又逢丙午丁,,,徐乐吾亦引用过：保留在检验组
辛丑 己亥 辛酉 癸巳,任铁樵·滴天髓阐微,,检验组,冬,辛,是,,是,支全丑、亥、酉，月乾濕土逢辛癸陰濁之氣，時支巳火，本可暖局，大象似比前造更美，不知己酉丑全金局，則亥中甲木受傷，巳火丑土,,,
己丑 丙子 壬辰 戊申,任铁樵·滴天髓阐微,,检验组,冬,壬,隐含,,是,印提台造，壬不生於子月，官殺並透通根，全賴支會水局，助起羊刃，謂殺刃兩旺。 惜乎無木，秀氣未哇，身出寒微。喜其丙敵寒解凍,,,
辛卯 乙未 甲子 庚午,任铁樵·滴天髓阐微,,检验组,夏,甲,隐含,,,稽中堂造，甲子日元，生於未月午時，謂夏木逢水，傷官佩印。所喜者卯木克住未土，則子水不受其傷，足以衝午有病得藥，去濁留清。,,,
甲子 丙子 庚辰 庚辰,任铁樵·滴天髓阐微,,检验组,冬,庚,是,,是,周侍朗造，庚金生於仲冬，金水寒凍，月幹丙火，得年之甲木生扶，解其寒凍之氣，謂冬金得火。但子辰雙拱，日元必虛，用神不在丙火,,,
丁巳 壬子 辛巳 丁酉,任铁樵·滴天髓阐微,,检验组,冬,辛,是,,是,熊中丞學鵬造，辛金生於仲冬，金寒不冷，遇於洩掃，全賴酉時扶身，己酉拱而佐這。天干丁火，不過取其敵寒解凍，非用丁火也。用神,,,徐乐吾亦引用过：保留在检验组
甲寅 庚午 戊寅 甲寅,任铁樵·滴天髓阐微,,检验组,夏,戊,隐含,是,,局中七殺五見，一庚臨午無根，所謂弱神無根，宜去之，旺神太過，宜洩之也。且午火則和矣。喜其午火當令，全無水氣，雖運逢金水，,,,徐乐吾亦引用过：保留在检验组
甲子 丙子 癸亥 乙卯,任铁樵·滴天髓阐微,,检验组,冬,癸,隐含,,,癸亥日元，年月坐子，旺可知矣。最喜卯時洩其菁英，裏發於表，木氣有餘，火虛得用，謂精足神旺。喜其無土金之雜，有土則火洩，不,,,徐乐吾亦引用过：保留在检验组
庚寅 己丑 丙子 乙未,任铁樵·滴天髓阐微,,检验组,冬,丙,是,,,丙火生於季冬，坐下子水，火虛無焰，用神在木。木本凋柘，雖處兩陽，萌芽未動，庚透臨絕，為病甚淺，所嫌者月支丑土，使庚金通根,,,
癸丑 戊午 壬寅 庚戌,任铁樵·滴天髓阐微,,检验组,夏,壬,隐含,,,壬寅日元，生於五月戌時，殺旺又逢財局，殺愈肆逞，所以客神不在午火，反在寅木，助其火勢；客神又化忌神，戊癸化火，則金水相傷,,,
丁亥 丁未 乙亥 己卯,任铁樵·滴天髓阐微,,检验组,夏,乙,是,是,是,乙木生於未月，休囚之位，年月兩透丁火，洩氣太過。最喜時祿通根，則受亥水之生，潤其燥烈之土；更妙會局幫身，通輝之象。至甲辰,,,
丙戌 乙未 乙巳 丁亥,任铁樵·滴天髓阐微,,检验组,夏,乙,隐含,是,是,乙木生於未月，乾透丙丁，通根巳戌，發洩太過，不受水生，反以亥水為病，格成順局從兒。初交丙申丁酉，得丙丁蓋頭，平順之境；戊,,,疑似特殊格局
己巳 辛未 戊戌 己未,任铁樵·滴天髓阐微,,检验组,夏,戊,隐含,,,戊土生於未月，重疊厚土，喜其天乾無火，辛金透出，謂里發於表，其精華皆在辛金。運走己巳戊辰，生金有情，名利裕如。丁卯運辛金,,,疑似特殊格局
庚辰 己丑 己亥 壬申,任铁樵·滴天髓阐微,,检验组,冬,己,是,是,是,己亥日元，生於丑月虛濕之地，辰丑蓄水藏金，庚壬透而通根，只得任其虛濕之氣，反以水為用而從財也。初運庚寅辛卯，天干逢金生水,,,疑似特殊格局
己丑 丙子 辛酉 壬辰,任铁樵·滴天髓阐微,,检验组,冬,辛,是,是,是,金水傷官，丙火透露，去其寒凝，故無冷嗽之病；癸酉入學補廩，而舉於鄉，問曰：金水傷官喜官星，何以癸酉水之運而得功名？余曰：,,,
庚寅 癸未 甲午 甲戌,任铁樵·滴天髓阐微,,检验组,夏,甲,是,,,木火傷官用印，得庚金貼身，生癸水之印，純粹可觀，讀書過目不忘。惜庚癸兩字，地支不載，又嫌戌時會起火局，不例題 金不柘傷，,,,
甲寅 丁丑 丁卯 庚戌,任铁樵·滴天髓阐微,,检验组,冬,丁,是,,,丁火生於季冬，局中兒子綬疊疊，弱中變旺，足以用財。庚金虛露，本無出色，喜其醜內藏辛為用，亦是玄機暗裡存也。丑乃日元之秀氣,,,
丁亥 壬子 庚子 辛巳,任铁樵·滴天髓阐微,,检验组,冬,庚,是,是,是,庚金生於仲冬，傷官太旺，過於洩氣，用神在土，不在火也。柱中之火，不過取其暖局耳。四柱無土，取巳中藏戊，不旺克火，火能生土,,,
癸未 己未 庚子 甲申,任铁樵·滴天髓阐微,,检验组,夏,庚,隐含,,是,庚金生於未月，燥土本難生金，喜其坐下子水，年透元神，謂三伏生寒，潤土養金。雖然土旺水衰，妙在申時拱子，有洩土生水扶身之美,,,
己亥 丙子 庚子 辛巳,任铁樵·滴天髓阐微,,检验组,冬,庚,隐含,是,,庚金生於仲冬，地支兩子一亥，乾透丙火，克洩並見。喜其己土透露，洩火生金，五行無木，清得盡也。至己巳年，印星得助，名高翰苑,,,
戊子 己未 辛亥 戊子,任铁樵·滴天髓阐微,,检验组,夏,辛,是,,是,辛金生於季夏，局中雖多燥土，妙在叢下亥不，年時逢子養金，能邀其未拱木為用。至丁卯年，全會木局，有病得藥，棘闈奏捷。 秀才,,,
己丑 庚午 戊申 癸亥,任铁樵·滴天髓阐微,,检验组,夏,戊,隐含,是,是,戊土生於午月，印星秉令，時逢癸亥，正日元得氣遇財星也，但金氣太旺，又年支濕土，晦火生金，日元反弱，則印綬暗傷，書香難遂。,,,疑似特殊格局
庚戌 壬午 丙子 壬辰,任铁樵·滴天髓阐微,,检验组,夏,丙,是,,是,丙子日元，月時兩透壬水，日主三面受敵，柱中無木洩水生火，反有庚金生水洩土，金賴午火旺刃當權為用，更喜戌之燥土，制水會火。,,,
辛卯 甲午 乙卯 乙酉,任铁樵·滴天髓阐微,,检验组,夏,乙,是,,,乙木生於午月，卯酉緊衝日祿，月幹甲木臨絕，五行無水，夏火當權洩氣，傷官用劫，所忌者金。初運壬辰癸巳，印透生扶，平順之境；,,,
庚申 庚辰 戊辰 戊午,任铁樵·滴天髓阐微,,检验组,春,戊,是,是,是,董中堂造，日幹戊土，生於季春午時，似乎旺相，第春時虛土，非比六九月之實也。且兩辰蓄水為濕，足以洩火生金，乾透兩庚，支會申,,,
壬辰 壬寅 甲寅 庚午,任铁樵·滴天髓阐微,,检验组,春,甲,是,是,,同邑王姓造。俗以身強殺淺論，取庚金為用，謂春木逢金，必作棟梁之器，勸其讀書必發；至三旬外，不但讀書未售，而且家業漸銷，囑,,,
丁亥 庚戌 甲辰 壬申,任铁樵·滴天髓阐微,,检验组,秋,甲,是,,是,甲木休困已極，庚金祿旺克之，一點丁火，難以相對，加之兩財生殺，似乎殺重身輕，不知九月甲木進氣，壬水貼身相生，不傷丁火。丁,,,
甲子 戊辰 庚申 壬午,任铁樵·滴天髓阐微,,检验组,春,庚,是,是,,此造以俗論之，乾透三奇之美，支逢拱貴之榮，且又會局不衝，官星得用，主名利雙收。然庚申生於季春，水本休囚，原可用官，嫌其支,,,
甲寅 壬申 癸巳 癸亥,任铁樵·滴天髓阐微,,检验组,秋,癸,是,是,,秋水通源，金當令，水重重，木囚逢衝，不足為用。火雖休而緊貼日支，況秋初餘氣未息，用神必在巳火。巳亥逢衝，群劫紛爭，所以連,,,
辛卯 丁酉 戊子 戊午,任铁樵·滴天髓阐微,,检验组,秋,戊,是,,,傷官用印，喜神即是官星，非俗論土金傷官忌官星也。卯酉衝，則印綬無生助之神；子午衝，使傷官得以肆逞。地支金旺水生，木火衝克,,,徐乐吾亦引用过：保留在检验组
戊辰 壬戌 辛未 己丑,任铁樵·滴天髓阐微,,检验组,秋,辛,是,,,此滿局印綬，土重金埋，壬水用神傷盡，未辰雖藏乙木無衝，或可借用，以待運來引出，乃被醜戌衝破，藏金暗相砍伐，以至克妻無子。,,,
庚戌 乙酉 甲寅 庚午,任铁樵·滴天髓阐微,,检验组,秋,甲,隐含,,是,此造乾透兩庚，正當秋令，支會火局，雖制殺有功，而克洩並見。且庚金銳氣方盛，制之以威，不若化之以德。化之以德者，有益於日主,,,
戊辰 辛酉 丙午 癸巳,任铁樵·滴天髓阐微,,检验组,秋,丙,隐含,是,,此造旺財當令，加以年上食神生助，日逢時祿，不為無根，所以身出富家。時透癸水，巳火失勢，逢酉邀而拱金矣。五行無木，全賴午火,,,
己亥 丁卯 庚申 庚辰,任铁樵·滴天髓阐微,,检验组,春,庚,是,,,庚金雖生春令，支坐祿旺，時逢印比，足以用官。地支載以卯木財星，又得亥水生扶有情，丁火之根愈固，所謂「天地順遂而精粹者昌」,,,
己酉 丁卯 庚辰 甲申,任铁樵·滴天髓阐微,,检验组,春,庚,是,,,此亦以丁火官星為用，地支亦載以卯木財星，與前造大同小異。只為卯酉逢衝，克敗丁火之根，支中少水，財星有克無生。雖時透甲木臨,,,
辛卯 辛卯 辛卯 辛卯,任铁樵·滴天髓阐微,,检验组,春,辛,是,,,此造四木當權，四金臨絕，雖曰反克地支，實無力克也。如果能克，可用財矣，若能用財，豈無成立乎？彼此母腹，數年間父母皆亡，與,,,
辛卯 庚寅 甲辰 丙寅,任铁樵·滴天髓阐微,,检验组,春,甲,隐含,,,此寅卯辰東方，兼之寅時，旺之極矣。年月兩金臨絕，旺神在提綱，休金難克，而且丙火透時，木火同心，謂強眾而敵寡，勢在去庚辛之,,,徐乐吾亦引用过：保留在检验组
庚寅 庚辰 甲寅 丁卯,任铁樵·滴天髓阐微,,检验组,春,甲,是,,,此亦寅、卯、辰東方。旺神不是提綱，辰土歸垣，庚金得載，力量足以克木，丁火雖透，非庚金之敵，用殺明矣。至甲申運，庚金祿旺暗,,,
癸巳 丙辰 丙午 庚寅,任铁樵·滴天髓阐微,,检验组,春,丙,隐含,,是,此東南之陽暖。天干金水，似乎無根，喜月支辰土，洩火蓄水而生金，庚金挂角逢生，則庚金可用。癸水即庚金之喜神。初運乙卯甲寅，,,,
壬申 甲辰 丙寅 丙申,任铁樵·滴天髓阐微,,检验组,春,丙,是,,,此坐下印綬亦在季春，印綬未嘗無餘氣，年乾壬殺生印有情，不足畏也，所嫌者，兩申衝寅，甲木之根拔。還喜壬水洩金生木，運走丙午,,,
壬午 己酉 甲申 甲子,任铁樵·滴天髓阐微,,检验组,秋,甲,是,,,甲申日元，生於八月，官殺當權，喜其午火緊制酉金，子水化其申金，所謂去官留煞。煞印相生，木凋金旺，印星為用，甲第聯登，由郎,,,
壬辰 己酉 甲申 甲子,任铁樵·滴天髓阐微,,检验组,秋,甲,隐含,,,此與前造只換一辰字，以俗論之，前則制官留殺，此則合官留殺，功名仕路，無所高下，殊不知有天淵之隔。夫制者克而去之，合者有去,,,
己巳 癸酉 丙寅 庚寅,任铁樵·滴天髓阐微,,检验组,秋,丙,是,,,此日主兩坐長生，年支又逢祿旺，足以用官。癸水官星被己土貼身一傷，喜得官臨財位，尤妙巳酉拱金，則己土之氣已洩，而官星之根固,,,徐乐吾亦引用过：保留在检验组
甲午 丁卯 甲午 丁卯,任铁樵·滴天髓阐微,,检验组,春,甲,是,,,此造木火各半，兩氣成象，取丁火傷官，秀氣為用。四柱金水全無，純粹可觀。巳運丁火臨官，南宮奏捷，名高翰苑；庚運官殺混局，降,,,疑似特殊格局
丙午 戊戌 丙午 戊戌,任铁樵·滴天髓阐微,,检验组,秋,丙,是,,是,此火土各半，兩氣成象，取戌土食神，秀氣為用。辛丑運濕土晦火，秀氣流行，登鄉榜；壬運壬年，赴會試，死於都中，蓋水激丙火，則,,,疑似特殊格局
戊戌 辛酉 戊戌 辛酉,任铁樵·滴天髓阐微,,检验组,秋,戊,是,,,此土金各半，兩氣成象，取辛金傷官為用。喜其一路北方運，秀氣流行，少年科甲，仕至黃堂；交丙破辛金之用，不祿。凡兩氣成象者，,,,疑似特殊格局; 徐乐吾亦引用过：保留在检验组
癸卯 丙辰 甲辰 丙寅,任铁樵·滴天髓阐微,,检验组,春,甲,是,是,是,此造財旺提綱，丙食生助，當以財星為用，丙火為喜，癸水為忌。身旺用財，遺業十餘萬初年水木運，一敗如灰：至辛亥運，火絕木生，,,,
辛未 辛卯 乙未 丁亥,任铁樵·滴天髓阐微,,检验组,春,乙,是,,,此乙木歸垣，亥卯未全，木勢旺盛，金氣虛脫，最喜時透丁火，制煞為用。故初運土金之鄉，奔馳未遇；至於亥運，生木制煞，軍前效力,,,
庚寅 己卯 乙亥 癸未,任铁樵·滴天髓阐微,,检验组,春,乙,是,,,此造正合本文成局，乾透官星，左右皆空，四柱一無情致，用財則財會劫局，用官則官臨絕地，用神無所著落，為人少恆一之志，多遷變,,,
癸未 乙卯 丙午 辛卯,任铁樵·滴天髓阐微,,检验组,春,丙,隐含,,,此官清印正格，喜其未卯拱木，純粹之象，故為人品超群，才華卓越，文望若高山北斗，品行似良玉精金。異印星太重，官星洩氣，神有,,,
辛卯 丙申 癸卯 壬戌,任铁樵·滴天髓阐微,,检验组,秋,癸,是,,,此印綬格，以申金為用，以丙火為病，以壬水溈藥，中和純粹，秋水通源。運至癸巳，金水逢生得助，科甲聯登；壬辰藥病相濟，由部屬,,,
辛卯 丙申 癸卯 甲寅,任铁樵·滴天髓阐微,,检验组,秋,癸,是,,,此亦以申金為用，以丙火為病，與前只換一寅字，不但有病無藥，而且生助病神。彼則青錢萬選，名利兩全，此則機杼空拋，守株待兔。,,,
甲辰 丁卯 甲子 戊辰,任铁樵·滴天髓阐微,,检验组,春,甲,是,是,,甲子日生卯月，地支兩辰，是木之餘氣也，又辰卯東方，子辰拱水，木太旺者似金也，以丁火為用。至巳運，丁火臨旺，名列宮牆；庚辛,,,
壬申 己酉 庚子 庚辰,任铁樵·滴天髓阐微,,检验组,秋,庚,是,是,,此造秋金秉令，木火全無。金太旺者，似火也。亥運壬水坐祿，早游泮水，壬子運用神臨旺，撞破煙樓，高攀月桂；癸丑合去壬水旺地，,,,
己酉 丙寅 庚申 庚辰,任铁樵·滴天髓阐微,,检验组,春,庚,是,是,,此造以俗論之，春金失令，旺財生殺，殺坐長生，必要扶身抑殺，不知春金雖不當令，地支兩逢祿旺，又得辰時印比幫身，弱中變旺，所,,,
丙申 庚寅 庚申 辛巳,任铁樵·滴天髓阐微,,检验组,春,庚,是,,,此造天乾三透庚辛，地支兩坐祿旺，丙火雖挂角得祿，無如庚辛元神透露，非火之祿支，是金之長生，用財滋殺明矣。辰運木之餘氣，採,,,
戊午 丙辰 庚寅 丙戌,任铁樵·滴天髓阐微,,检验组,春,庚,隐含,,,此造乾透兩殺，支全殺局，所喜戊土原神透出，是以化殺；寅木本要破甲印，尤喜會火，反培土之根源，巧借栽培，。至己未運中，科甲,,,
丙辰 辛卯 庚申 丁丑,任铁樵·滴天髓阐微,,检验组,春,庚,隐含,是,,此造春金雖不當令，喜其坐祿逢印，弱中變旺；丙辛一合，丁火獨清，不但去殺，而且去劫，財無劫奪，官有生扶。尤妙運走東南木火，,,,
丙辰 辛卯 乙亥 庚辰,任铁樵·滴天髓阐微,,检验组,春,乙,是,,,乙亥日元，坐下逢生，又月令建祿歸垣，足以用財。喜丙辛金弱，而去乙庚，木旺不從。鄉榜出身，至丙申丁酉，火蓋天干，未能顯秩；,,,徐乐吾亦引用过：保留在检验组
丙辰 丁酉 庚午 戊寅,任铁樵·滴天髓阐微,,检验组,秋,庚,隐含,,,此造殺逢生，官得祿，喜其秋金秉令，更妙辰土洩火生金，不失中和之象；尤喜運走北方水地。庚子運衝去官根，鹿鳴方宴飲，雁塔又題,,,徐乐吾亦引用过：保留在检验组
辛酉 丁酉 戊午 辛酉,任铁樵·滴天髓阐微,,检验组,秋,戊,隐含,,,此土金傷官重疊，喜其四柱無財，純清氣象。初運木火體用皆宜，所以壯歲首登龍虎榜，少年身到鳳凰池。惜中運癸巳壬辰，金生火克，,,,
癸亥 辛酉 戊申 己未,任铁樵·滴天髓阐微,,检验组,秋,戊,是,,,此土金傷官，財星太重，以致拂意蕓窗。幸喜未時，劫財通根為用；更妙運途卻佳，捐縣佐出仕。至丁巳丙辰運，旺印用事，仕至州牧，,,,
己未 癸酉 戊戌 庚申,任铁樵·滴天髓阐微,,检验组,秋,戊,是,,,此土金傷官，支類西方，金氣太重，以劫為用。喜其當頭克癸，故書香繼志 ；更妙運走南方火地，拔貢出身，由縣令而遷州牧，薦蒞黃,,,
癸亥 甲寅 癸亥 甲寅,任铁樵·滴天髓阐微,,检验组,春,癸,隐含,,,此水木傷官，喜其無財，故繼志書香，嫌其地支寅亥化木，傷官太重，難遂青雲。辛運入泮，亥運補廩，庚戌加捐出仕。己酉戊申二十年,,,
戊辰 庚申 己酉 癸酉,任铁樵·滴天髓阐微,,检验组,秋,己,是,,是,此亦傷官用劫，嫌其辰為濕土，生金拱水，未足幫身；更嫌運走西北金水之地，以致一敗如灰，不成家室。 以上五造，皆是用劫，何前,,,
庚辰 己卯 壬辰 庚子,任铁樵·滴天髓阐微,,检验组,春,壬,是,,,壬水生於卯月，正水木傷官格。天干己土臨絕，地支兩辰，乃木之餘氣，一生金，一拱水，又透兩庚，不但辰土不能制水，反生金助水，,,,
乙酉 戊寅 癸酉 癸丑,任铁樵·滴天髓阐微,,检验组,春,癸,是,,,癸水生於寅月，正水木傷官。地支印星並旺，酉丑拱金，必以寅木為用，才能有餘。乙亥運，木逢生旺，中鄉榜；甲戌癸運，出仕縣令；,,,
壬戌 己酉 戊戌 乙卯,任铁樵·滴天髓阐微,,检验组,秋,戊,是,,是,戊日酉月，土金傷官，地支兩戌，燥而且厚，妙在年乾壬水，潤土洩金而生木，足以用官。亥運，財官皆得生扶，功名順遂；壬子，早遂,,,徐乐吾亦引用过：保留在检验组
庚午 己卯 壬申 己酉,任铁樵·滴天髓阐微,,检验组,春,壬,是,,,壬水生於卯月，水木傷官。喜其官印通根，年支逢財，傷官有制有化，日元生旺，足以用官。巳運 ，官星臨旺，採泮水之芹，折蟾宮之,,,徐乐吾亦引用过：保留在检验组
辛未 辛卯 壬辰 己酉,任铁樵·滴天髓阐微,,检验组,春,壬,是,,,壬水生於卯月，水木傷官，天干兩辛，支逢辰酉，益水之源，官之根固，傷之蔭洩，必以己土官星為用。己丑運，採芹食廩；戊子雖然蹭,,,
乙亥 庚辰 戊戌 丁巳,任铁樵·滴天髓阐微,,检验组,春,戊,是,是,,戊戌日元，生於辰月巳時，木退氣，土乘權，印綬重逢。用官則被庚金合壞，用食則官又不從化，而火又克金，無奈何而用財，又有巳時,,,疑似特殊格局
庚申 戊寅 壬子 甲辰,任铁樵·滴天髓阐微,,检验组,春,壬,隐含,,,此造日臨旺地，會局幫身，不當弱論。喜其時幹甲木，真神發露；所嫌者，年遇庚申，衝克甲寅，又逢戊土之助，謂假亂真。雖然早採芹,,,徐乐吾亦引用过：保留在检验组
乙酉 戊寅 壬午 庚戌,任铁樵·滴天髓阐微,,检验组,春,壬,隐含,,,壬水生於立春二十二日，正當甲木真神司令，而天干土金並透，地支通根戌酉，此謂真神失勢，假神得局，用以庚金化煞，法當以假作真,,,
庚戌 戊寅 癸未 癸丑,任铁樵·滴天髓阐微,,检验组,春,癸,是,是,,癸水生於立春二十六日，正當甲木真神司令，而天干土金並透，地支丑戌通根。傷官雖當令，而官殺之勢縱橫，即使傷敵殺，而日主反洩,,,
壬戌 戊申 庚寅 丙戌,任铁樵·滴天髓阐微,,检验组,秋,庚,是,,,庚金生於七月，支類土金，旺之極矣，壬水坐戌逢戊，梟神奪盡，時透丙火，支拱寅戌，必以丙火為用。惜運走四十載土金水地，所以五,,,
戊午 壬戌 丁卯 癸卯,任铁樵·滴天髓阐微,,检验组,秋,丁,是,是,,此傷官當令 ，印星並見，官煞雖透無根，勢在去官。初年運走北方，官星得勢，一事無成；丙寅丁卯，生助火土，經營發財巨萬；戊辰,,,
壬午 壬寅 壬戌 庚戌,任铁樵·滴天髓阐微,,检验组,春,壬,是,,,壬水生於孟春，支全火局，雖年月兩透比肩，皆屬無根。天乾坎衰，地支離旺，用庚金以降之也。惜乎運途東南，在外奔馳四十年，一無,,,
乙亥 庚辰 丙申 壬辰,任铁樵·滴天髓阐微,,检验组,春,丙,是,,,丙火生於季春，印綬通根生旺，日主坐財，時幹又透壬水，必以乙木為用。可嫌者，乙庚化金，生殺壞印，其妻不賢，妒悍異常，無子而,,,
辛卯 辛卯 甲辰 丁卯,任铁樵·滴天髓阐微,,检验组,春,甲,是,,,此造春木雄壯，金透無根，喜其丁火透露，傷其辛金，所以已丑戊子運中，不但得子不育，而且財多破耗，丁亥支拱木而乾透火，丁財並,,,
丁亥 壬寅 丙子 丁酉,任铁樵·滴天髓阐微,,检验组,春,丙,隐含,,,丙火生於春初，謂相火有焰，不作旺論。月乾壬水通根，亥子殺旺無制，喜其丁午寅亥合而化印，以雜為恩。時支財星，生官壞印，以雜,,,徐乐吾亦引用过：保留在检验组
甲午 丙寅 辛酉 己丑,任铁樵·滴天髓阐微,,检验组,春,辛,隐含,,,此造財臨旺地，官遇長生，日主坐祿，印綬通根，天乾四字，地支皆臨祿旺，五行無水，清而純粹。春金雖弱，喜其時印通根得用，庚運,,,
辛丑 丙申 癸巳 庚申,任铁樵·滴天髓阐微,,检验组,秋,癸,是,,,此財星坐祿，一殺獨清，似乎佳美，所嫌者，印星太重，丑土生金洩火，丙辛合而化水，以財為用，申又合巳，則財更不真。初運乙未甲,,,
丁卯 甲辰 辛亥 癸巳,任铁樵·滴天髓阐微,,检验组,春,辛,隐含,是,,此春金逢火，理宜印化殺，財星壞印，癸水克丁，亥水衝巳，似乎制殺有情，不知春水休囚，木火並旺，不但不能克火，反去生木洩金；,,,
甲子 丙寅 戊寅 己未,任铁樵·滴天髓阐微,,检验组,春,戊,是,,,春初土虛，殺旺逢財，以丙火為用，喜其財印相隔，生生不悖；更妙未時幫身為喜，四柱純粹，主從得宜。所以早登甲第，一生有吉無凶,,,
乙亥 戊寅 丙子 甲午,任铁樵·滴天髓阐微,,检验组,春,丙,是,是,,丙火生於寅月，印星當令，時逢刃旺，甲乙並旺透，四柱無金；寅亥化木，子水衝破，官星無用，必以月幹戊土為用 。忌神即是甲木，,,,
辛巳 庚寅 丙辰 己丑,任铁樵·滴天髓阐微,,检验组,春,丙,是,,,丙火生寅，木嫩火相，未為旺也，生醜時，竊去命主元神，以寅木為用。所嫌庚金當頭之忌，木嫩逢金，火虛見洩。初交己丑戊子，生金,,,
丁未 庚戌 庚辰 丙子,任铁樵·滴天髓阐微,,检验组,秋,庚,是,是,,此以丁火為源頭，生土，土生金，兩藏財庫，身旺用官。中年行運不背，所以早登鄉榜，名利雙輝。為人有剛明決斷之本，無刻薄欺瞞之,,,
乙卯 丙戌 乙卯 丁亥,任铁樵·滴天髓阐微,,检验组,秋,乙,隐含,是,,乙木生於季秋，柱中兩坐祿旺，亥卯又拱木局，四柱無金，日元旺矣。喜其丙丁並透，洩木生於土。財星為夫，為人端莊和順，夫中鄉榜,,,
壬辰 己酉 辛丑 癸巳,任铁樵·滴天髓阐微,,检验组,秋,辛,是,,,辛金生於仲秋，支全金局，五行無木，火已成金，必無用官之理。喜其壬癸並透，洩其精英，為了聰明端謹，頗知詩禮。所惜者，十九歲,,,
丁未 壬寅 乙卯 己卯,任铁樵·滴天髓阐微,,检验组,春,乙,隐含,,是,春木森森，旺之極矣。時干己土無根，以丁火為主。丁壬之合，去水卻妙，化木不宜，所以出身貧寒。喜其運走南方火地，不但幫夫興家,,,徐乐吾亦引用过：保留在检验组
丁酉 甲辰 戊戌 戊午,任铁樵·滴天髓阐微,,检验组,春,戊,隐含,,,此重重厚土，甲木退氣，不能疏土，則土情必要年支酉金，發洩菁華。金逢火，蓋其意亦欲日主之生，雖然遠隔，兩意情能，喜辰酉合而,,,
甲子 丁卯 甲寅 庚午,任铁樵·滴天髓阐微,,检验组,春,甲,是,,,甲木生於促春，支逢祿刃，乾透比肩，旺之極矣，時上庚金，無根為忌，月乾丁火為用，通輝之氣。所以早登之路，仁至觀察；惜無土之,,,
乙未 庚辰 戊辰 丙辰,任铁樵·滴天髓阐微,,检验组,春,戊,是,,,戊土生於季春，乙木官星透露，盤根在未，餘氣在辰，本可為用。嫌其合庚，謂貪合忌克，不顧日主之喜我，合而不化。庚金亦可作用，,,,
丁丑 癸卯 丙戌 辛卯,任铁樵·滴天髓阐微,,检验组,春,丙,是,,,丙火生於仲春，印正官清，日元生旺，足以用官。所嫌丙辛一合，不顧用神之輔我，辛金柔軟，丙火逢之而怯，柔能制剛，戀戀不舍，忌,,,
辛巳 丙申 壬寅 庚戌,任铁樵·滴天髓阐微,,检验组,秋,壬,是,是,,壬水生於申月，雖秋水通源，而財殺並旺，以申金為用。第天幹丙辛、地支申巳皆合，合之能化，亦可幫身，合之不化，反為羈絆，不顧,,,
壬寅 壬寅 庚寅 戊寅,任铁樵·滴天髓阐微,,检验组,春,庚,隐含,是,,庚金生於孟春，四支皆寅，戊土雖生猶死。喜其兩壬透干年月，引通庚金，生扶嫩木而從財也。亦是秀氣流行，更喜運走東南不悖，木亦,,,疑似特殊格局
丙戌 壬辰 癸巳 甲寅,任铁樵·滴天髓阐微,,检验组,春,癸,隐含,是,,癸水生於季春，柱中財、官、傷三者並旺，印星伏而無氣，日主休囚無根，惟官星當令，須從官星之勢。所喜坐下財星，引通傷官之氣，,,,疑似特殊格局
己卯 丁卯 壬午 甲辰,任铁樵·滴天髓阐微,,检验组,春,壬,隐含,,,壬水生於仲春，化象斯真。最喜甲木元神透露，化氣有餘。餘則宜洩，斯化神吐秀，喜其坐下午，午生辰土，秀氣流行。少年科甲，翰苑,,,徐乐吾亦引用过：保留在检验组
癸巳 乙卯 己亥 癸酉,任铁樵·滴天髓阐微,,检验组,春,己,隐含,是,是,春土虛脫，殺勢當權，財遇旺支，喜其巳亥逢衝破印，格成棄命從殺。第卯酉衝殺，巳酉半會金局，不作真從而論。所以出身寒微。妙在,,,疑似特殊格局
丁丑 壬寅 丙申 壬辰,任铁樵·滴天髓阐微,,检验组,春,丙,是,是,,丙火生於初春，火虛木嫩，嫩木逢金， 緊貼相衝，運根拔盡，申金又辰土生扶，殺勢愈旺，格成從殺，用財更妙。年支丑土，生金晦火,,,疑似特殊格局
丁卯 壬寅 癸卯 丙辰,任铁樵·滴天髓阐微,,检验组,春,癸,是,是,,癸水生於孟春，支全寅、卯、辰，東方一氣，格成水木從兒，以時幹丙火為用，所謂兒又生兒。只嫌月乾壬水為病，喜丁火合壬化術，反,,,疑似特殊格局
丁巳 癸卯 癸卯 丙辰,任铁樵·滴天髓阐微,,检验组,春,癸,隐含,是,,癸水生於仲春，木旺乘權，四柱無金，亦水木從兒。寅運支類東方，甲戌年入泮，丙子年中鄉榜，其不及前造者，月乾癸水爭財，無制合,,,疑似特殊格局
庚子 庚辰 戊申 辛酉,任铁樵·滴天髓阐微,,检验组,春,戊,隐含,是,,此造戊生季春，局中層疊庚辛，格取從兒，喜其支會財局，生肓有情，與前大同小異，此因中年運土金，生助財星，所以甲第聯登，仕至,,,疑似特殊格局
癸卯 乙卯 己卯 辛未,任铁樵·滴天髓阐微,,检验组,春,己,是,是,是,己土生於仲春，四殺當令，日元虛脫極矣，還喜濕土能生木，不愁木盛，若戊土必不支矣。更妙未土，通根有餘，足以用辛金制殺，兒能,,,
壬申 壬寅 壬午 甲辰,任铁樵·滴天髓阐微,,检验组,春,壬,隐含,,是,壬水生於寅月，年月兩透比肩，坐申逢生，水勢通源。且春初木嫩，逢衝似乎不美，喜其坐下午火，能解春寒，木得發生，金亦有制。更,,,
辛亥 庚寅 丙子 乙未,任铁樵·滴天髓阐微,,检验组,春,丙,是,,,朱中堂造，丙子日元，生於春初，火虛木嫩，用神在木，忌神在金，最喜亥水流通金懷，合寅生木為宜。時支未土，又得乙木盤根之制，,,,
戊子 庚申 壬寅 辛丑,任铁樵·滴天髓阐微,,检验组,秋,壬,是,,是,壬寅日元，生於孟秋，秋水通源，重重印綬 ，戊丑之土，能生金，不能制水，置之不用，只得順不之性，以寅木為用。至癸運，洩金生,,,
己亥 甲戌 戊寅 丙辰,任铁樵·滴天髓阐微,,检验组,秋,戊,隐含,,,謝侍郎造，態生季秋，土司令，動嘗不旺，但甲木進氣，支得長生祿旺，支辰為木之餘氣，洩火養木，無金以制之，殺勢旺矣。喜其甲己,,,
丁亥 壬寅 甲戌 甲子,任铁樵·滴天髓阐微,,检验组,春,甲,是,是,,甲生寅月，得時當令，如用丁火，壬水合去，如用戊土，寅亥生合克戌，一生成敗不一，刑耗多端。還喜中背，溫飽而己。所以合之宜者,,,
戊寅 甲寅 甲寅 庚午,任铁樵·滴天髓阐微,,检验组,春,甲,隐含,,,甲寅日元，年月皆寅，滿盤皆木，時上庚金無根，臣盛君衰極矣。喜其午時流通木性，則戊土弱而有根，臣心順矣，又逢丙辰、丁巳、戊,,,徐乐吾亦引用过：保留在检验组
癸卯 乙卯 甲寅 辛未,任铁樵·滴天髓阐微,,检验组,春,甲,是,,是,甲寅日元，年月皆卯，又透乙癸，未乃南方燥土，木之庫根，非生金之土，故辛金之君，無能為矣。當存君之子，以癸水為用，運逢甲寅,,,
戊午 甲寅 乙卯 己卯,任铁樵·滴天髓阐微,,检验组,春,乙,隐含,,,乙卯日元，生於寅月卯時，滿盤皆木，只有年支午火，母旺子孤。喜其會子，寅午半會，母之性慈而向子，子亦能順母之意，而生戊土之,,,
甲申 癸酉 庚子 乙酉,任铁樵·滴天髓阐微,,检验组,秋,庚,隐含,,,庚生酉月，又年時申酉，秋金銳銳，喜其坐下子水，透出癸水元神，流通金性，洩其菁華。為人任大事而布置有方，處煩雜而主張不靡，,,,
癸亥 庚申 壬申 甲辰,任铁樵·滴天髓阐微,,检验组,秋,壬,隐含,,,壬申日元，生於亥年申月，亥為天門，申為天關，即天河之口，正西方之水，發源最長。所喜者，時幹甲木得辰土，通根養木，足以納水,,,
癸亥 庚申 壬子 丙午,任铁樵·滴天髓阐微,,检验组,秋,壬,是,,,壬子日元，生於申月亥年，西方之水，浩蕩之勢，無歸納之處，時逢丙午，衝激以逆其性。為人強拗無禮，兼這運走南方火土，家業破敗,,,
癸亥 辛酉 癸丑 壬戌,任铁樵·滴天髓阐微,,检验组,秋,癸,隐含,,是,陳榜眼造，癸水生於仲秋，支全酉、亥、丑為陰濁，天乾三水一辛，逢戌時，陰濁藏火，亥中濕木，不能生無焰之火。喜其運走東南陽明,,,
庚午 乙酉 庚午 壬午,任铁樵·滴天髓阐微,,检验组,秋,庚,隐含,,,和中堂造，庚生種秋，支中官星三見，則酉金是刃受制，五行無土，弱可知矣。喜其時上壬水為輔，吐其秀氣，所以聰明，權勢為最。第,,,徐乐吾亦引用过：保留在检验组
癸未 甲寅 戊戌 庚申,任铁樵·滴天髓阐微,,检验组,春,戊,隐含,,,戊生寅月，木旺土虛，喜其坐戌通根，足以用金制殺。況庚金辦坐祿支，力能伐木，所謂不太過者宜克也。雖年乾癸水生殺，得未土制之,,,
甲辰 丙寅 丙寅 壬辰,任铁樵·滴天髓阐微,,检验组,春,丙,隐含,是,是,木當令，火逢生，辰本濕土，能蓄水，被丙寅所克，脾胃受傷，肺金自絕，木多滲水，而腎水亦枯。至庚運，木旺金缺，金水並見，木火,,,
壬辰 甲辰 庚午 丙戌,任铁樵·滴天髓阐微,,检验组,春,庚,是,,,庚午日元，生於辰月戌時，春金殺旺，用神在土。月幹甲木，本是客神，得兩土，所以脾胃無病，然熬水煉金，而患弱症。至戊申運，土,,,
乙亥 庚辰 丙子 庚寅,任铁樵·滴天髓阐微,,检验组,春,丙,是,,是,丙子日元，生於季春，濕土司令，蓄水養木，用神在木，得亥之生，辰之餘，寅之助。乙木雖與庚金合而不化，庚金浮露天乾為客神，不,,,
壬辰 壬寅 己未 戊辰,任铁樵·滴天髓阐微,,检验组,春,己,是,是,是,己土生於孟春，官當令，天乾覆以財星，生官有情，然春初己土濕而且寒，年月壬水，通根峰庫，喜其寅中丙火司令為用，伏而逢生，所,,,
己亥 甲戌 庚子 丙子,任铁樵·滴天髓阐微,,检验组,秋,庚,隐含,,,庚金生於戌月，地支兩子一亥，乾透丙火，克洩交加。喜其印旺月提，雖嫌甲木生火克土，得甲己合而化，清得盡也。至己巳流年，印星,,,
丙申 壬辰 丙子 壬辰,任铁樵·滴天髓阐微,,检验组,春,丙,隐含,是,,丙火生於季春，兩殺並透，支會殺局，喜其辰土當令制殺，辰中木有餘氣而生身，病在申金，無此盡美，所以天資過人。丁卯年合殺，而,,,
戊午 壬戌 壬子 乙巳,任铁樵·滴天髓阐微,,检验组,秋,壬,是,,,壬水生於戌月，水進氣，而得坐下陽刃幫身，年乾之殺，比肩擋之，謂身殺兩停，其病在午，子水門衝之，又嫌在巳，子水隔之，使其不,,,
戊子 壬戌 庚寅 癸未,任铁樵·滴天髓阐微,,检验组,秋,庚,是,是,,庚金生地戌月，印星當令，金亦有氣，用神在水，不在火也。至庚申流年，壬水逢生，又洩土氣，北闈奏捷。所發者，戊土元神透露，不,,,
己亥 癸酉 壬申 戊申,任铁樵·滴天髓阐微,,检验组,秋,壬,隐含,是,,此造官殺並透無根，金水太旺，大不及前造之純粹也。喜其運走南方火土，精足神旺。至未運，早游泮水，五運科甲連登 ，己巳戊辰，,,,
己巳 壬申 甲寅 戊辰,任铁樵·滴天髓阐微,,检验组,秋,甲,隐含,是,,甲木生於孟秋，七殺當令，巳火食神貪生己土，忘克申金，兼之戊己並透，破印生殺，以致祖業難登，書香不繼。喜其秋水通源，日坐祿,,,
壬子 甲辰 戊戌 丙辰,任铁樵·滴天髓阐微,,检验组,春,戊,隐含,是,,戊戌日元，生於季春，時逢火土，日元得氣，雖春時虛土，而殺透通根，兼之壬水得地，貼身相生，此謂身殺兩停 ，非身強煞淺也。天,,,
癸巳 甲寅 丙戌 庚寅,任铁樵·滴天髓阐微,,检验组,春,丙,是,,,丙火生於孟春，官透為用，清而純粹，惜乎金水遙隔，無相生之意；且木火並旺，金水無根，書香不繼，游幕捐給縣令，究竟財官不通門,,,
壬寅 己酉 庚午 丙戌,任铁樵·滴天髓阐微,,检验组,秋,庚,是,,,庚日丙時，支逢生旺，寅納壬水，不能制殺，全賴酉金羊刃當權為用，隔住寅木，使其不能會局，此正「刃殺神清氣勢特」也。早登科甲,,,
丙辰 辛卯 甲申 庚午,任铁樵·滴天髓阐微,,检验组,春,甲,隐含,,,甲申日元，生於仲春，官殺並透通根，日時臨於死絕，必用卯之羊刃。喜其丙火合辛，不但無混殺之嫌，抑且卯木不受其制，刃殺神清，,,,
丙寅 戊戌 丁酉 乙巳,任铁樵·滴天髓阐微,,检验组,秋,丁,是,,是,丁火生於戌月，局中木火重重，傷官用財，格局本佳，部書出身，仕至縣令。惜柱中無水，戌乃燥土，不能生金晦火，木生火旺，巳酉無,,,
丙子 庚寅 辛巳 戊子,任铁樵·滴天髓阐微,,检验组,春,辛,是,,,辛金生於寅月，財旺逢食，官透遇財，又逢劫印相扶，中和純粹，精神兩足。初看似乎看弱，細究之，木嫩火虛，印透通根，日元足以用,,,
癸酉 甲子 癸亥 辛酉,任铁樵·滴天髓阐微,,检验组,冬,癸,,是,,此福建人不知姓氏，庚午冬，余推之，大取金水運，不取火土。彼曰：金水旺極，何以又取金水？則命書不足憑乎？書曰：「旺則宜洩宜,,,
辛丑 乙未 庚辰 丁丑,任铁樵·滴天髓阐微,,检验组,夏,庚,,,,此與前造大同小異，財官亦通根有氣，前則丁火司令，此則己土司令。更嫌醜時，丁火熄滅，則年干辛金肆逞，衝去未中木火微根，財官,,,
庚寅 辛巳 丙寅 辛卯,任铁樵·滴天髓阐微,,检验组,夏,丙,,,,丙火生於孟夏，地支兩寅一卯，巳火乘權，引出寅中丙火，天乾雖逢庚辛，皆虛浮無根。初運壬午癸未無根之水，能洩金氣，地支午未南,,,
庚寅 壬午 丁卯 癸卯,任铁樵·滴天髓阐微,,检验组,夏,丁,,是,,此財官虛露無根，梟比當權得勢，以四柱觀之，貧夭之命。前造身財並旺，反遭破敗無壽，此則財官休囚，劫業有壽，不知彼則無木，逢,,,
戊子 戊午 戊戌 戊午,任铁樵·滴天髓阐微,,检验组,夏,戊,,,,此滿局火土，子衰午旺，衝則午發而愈烈，熬乾滴水，是謂天乾不覆。初交已未，孤苦萬狀；至庚申辛酉運，引通戊土之性，大得際遇，,,,徐乐吾亦引用过：保留在检验组
戊寅 乙丑 丙寅 庚寅,任铁樵·滴天髓阐微,,检验组,冬,丙,,,,丙寅日元，雖支遇三寅，最喜丑土乘權，財星歸庫。若運走西北土金，財業必勝前造，惜一路東南木火之地，祖業破盡，遍歷數省，奔馳,,,
己亥 丙子 乙丑 壬午,任铁樵·滴天髓阐微,,检验组,冬,乙,,,是,此與前只換一酉子。以俗論之，酉換醜更美，酉乃七殺克我，醜乃偏財我克，又能止水，何其妙也。不知醜乃濕土，能洩火不能止水，酉,,,
己巳 辛未 壬午 乙巳,任铁樵·滴天髓阐微,,检验组,夏,壬,,是,是,支類南方，乘權當令，地旺極矣；火炎土燥，脆金難滋水源，天衰極矣，故日乾之情，不在辛金，其意向必在午中丁火而合從矣。己巳戊,,,
己丑 丙子 丁亥 庚子,任铁樵·滴天髓阐微,,检验组,冬,丁,,是,是,此造支類北方，地旺極矣；天干火虛，無木生扶，又有濕土晦火，天衰極矣。人皆論其殺重身輕。取火幫身敵殺。戊寅歲，金絕火生，又,,,疑似特殊格局
癸亥 癸亥 丙辰 甲午,任铁樵·滴天髓阐微,,检验组,冬,丙,,,,此官殺乘旺，原可畏也，然喜午時生食制煞，時乾透甲，生火洩水。旺殺半化為印，衰木兩遇長生，賴此木根愈固，上下情協，不誣也。,,,
壬午 丙午 庚申 戊寅,任铁樵·滴天髓阐微,,检验组,夏,庚,,,,此造與前合觀，大同小異，況乎日坐祿旺，壬水亦緊制殺，何彼則名利雙收，此則終身不發？蓋彼則壬水逢申之生地，制殺有權，此則壬,,,
丁卯 乙巳 丁卯 乙巳,任铁樵·滴天髓阐微,,检验组,夏,丁,,,,此亦木火各半，兩氣成象，非前傷官之比。日主是火，長於夏令，木從火勢，格成炎上，更不宜見金運。火逢生助。巡撫浙江；至辛運水,,,疑似特殊格局
癸亥 己未 癸亥 己未,任铁樵·滴天髓阐微,,检验组,夏,癸,,,,此土水相克，兩氣成象，純殺無制，日主受傷。初走火土之鄉，生助七殺，正是明月清風誰與共，高山流水少知音；一交乙卯，運轉東方,,,疑似特殊格局
己未 丁丑 戊子 己未,任铁樵·滴天髓阐微,,检验组,冬,戊,,,,費中堂造，天幹戊已逢丁，地支重午丑未。子醜化土，斯真格象，已成稼穡。所不足者，醜中辛金無從引出，且局中丁火三見，辛金暗傷,,,疑似特殊格局
丙寅 甲午 丙戌 乙未,任铁樵·滴天髓阐微,,检验组,夏,丙,,,,支全火局，木從火勢，格成炎上。惜木旺克土，秀氣有傷，書香難就，武甲出身，仕至副將。行申酉運，運亦有戌未之化，所以無咎；亥,,,疑似特殊格局
壬子 辛亥 癸丑 壬子,任铁樵·滴天髓阐微,,检验组,冬,癸,,,,地支亥子丑，乾透壬癸辛，局成潤下。喜行運不背，書得早遂；甲寅運氣流行，登科發甲；乙卯宦途平坦，由縣令而遷州牧；丙辰原局無,,,疑似特殊格局
己巳 辛未 丙午 丁酉,任铁樵·滴天髓阐微,,检验组,夏,丙,,,是,此造火長夏天，支類南方，旺之極矣，火土傷官生財。格所嫌者，丁火羊刃透干，局中全無濕氣，劫刃肆逞，祖業無恆，父母早亡，幼遭,,,
壬子 癸丑 丙午 壬辰,任铁樵·滴天髓阐微,,检验组,冬,丙,,,是,此造滿局官星，日主孤弱，雖食傷未見，但丑辰皆濕土，能蓄水，不能止水。初交甲寅乙卯，化殺生身，早游泮水，財炡有餘：後交丙辰,,,徐乐吾亦引用过：保留在检验组
甲寅 乙亥 乙卯 癸未,任铁樵·滴天髓阐微,,检验组,冬,乙,,,,此木局全，混一寅字，然四柱無金，其勢從強，謂深得一方秀氣。少年科第，惟庚辰辛巳運，雖有癸水之化，仍不免刑喪起倒，仕路蹭蹬,,,疑似特殊格局
庚辰 癸未 乙未 癸未,任铁樵·滴天髓阐微,,检验组,夏,乙,,,是,此造支中三未通根，尚有餘氣，乾透兩癸，正三伏生寒，貼身生扶，亦通根身庫。官星獨發而清，癸水潤土養金，生化不悖，財旺生官，,,,
丁未 癸丑 甲辰 甲戌,任铁樵·滴天髓阐微,,检验组,冬,甲,,是,,此造支全四庫逢衝，俗作雜氣財官也，不知丑未逢衝，不特官星受傷，而且衝去庫根；日主坐下餘氣，亦是根盤，更嫌戌衝，微根巳氣，,,,
丁亥 癸丑 甲子 辛未,任铁樵·滴天髓阐微,,检验组,冬,甲,,,是,甲子日元，生於丑月，支類北方；天干辛癸，官印元神發露，克去丁火，醜未遙隔；又水勢乘權，不能衝丑，正得中和之象。所以土金水,,,
癸酉 甲子 丙寅 戊戌,任铁樵·滴天髓阐微,,检验组,冬,丙,,,,此造以甲木為精，衰木得水滋，而逢寅祿為精足，以戊土為神，坐戌通根，寅戌拱之為神旺。官生印，印生身，坐下長生為氣貫流通，生,,,
戊戌 乙丑 丙辰 己丑,任铁樵·滴天髓阐微,,检验组,冬,丙,,,,此四柱皆土，命主元神，洩盡月乾，乙木凋枯，所謂精氣枯索。運逢壬戌，本主受傷；年逢辛未，緊克乙木，卒於九月患弱症而亡。 此,,,
己巳 己巳 乙酉 丙戌,任铁樵·滴天髓阐微,,检验组,夏,乙,,,,此造地支皆逢克洩，天乾又透火土，全無水氣。木衰極者，似土也。初交戊辰丁運，獲豐厚之蔭疪，美景良多；卯運椿萱並謝；丙運大遂,,,
乙丑 壬午 丙戌 甲午,任铁樵·滴天髓阐微,,检验组,夏,丙,,是,,此丙戌日元，月時兩刃，壬水無根，又逢木洩。火太旺者，似水也。初運庚辰辛巳，金逢生地，孔懷無輔助之人，親黨少知心之輩；己卯,,,
戊辰 戊午 戊申 己未,任铁樵·滴天髓阐微,,检验组,夏,戊,,是,,此造重重厚土，生於夏令，土太旺者，似木也，其用在金。庚申運，早採芹香；辛酉運辛丑年，飲鹿鳴，宴瓊林，雲程直上；壬戌運，刑,,,
壬辰 辛亥 戊子 癸丑,任铁樵·滴天髓阐微,,检验组,冬,戊,,,,此造支類北方，水勢汪洋，天乾又透金水。土太衰者，似火也。運至甲寅乙卯，干支皆木，名成利遂；一交丙運，刑妻克子，破耗多端；,,,
癸酉 甲子 戊子 戊午,任铁樵·滴天髓阐微,,检验组,冬,戊,,,,此四柱皆水，又得金生。土衰極者，似水也。初運癸亥，平寧之境；壬戌水無根，土得地，刑喪破耗，家業消亡；辛酉庚申二十年，大得,,,
己卯 庚午 辛卯 甲午,任铁樵·滴天髓阐微,,检验组,夏,辛,,,,辛金生於促夏，地支皆逢財殺。金太衰者，似土也。初運己巳戊辰，晦火生金，求名多滯，作事少成；一交丁卯，木火並旺，如枯苗得雨,,,
癸亥 癸亥 壬子 庚子,任铁樵·滴天髓阐微,,检验组,冬,壬,,,,此造四柱皆水，一無克洩，其勢衝奔，不可遏也。初運壬戌，支逢土旺，早見刑喪；辛酉庚申，干支皆金，所謂月印午江銀作浪 ，門臨,,,
丙辰 乙未 壬午 癸卯,任铁樵·滴天髓阐微,,检验组,夏,壬,,,,此火土當權，又逢木助，五行無金。水太衰者，似金也。初交丙申丁酉，蓋頭是火，使申酉不能生水，財喜並旺；戊戌運中，家業饒裕；,,,
癸卯 戊午 壬寅 丙午,任铁樵·滴天髓阐微,,检验组,夏,壬,,是,,此造丙火當權，戊癸從化，枯幹壬水。水衰極者，似火也。初運逢火，從其火旺，豐衣足食；乙卯甲寅 ，名利雙全；癸丑爭官奪財，破,,,疑似特殊格局
己酉 丙子 癸未 戊午,任铁樵·滴天髓阐微,,检验组,冬,癸,,,,此王觀察造，癸日子月 ，似乎旺相，不知財殺太重，旺中變弱，局中無木，混濁不清，陰內陽外之象。月透財星，其心意必欲愛之；時,,,
辛丑 癸巳 戊申 丙辰,任铁樵·滴天髓阐微,,检验组,夏,戊,,,,此以火為源頭，流至水方，更妙月時，兩火之源，皆得流通，至金水歸局，所以富有百萬，貴至一品，一生履險如夷，所謂景星慶雲，仰,,,
癸酉 甲子 丁卯 丙午,任铁樵·滴天髓阐微,,检验组,冬,丁,,是,,此造天乾地支皆殺生印，印生身，時歸祿旺，尤妙四衝反為四助，金見水克木而生水，水見木不克火而生木，此自然不隔不占，無阻節之,,,徐乐吾亦引用过：保留在检验组
戊寅 癸亥 丁未 辛亥,任铁樵·滴天髓阐微,,检验组,冬,丁,,,,此癸水臨旺，貼峰相克，被戊土合去，反作幫身。月支亥水本助殺，得年支寅亥合來生身，寅本遙隔，反為親近。時支之亥，又逢未會，,,,
戊辰 戊午 壬辰 甲辰,任铁樵·滴天髓阐微,,检验组,夏,壬,,,,此造四柱皆殺，喜支坐三辰，通根身庫，妙在無金，時透食神制殺。辰乃木之餘氣，正謂一將當關，群凶自敗。至癸亥運，食神逢生，日,,,
壬子 壬子 丙戌 戊戌,任铁樵·滴天髓阐微,,检验组,冬,丙,,,,此造年月兩逢壬子，殺勢猖狂。喜而日時坐戌，通根身庫，更妙戊土透出，足以砥定汪洋，尤羨運走東南，扶身抑殺。至乙卯運中，水臨,,,
壬申 丙午 庚午 丙戌,任铁樵·滴天髓阐微,,检验组,夏,庚,,,,此造兩殺當權臨旺，原可畏也。喜賴年乾壬水臨申，足以制殺；更妙無木，則水不洩，火無助。申運金水得助，發軔宮牆；酉運支類西方,,,
壬辰 壬子 丙寅 癸巳,任铁樵·滴天髓阐微,,检验组,冬,丙,,,,此造壬癸當權，殺官重疊，最喜日坐長生，寅能納水，化殺生身，時歸祿旺，足以敵官；更妙無金，印星得用，煞勢雖強，不足畏也。至,,,
甲子 乙亥 己巳 丁卯,任铁樵·滴天髓阐微,,检验组,冬,己,,,,此造官遇長生，殺逢祿旺，巳亥雖衝破印，喜印木仍能生火，寅運合亥，化木生印，連登甲榜。庚辰辛巳制官服煞，失幡皂蓋，出守大郡,,,
戊午 己未 壬申 辛亥,任铁樵·滴天髓阐微,,检验组,夏,壬,,是,,此造官殺並旺當令，喜日坐長生，時逢祿旺，足以敵官擋殺。坐下印綬 ，引通財殺之氣，運走西北金水之鄉。所以少年科甲，裕經綸於,,,
丁丑 丙午 己酉 辛未,任铁樵·滴天髓阐微,,检验组,夏,己,,,,此造土榮夏令，金絕火生，四柱水木全無，最喜金透通根。惜乎運走東方，生火克金，不但功名增蹬，而且財源鮮聚。交辛丑運，年逢戊,,,
癸未 甲子 丙寅 丁酉,任铁樵·滴天髓阐微,,检验组,冬,丙,,,,此與前癸酉者，大同小異。前則官坐財地，此則官坐傷地，兼之子未相貼，不但天干之官受克，即地支之官亦傷。更嫌劫入財鄉，所謂財,,,
丁卯 丁未 庚午 己卯,任铁樵·滴天髓阐微,,检验组,夏,庚,,,,此造大略觀之，財生官，官生印，印生身，似乎清美，無如午未南方，火烈土焦，能脆金，不能生金；且木從火勢，又壞印綬，無生化之,,,疑似特殊格局
癸酉 甲子 庚辰 甲申,任铁樵·滴天髓阐微,,检验组,冬,庚,,,,庚辰日元，支逢祿旺，水本當權，又會水局，天乾枯木無根，置之不論，謂金水二人同心，必須順其金水之性。故癸亥壬運，蔭庇有餘；,,,
壬子 辛亥 乙亥 丙子,任铁樵·滴天髓阐微,,检验组,冬,乙,,,是,壬水乘權坐亥子，所謂昆崙之水，衝奔無情，丙火克絕，置之不論，遺業頗豐，乙卯甲寅，順其流，納其氣，入學補廩，丁財並益，家道,,,
甲申 丙子 庚辰 戊寅,任铁樵·滴天髓阐微,,检验组,冬,庚,,,是,此寒金冷水，木凋土寒，若非寅時，則年月木火無根，不能作用矣，所謂寒雖甚，要暖有氣也。由引論之，年得者寅也，地氣上稓，木火,,,
己酉 丙子 庚辰 甲申,任铁樵·滴天髓阐微,,检验组,冬,庚,,,是,此亦寒金冷水，土凍木凋，與前大同小異，前則有寅木，火有根，此則無寅木，火臨絕，所謂寒甚而瞹無氣，反以瞹為美，所以初運乙亥,,,
癸未 丁巳 丙午 癸巳,任铁樵·滴天髓阐微,,检验组,夏,丙,,,是,"此支類南方,又生巳時，暖之至矣。天幹丙癸，地支全無根氣，所謂暖之至，寒無根，反以無寒為美。所以初運丙辰，叨蔭庇之福；乙卯",,,
丙辰 辛丑 庚辰 丙子,任铁樵·滴天髓阐微,,检验组,冬,庚,,,是,此造以俗論之，以為寒金喜火，乾透兩丙，獨殺留清，推其木火運中，，名利雙全，少右支中重重濕土，年乾丙火，合辛化水，時幹丙火,,,
癸未 丁巳 甲午 庚午,任铁樵·滴天髓阐微,,检验组,夏,甲,,,是,甲午日元，支全巳午未，燥烈極矣。天干金水無根，反激火之烈，只可順火之氣也。初運木火，順其氣勢，財喜頻增，至癸丑，嘆刑喪，,,,
癸丑 丁巳 甲辰 庚午,任铁樵·滴天髓阐微,,检验组,夏,甲,,,是,此與前造只換辰丑二字，醜乃北方濕土，晦火蓄水，癸水通根而載丑；辰亦濕土，又是木之餘氣，日元足盤根；庚金雖不能生水輔用，而,,,
己卯 辛未 丙子 辛卯,任铁樵·滴天髓阐微,,检验组,夏,丙,,,,戊圾 丁卯,,,
壬午 乙巳 丁丑 丙午,任铁樵·滴天髓阐微,,检验组,夏,丁,,,是,丁火生於孟夏，柱中劫旺逢梟，天乾壬無根，置之不用。最喜丑中一點財星，深藏歸庫，醜為濕土，能洩火氣，不但不爭無爭奪之風，反,,,
戊辰 乙丑 戊戌 辛酉,任铁樵·滴天髓阐微,,检验组,冬,戊,,,,此造重重厚土，乙木無根，傷官又旺，其勢足以敵官星之寡。故初交丙寅丁卯，官星得地，刑耗多端；戊辰得際遇，捐納出仕，及已巳二,,,
庚辰 壬午 甲辰 丁卯,任铁樵·滴天髓阐微,,检验组,夏,甲,,,,甲木生於仲夏，時幹丁火透出，用水以潤之，然水亦賴金生，金亦賴水養；更妙支逢兩辰，洩火生金蓄水，一氣相生，五行俱足。是以早,,,徐乐吾亦引用过：保留在检验组
辛酉 庚子 甲子 丙寅,任铁樵·滴天髓阐微,,检验组,冬,甲,,,是,甲木生於仲冬，木衰金寒，用火以暖之，金亦得其制矣；況平時逢祿旺，一陽解凍，所謂「得氣之寒，遇暖而發」。故寒木必得火以生之,,,
丙子 己亥 丙寅 戊子,任铁樵·滴天髓阐微,,检验组,冬,丙,,,,丙火生於孟冬，又逢兩子，天乾離衰，地支坎旺，用寅木以升之也。至壬寅，東方木地，採芹折桂；卯運出仕，一路運走東南，仕至觀察,,,
丁未 乙巳 丁酉 癸卯,任铁樵·滴天髓阐微,,检验组,夏,丁,,,是,丁火生於孟夏，柱中梟劫當權，一點癸水，不足相制，最喜坐下酉金，衝去卯木，生起癸水。出身貧寒，癸運入學，又得財巨萬；壬運登,,,
辛丑 辛丑 戊戌 癸丑,任铁樵·滴天髓阐微,,检验组,冬,戊,,是,是,此造日主旺，比劫多，年月傷官並透通根，醜為濕土，能生金蓄水，戌為火庫，日主臨之，不致寒凍也，是以農業富厚，更喜運走西方不,,,
乙未 辛巳 戊戌 丁巳,任铁樵·滴天髓阐微,,检验组,夏,戊,,,是,戊土生於巳月，柱中火土本旺，辛金露而無根；兼之己時，丁火獨透克辛，局中全無濕氣；更嫌年乾乙木，助火之烈，所以克兩妻，生十,,,
丁酉 丁未 戊戌 丁巳,任铁樵·滴天髓阐微,,检验组,夏,戊,,是,是,土生夏令，重疊印綬 ，四柱全無水氣，燥土不洩火生金，克三妻五子。至丑運濕土晦火生金，又會金局，得一子方育。 由此數造觀之,,,
癸卯 乙丑 丙子 己丑,任铁樵·滴天髓阐微,,检验组,冬,丙,,是,,此造官印透而得祿，財星藏而歸庫，格局未嘗不美，所嫌者，醜時傷官肆逞，官星退氣，日主衰弱，全賴乙木生火而衛官。年月官印相生,,,
丁巳 辛亥 戊子 戊午,任铁樵·滴天髓阐微,,检验组,冬,戊,,,,此造柱中三火二土，似乎旺相，不知亥子當權，衝壞印綬，天干火土虛脫，其祖上大富，至父輩破敗；兼之初運西金地，生助旺水，半生,,,
乙亥 辛巳 丙辰 癸巳,任铁樵·滴天髓阐微,,检验组,夏,丙,,,,此造支逢兩祿乘權，年乾印透通根，凡推命者，作旺論用，以財星斷其名利雙收，然丙火生孟夏，火氣方進，年乾印綬 ，被月乾財星所,,,
癸巳 戊午 丙午 庚寅,任铁樵·滴天髓阐微,,检验组,夏,丙,,是,,此造羊刃當權，又逢生旺，更可嫌者，戊癸合而化火，財為眾劫所奪，兄弟六人，皆不成器，遭累不堪。餘造年月日皆同，換一壬辰時，,,,徐乐吾亦引用过：保留在检验组
甲申 丙子 壬寅 辛亥,任铁樵·滴天髓阐微,,检验组,冬,壬,,是,,壬水生於仲冬，羊刃當權，年月木火無根，日支食神衝破，似乎平常。然喜日寅時亥，乃木火生地；寅亥合，則木火之氣愈貫；子申會，,,,徐乐吾亦引用过：保留在检验组
癸卯 癸亥 丁卯 辛亥,任铁樵·滴天髓阐微,,检验组,冬,丁,,,是,此造官殺乘權，原可畏也，然喜支拱印局，巧借栽培，流通水勢，官星有理會。第嫌初運庚申辛酉，生殺壞印，偃蹇功名；己未支全印局,,,
庚午 壬午 丙寅 庚寅,任铁樵·滴天髓阐微,,检验组,夏,丙,,,,此夏火逢金，財滋弱殺，兩支不雜，殺刃神清，定然名利雙輝。不知地支木火，不載金水，杯水車薪，不但不能制火，反洩財星之氣，夏,,,
辛丑 癸巳 甲子 丙寅,任铁樵·滴天髓阐微,,检验组,夏,甲,,,,此從巳火起源頭，生丑土，丑土生辛金，辛生癸，癸生甲，甲生丙火；甲祿居寅，癸祿居子，丙祿居巳，官坐財地，財逢食生，五行元劉,,,
己酉 乙亥 丙寅 戊子,任铁樵·滴天髓阐微,,检验组,冬,丙,,,,此以酉金為源頭，生亥水，亥水合寅而生丙，丙火生戊土，元神皆厚。鄉榜出身，仕至觀察，為人寬厚端方，九子二十四孫，富有百餘萬,,,
辛丑 辛丑 癸酉 癸丑,任铁樵·滴天髓阐微,,检验组,冬,癸,,,是,此重重濕土，疊疊寒金，癸水濁而且凍，所謂陰之甚，寒之至者也。毫無生發，氣濁神枯，故春人愚昧不堪，一事無成，至戊戌運，生金,,,
戊戌 己未 丙辰 戊戌,任铁樵·滴天髓阐微,,检验组,夏,丙,,,是,滿局傷官，五行無木，印星不現，格成順局，故其人聰明美貌。第四柱無金，土過燥厚，辛金夫星投墓於戌，是以淫亂不堪。夫遭凶死，,,,
戊午 乙丑 戊戌 丙辰,任铁樵·滴天髓阐微,,检验组,冬,戊,,,,戊土生於丑月，土旺用事，木正凋枯，且醜乃金庫，辛金伏藏，不能托根；更兼辰戌衝去藏官，置夫主於度外，且中運西方金地，淫賤不,,,
丁未 癸丑 庚子 丁亥,任铁樵·滴天髓阐微,,检验组,冬,庚,,,是,寒金喜火，嫌其支全亥子丑。北方水旺，又有乾癸克丁，醜未衝去丁火餘氣，五行無木，未得生化之情。時幹之丁虛脫無根，焉能管伏庚,,,
丁丑 癸丑 庚子 乙酉,任铁樵·滴天髓阐微,,检验组,冬,庚,,,是,庚金生於季冬，不但寒金喜火，而且時逢陽刃印綬當權，足以用火敵寒；月乾癸水，通根祿支，克絕丁火，其意足以欺官；時逢乙木，喜,,,
丁丑 壬子 辛巳 丙申,任铁樵·滴天髓阐微,,检验组,冬,辛,,,,"壬水合去丁火之殺，丙火官星得祿於日支，似乎佳美,所以出身舊家，因其貌美而菁媚。群以賽楊妃稱之。四五歲時，眉日秀麗，及十三",,,
戊子 戊午 癸酉 戊午,任铁樵·滴天髓阐微,,检验组,夏,癸,,,,癸水生於午月，財官並旺，坐下印綬，年支坐祿，未嘗不中和。天乾三透戊土，爭合癸水，則日主之情，竟無定見；地支兩午壞酉，而財,,,
庚辰 壬午 乙亥 癸未,任铁樵·滴天髓阐微,,检验组,夏,乙,,,是,木生午月，火勢猛而金柔脆之時，喜壬癸通根制火，辰土洩火生金，則火土不烈燥，水木不枯涸，接續相生，清而純粹。為女中才子，生,,,
丙辰 癸巳 丁丑 甲辰,任铁樵·滴天髓阐微,,检验组,夏,丁,,是,,丁火生於巳月，癸水夫星清透，時幹甲木，印綬獨清，是以品格端莊，持身貞潔。惜丙火太旺，生助傷官，以臻鏡破釵分。然喜巳丑拱金,,,
己酉 辛未 戊辰 壬戌,任铁樵·滴天髓阐微,,检验组,夏,戊,,,,土榮夏令，逢金吐秀，更喜無木，富貴之造也。所以身出宦家，通詩書，達禮教。至酉運，夫星祿旺，生一子，夫主登科。甲戌運刑衝出,,,
丁亥 壬子 癸丑 甲寅,任铁樵·滴天髓阐微,,检验组,冬,癸,,,,癸水生於仲冬，支全亥子丑，北方一氣，其勢泛濫，一點丁火無根，最喜寅時，納水而洩其菁華。甲木夫星坐祿，故為人聰明貌美，端莊,,,
辛丑 癸巳 丙子 丁酉,任铁樵·滴天髓阐微,,检验组,夏,丙,,是,,丙火生於巳月，雖云建祿，五行無木生助。天干既透財官，地支不宜再見酉子，更不宜再會金局，則巳火之祿，非日乾有也。雖丁火可以,,,
癸酉 戊午 庚寅 丁丑,任铁樵·滴天髓阐微,,检验组,夏,庚,,,,庚金生於仲夏，正官得祿，年時酉丑通根，正得中和之氣。寅午財官拱合，財不壞印，官能生印，財官印三字，生化不悖，癸從戊合，去,,,
丙戌 辛丑 己卯 甲子,任铁樵·滴天髓阐微,,检验组,冬,己,,,是,此造水冷金寒，土凍木凋，得年乾透丙，一陽解凍，似乎佳美。第丙辛合而化水，以陽變陰，反增寒濕之氣。陽正之象反為陰邪之類，故,,,
甲申 庚午 丁亥 壬寅,任铁樵·滴天髓阐微,,检验组,夏,丁,,是,,此造天乾四字，地支皆坐祿旺，惟日主坐當令之祿 ，足以任其財官。清而且厚。清足神旺，所以東西南北之運。皆無咎也。出遺業百餘,,,
癸丑 乙丑 癸丑 癸丑,任铁樵·滴天髓阐微,,检验组,冬,癸,,,是,此天乾三癸，地支一氣，食神清透，殺印相生，皆云名利兩全之格。予云：癸水至陰，又生季冬，支皆濕土，土濕水弱，溝渠之謂也；且,,,
癸酉 戊午 丙辰 甲午,任铁樵·滴天髓阐微,,检验组,夏,丙,,,,丙火生於午月時，旺可知矣。一點癸水，本不相濁，戊土合之，又助火之烈；年支酉金，本有情與辰合，又被午火離間，求合不得，年謂,,,
辛巳 辛丑 乙酉 乙酉,任铁樵·滴天髓阐微,,检验组,冬,乙,,是,,乙木生於季冬，支全金局，乾透兩辛，從殺斯真。戊戌運連登甲第，置身翰苑；丁酉丙申，火截腳而金得也，仕版連登；乙未運，衝破金,,,疑似特殊格局
丙午 甲午 丙午 甲午,任铁樵·滴天髓阐微,,检验组,夏,丙,,是,,丙生仲夏，四柱皆刃，天乾並透甲丙，強旺極矣，可順而不可逆也。初運乙未，早游泮水，丙運登科，申運大病危險，丁運發甲，酉運丁,,,徐乐吾亦引用过：保留在检验组
癸酉 乙丑 丙申 丙申,任铁樵·滴天髓阐微,,检验组,冬,丙,,,是,丙火生醜臨申，衰絕無氣，酉丑拱金，月乙木凋枯無根，官星坐財，傷逢財化，從化金水之勢。癸亥運中，入泮登科；辛酉庚申，去印生,,,疑似特殊格局
甲子 丙子 甲申 己巳,任铁樵·滴天髓阐微,,检验组,冬,甲,,是,是,甲木生於仲冬，印綬當權，本是殺印相生，無如坐下絕地，虛極不受水生，見己土貪合，合神雖真而失令，必賴丙火之生，解其寒凝之氣,,,
甲寅 丁丑 甲戌 己巳,任铁樵·滴天髓阐微,,检验组,冬,甲,,,,甲木生於丑月，己土通根臨旺，年之祿比，見丁火有相生之誼，無爭妒之勢，雖是假化，動有情而不悖。至庚辰運，科甲連登；辛巳任午,,,
甲寅 辛未 癸亥 戊午,任铁樵·滴天髓阐微,,检验组,夏,癸,,是,,癸水生於季夏，木火並旺，月干辛金無氣，不能生水，日主雖旺地，仍受火土兩帶，時幹戊土，合神真而且旺，日主不能從合矣。初運壬,,,
己未 辛未 丙戌 戊戌,任铁樵·滴天髓阐微,,检验组,夏,丙,,是,是,丙火生於季夏，滿局皆土，格取從兒，月干辛金獨發，所謂從兒又見兒也。大象觀之，勝於前造，其功名富貴反不及者何也？前造金雖不,,,疑似特殊格局
甲午 丁丑 甲午 丙寅,任铁樵·滴天髓阐微,,检验组,冬,甲,,是,是,甲木生於季冬，火虛而幸通根有焰，格取從兒。木雖進氣，又逢祿比幫身，所謂從兒不論身強弱，非身弱論也。前造過於燥烈。此則濕土,,,疑似特殊格局
辛丑 辛丑 戊申 壬子,任铁樵·滴天髓阐微,,检验组,冬,戊,,,是,戊土生於季冬，辛金並透通根坐下申金壬水，旺而逢生，純粹可觀，早游泮水，至亥運，類聚北方，高攀秋桂；交戊戌通根燥土，奪去壬,,,
壬寅 辛亥 辛亥 壬辰,任铁樵·滴天髓阐微,,检验组,冬,辛,,是,,辛金生於孟冬，壬水當權，財逢生旺，金水兩涵，格取從兒。讀書一目數行，至甲寅運，登科發甲；乙卯運由署郎出守黃堂；一交丙辰，,,,疑似特殊格局
壬子 辛亥 辛卯 辛卯,任铁樵·滴天髓阐微,,检验组,冬,辛,,是,,辛金生於孟冬，水勢當權，雖天乾三透辛金，而地支臨絕，格取從兒，讀書過目成誦，早年入泮，甲寅撥貢出仕縣宰，乙卯運仕路順遂，,,,疑似特殊格局
戊午 丁巳 己卯 庚午,任铁樵·滴天髓阐微,,检验组,夏,己,,是,是,已土生於孟夏，局中印星當令，火旺土焦，又能焚木，至庚子年春闈奏捷，帶金之水足以制火之烈，潤土之燥也。其不能顯秩，仁路蹭蹬,,,
癸亥 甲子 戊戌 癸丑,任铁樵·滴天髓阐微,,检验组,冬,戊,,是,是,戊戌日元，生於子月亥年，月透甲木逢 生，水生木，木克土，夫健怕妻，最喜坐下戌之燥土，中藏丁火印綬，財雖旺，不能破印，所謂,,,
癸亥 癸亥 戊午 甲寅,任铁樵·滴天髓阐微,,检验组,冬,戊,,是,,倉提督造。戊午日元，生於亥月亥年，時逢甲寅殺旺，財殺肆逞，財星足以破印，以致難就書香。幸而寅拱午印，克處逢生，以殺化印，,,,
乙亥 辛巳 戊申 甲寅,任铁樵·滴天髓阐微,,检验组,夏,戊,,,,天干乙辛甲戊，地支寅申巳亥，天地交戰，似乎不美。然喜天干乙辛去官星之混殺，地支寅申，制殺之肆逞。巳亥逢衝，壞印本屬不喜，,,,
乙亥 辛巳 甲子 庚午,任铁樵·滴天髓阐微,,检验组,夏,甲,,,,天干甲乙庚辛，地支巳亥子午天地交戰，局中火旺水衰，印綬未嘗不喜官殺之生。不知庚辛在巳午之上，與亥子茫無關切，正謂克洩交加,,,
戊午 戊午 戊午 甲寅,任铁樵·滴天髓阐微,,检验组,夏,戊,,,是,此造三逢戊午，時殺雖坐祿支，局中無水，火土燥烈，臣盛君衰，且寅午拱會，木從火勢，轉生日主，君恩雖重，而日主之意向，反不以,,,疑似特殊格局; 徐乐吾亦引用过：保留在检验组
丙戌 乙未 丙子 甲午,任铁樵·滴天髓阐微,,检验组,夏,丙,,,是,丙生季夏，火炎土燥，天干甲乙，枯木助火之烈，更嫌子水衝激之急，偏枯混亂之象。性情乖張，處世多驕傲，且爭躁如風火，順其性千,,,
丙戌 甲午 丙午 己丑,任铁樵·滴天髓阐微,,检验组,夏,丙,,,是,丙午日元，生於午月，年月又逢甲丙，猛烈極矣，最喜醜時，干支皆濕土，能收丙之烈，能晦午之光，順其性，悅其情，不凌下也。其人,,,
辛巳 甲午 丙子 甲午,任铁樵·滴天髓阐微,,检验组,夏,丙,,,,丙火生於午月午時，木從火勢烈之極矣，無土以順其性，金無根，水無源，激其猛烈之性，所以幼失父母，依兄嫂居。好勇不安分，年十,,,疑似特殊格局
壬寅 壬子 壬辰 壬寅,任铁樵·滴天髓阐微,,检验组,冬,壬,,,,天乾四壬，生於子月，衝奔之勢。最喜寅時，疏其辰土之於塞，納其壬水之旺神，所以不驕不傲，賦性穎異，讀書過目不忘，為文倚馬萬,,,
癸未 癸亥 壬子 戊申,任铁樵·滴天髓阐微,,检验组,冬,壬,,,,壬子日元，生於亥月申時，年月兩透癸水，只可順其勢，不可逆其流。所嫌未戊兩字，激水之性，敵其為介非倒置，作事不端，無所忌憚,,,
丙戌 甲午 甲申 丙寅,任铁樵·滴天髓阐微,,检验组,夏,甲,,,是,甲申日元，生於午月，兩透丙火，支會火局，木奔南方，燥土不能晦火生金，無水則申金克盡，柔軟極矣。其人為暱私恩，不知大體，作,,,
壬申 壬子 庚辰 丙子,任铁樵·滴天髓阐微,,检验组,冬,庚,,,,庚生仲冬，天干兩透壬水，支會水局，金衰水旺，本屬偏象，更嫌時透丙火混局。金主義而方，水司智而圓，金多水少，智圓行方，水泛,,,
丙寅 甲午 丙午 己丑,任铁樵·滴天髓阐微,,检验组,夏,丙,,,是,丙午日元，生於午月寅年，年月又透甲丙，其焚烈炎上之勢，不可遏也。最妙支在醜時，濕土收其猛烈之性，為人有容有養，驕諂不施。,,,疑似特殊格局
丁卯 丙午 丙午 庚寅,任铁樵·滴天髓阐微,,检验组,夏,丙,,,,丙午日元，生於午月，年時寅卯，庚金無根，置之不用，格成炎上；局中無土吐秀，書香不利，行伍出身。至卯運得官，壬運失職；寅運,,,疑似特殊格局
壬子 辛亥 甲寅 甲子,任铁樵·滴天髓阐微,,检验组,冬,甲,,,,甲寅日元，生於亥月，水旺木堅，旺之極矣。一點辛金，從水之勢，不逆其性，安而且和，逆生之序，更妙無土，不逆水性。初運北方，,,,疑似特殊格局
壬寅 辛亥 甲寅 己巳,任铁樵·滴天髓阐微,,检验组,冬,甲,,,,甲寅日元，生於寅年亥月，辛金順水，不逆木性，逆生之序。所嫌巳時為閒神，火土衝克逆其性，又不能制水。初交壬子，遺緒豐盈；癸,,,
戊戌 丁巳 甲寅 己巳,任铁樵·滴天髓阐微,,检验组,夏,甲,,,,甲寅日元，生於巳月，丙火司令，雖坐祿支，其精洩盡，火旺木焚，喜土以行之，此衰極從弱之理。初運戊午己未，順其火土之性，祖業,,,徐乐吾亦引用过：保留在检验组
丙寅 甲午 丙申 壬辰,任铁樵·滴天髓阐微,,检验组,夏,丙,,,,丙火生於午月，陽刃局逢寅申，生拱又逢比助，旺可知矣。最喜辰時，壬水透露更妙，申辰洩火生金而拱水，正得既濟，所以早登科甲，,,,徐乐吾亦引用过：保留在检验组
丙申 甲午 丙寅 壬辰,任铁樵·滴天髓阐微,,检验组,夏,丙,,,,此與前八字皆同，前則坐下申金，生拱壬水有情，此則申在年支遠隔，又被比劫所奪，至申運生殺，又甲子流年會成殺局，衝去羊刃，中,,,
戊子 戊午 丙辰 戊戌,任铁樵·滴天髓阐微,,检验组,夏,丙,,是,,丙日午提，刃強當令，子衝之，辰洩之，弱可知矣。天乾三戊，竊日主之精華；兼之運走西北金水這地，則羊刃更受其敵 ，不便功名蹭,,,徐乐吾亦引用过：保留在检验组
庚午 壬午 甲戌 庚午,任铁樵·滴天髓阐微,,检验组,夏,甲,,,是,甲木生於午月，支中三午一戌，火炎土燥，傷官肆逞，月壬水無根，全賴庚金滋水，所以科甲聯合。其仕路蹭蹬者，只因地支皆火，無干,,,
丙申 乙未 丁未 庚戌,任铁樵·滴天髓阐微,,检验组,夏,丁,,,是,丁生季夏，未戌燥土，不能晦火生金，丙火足以焚木克金，則土愈燥而不洩。申中壬水涸而精必枯，故初患痰火。亥運水不敵火，反能生,,,
壬寅 丁未 丙申 甲午,任铁樵·滴天髓阐微,,检验组,夏,丙,,,是,丙火生於未月午時，年乾壬水無根，申金遠隔，本不能生水，又被寅衝午劫，則肺氣愈虧。兼之丁壬相合化木，從火則心火愈旺，腎水必,,,疑似特殊格局
壬辰 壬子 辛酉 己丑,任铁樵·滴天髓阐微,,检验组,冬,辛,,,是,辛金生於仲冬，金水傷官，局中全無火氣，金寒水冷，土濕而凍，初患冷漱。然傷官佩印，格局純清，讀書過目成誦，早年入泮。甲寅乙,,,
甲戌 丙子 庚子 丙戌,任铁樵·滴天髓阐微,,检验组,冬,庚,,是,是,庚金生於子，丙火並透，地支兩戌燥土，乃丙這庫根，又得甲木生丙，過於熱也。運至戊寅己卯，而患 談火之症；庚辰經肩幫身，支逢,,,
己巳 庚午 己亥 丙寅,任铁樵·滴天髓阐微,,检验组,夏,己,,,是,己土生於仲夏，火土印綬，已本濕土，又坐下亥水，丙火透而逢生，年月又逢祿旺，此之謂熱，非燥也。寅亥化生火，夏日可畏；兼之運,,,
己丑 丁丑 己亥 乙丑,任铁樵·滴天髓阐微,,检验组,冬,己,,,是,己土生於季冬，支逢三丑，日主本旺，過於寒濕，丁火無根，不能去其寒濕之氣。乙木凋枯，置之不用，書香難就；己土屬脾，寒而且濕,,,
丙戌 己亥 甲戌 庚午,任铁樵·滴天髓阐微,,检验组,冬,甲,,是,,甲木生於亥月，印雖當令，四柱土多克水，天幹庚金無根，又與亥水遠隔，戌中辛金鬱而愛騻，午丙引出戌中丁火，亥水被戌土制定，不,,,
癸未 癸亥 甲午 丁卯,任铁樵·滴天髓阐微,,检验组,冬,甲,,,,甲木生於亥月，癸水並透，其勢泛濫。冬木喜火，最喜卯時，不特丁火通根，抑且日主臨旺，又會木局，洩木生火扶身；更妙無金，清得,,,
庚戌 辛巳 乙卯 戊寅,任铁樵·滴天髓阐微,,检验组,夏,乙,,是,,乙木生於巳月，傷官當令，足以制官伏殺，坐下祿支扶身，寅時又藤蘿系甲，至庚辰年，支類東方，中鄉榜，不發甲，只因四柱無印，戌,,,
乙卯 戊子 壬辰 戊申,任铁樵·滴天髓阐微,,检验组,冬,壬,,,,壬辰日元，天干兩煞，通根辰支，年乾乙木凋枯，能洩水而不能制土，正克洩交加，最喜子水當權會局，殺刃神情。至酉運生水克木，又,,,
丁丑 乙巳 癸酉 壬子,任铁樵·滴天髓阐微,,检验组,夏,癸,,,,癸水生於巳月，火土雖旺，妙在支全金局，財官印三者皆得生助；更喜子時劫比幫身，精神旺足；尤喜中年運走北方。異睡出身，仕至郡,,,
丁亥 丙午 戊寅 甲寅,任铁樵·滴天髓阐微,,检验组,夏,戊,,,,戊土生於午月，局中偏官雖旺，印星太重，木從火勢，火必焚木，一點亥水，不能生木克火。交癸運，克丁生甲，北極連登科甲，出宰名,,,疑似特殊格局
壬午 癸丑 甲寅 丁卯,任铁樵·滴天髓阐微,,检验组,冬,甲,,,是,甲木生於丑月，水生寒凝，本喜火以敵寒，更妙日時寅卯氣旺，丁火旺秀，其清在火也。所嫌壬登透干，丁火發作國，難遂書香之志。然,,,
壬辰 乙巳 丙子 己丑,任铁樵·滴天髓阐微,,检验组,夏,丙,,,,丙火生於巳月，天地煞印留清，所嫌者醜時合去子水，則壬水失勢，化助傷官則日元洩氣，一點乙木，不能疏土。異路出身，雖獲盜有功,,,
癸巳 甲子 壬子 庚戌,任铁樵·滴天髓阐微,,检验组,冬,壬,,,,壬子日元，生於仲冬，天乾又透庚癸，其勢泛濫。甲木無佷，不能納水；己火被眾水所克，亦難作用，故屢次加捐，耗財不參得缺。雖時,,,
庚辰 丁亥 庚辰 丁丑,任铁樵·滴天髓阐微,,检验组,冬,庚,,,,庚辰日地，生於亥天干丁火並透，辰亥皆藏甲乙，足以用火。初運戊子己丑，晦火生金，未遂所願。庚運丙午年，庚坐寅支截腳，天干兩,,,
乙未 戊子 庚辰 丁丑,任铁樵·滴天髓阐微,,检验组,冬,庚,,,,庚辰日無，生於子月，未土破子水，天干木火，皆得辰未之餘氣，足以用木生火。丙運入泮。癸酉年行乙運，癸合戊化火，酉是丁火長生,,,
丙申 癸巳 丙午 甲午,任铁樵·滴天髓阐微,,检验组,夏,丙,,,,丙午日元，生於巳月午時，群比爭財，逼乾癸水。初運甲午刃劫猖狂，父母早亡；乙未助刃家業敗盡；交丙申丁酉，貧乏不堪，交戊戌稍,,,
辛卯 甲午 丙辰 庚寅,任铁樵·滴天髓阐微,,检验组,夏,丙,,,,丙火生於午月，旺刃當權，支全寅、卯、辰、土從木類，庚辛兩不通根，初交癸己壬辰，金逢生助，家業饒裕，其樂自如：辛卯金截腳，,,,疑似特殊格局
辛卯 丁酉 庚午 丙子,任铁樵·滴天髓阐微,,检验组,秋,庚,,,,天幹庚辛丙丁，正配火煉秋金；地支子午卯酉，又配坎離震兌。支全四正，氣貫八方，然五行無土，雖誕秋令，不作旺論。最喜子午逢衝,,,
乙亥 庚辰 甲戌 壬申,任铁樵·滴天髓阐微,,检验组,春,甲,,,是,此與前大同小異。以俗論之，「甲以乙妹妻庚，凶為吉兆」，含合忘衝，較之前造更佳，何彼則翰苑，此則寒袷？不知乙庚合而化金，反,,,
丙子 辛卯 壬子 癸卯,任铁樵·滴天髓阐微,,检验组,春,壬,,,,壬子日元，支逢兩刃，乾透癸辛，五行無土，年乾丙火臨絕，合辛化水，最喜卯旺提綱，洩其菁英，能化劫刃之頑。秀氣流行，為人恭而,,,
戊午 乙卯 癸卯 癸亥,任铁樵·滴天髓阐微,,检验组,春,癸,,,,此春水多木，過於洩氣，五行無金，全賴亥時比劫幫身。嫌其亥卯拱局，又透戊土，克洩並見，交戊午運不壽。若據書云，癸水兩坐長生,,,
甲申 甲戌 甲寅 甲戌,任铁樵·滴天髓阐微,,检验组,秋,甲,,是,,年支申金，衝去日主寅木，加以戌土乘權重見，生金助殺，謂地支不顧天干。夫四甲一寅，似乎強旺，第秋木休囚，衝去祿神，其根已拔,,,
乙丑 己卯 乙亥 壬午,任铁樵·滴天髓阐微,,检验组,春,乙,,,是,此己土之財，通根在丑，得祿於午，似乎身財並旺，不知己土之財，比肩奪去，丑土之財，卯木克破，午火食神，亥水克之。壬水蓋之，,,,
壬寅 甲辰 丁亥 己酉,任铁樵·滴天髓阐微,,检验组,春,丁,,是,,年乾壬水為始，是支亥水為終。官生印，印生身，食神發用吐秀，財得食之覆，官逢財星之生。傷官雖當令，印緩制之有情，年月不反背,,,
戊戌 庚申 癸亥 乙卯,任铁樵·滴天髓阐微,,检验组,秋,癸,,,,此造土生金，金生水，水生木，干支同流，但有相生之誼，而無爭妒之風、戊戌中財星歸庫，官司清印正分明，食神吐秀逢生。鄉榜出身,,,
甲子 丙寅 己巳 辛未,任铁樵·滴天髓阐微,,检验组,春,己,,,,此造天干木生火，火生土，土生金，地支水生木，木生火，火生土，土生金。且由支而生乾，從地支則以年支子水生寅木為始，至時干辛,,,
戊寅 乙卯 甲辰 辛未,任铁樵·滴天髓阐微,,检验组,春,甲,,,,此造支類東方，劫刃 肆逞，一點微金，成之不足，故書香不繼，初運火土，，不失化之情，財源通裕；至庚申辛酉，辛金得地，而成之,,,
癸未 乙卯 甲戌 乙亥,任铁樵·滴天髓阐微,,检验组,春,甲,,,,此造柱中，未土深藏，戌土自坐，謂財來就 ，未嘗不美。只因四柱無金以成之，五行無火以行之，再加亥時，癸水通根生劫，亥卯未全,,,
甲寅 丁卯 甲辰 丙寅,任铁樵·滴天髓阐微,,检验组,春,甲,,,,支全寅卯辰，東方一氣，化神者，丙丁也。發洩菁華，少年科甲，早遂仕路之光；行財地，得過且過有食傷化劫之功；行金運，又得丙丁,,,
庚申 乙酉 庚戌 庚辰,任铁樵·滴天髓阐微,,检验组,秋,庚,,是,,此造支類西方，又逢厚土，金旺極者，似水也。初運火，祖業無恆；至戊子運獲厚利，納房出仁已丑庚運，名利皆遂；一交寅運，犯事落,,,
戊申 丙辰 丁卯 甲辰,任铁樵·滴天髓阐微,,检验组,春,丁,,,,丁卯日元，生於季春。傷官生財，嫌其木盛土虛，書香難就。土得其傷官化劫，使丙火無爭財之意，所以運至庚申辛酉，承先人事業雖微,,,
丁丑 庚戌 庚子 甲申,任铁樵·滴天髓阐微,,检验组,秋,庚,,,,此秋金堅銳，官星虛脫，不能相制，財星臨絕，何暇生官！初運土金，晦火生金，形傷破髦，無所不見；丁未丙午助起官星，家業鼎新；,,,
戊申 壬戌 庚申 乙酉,任铁樵·滴天髓阐微,,检验组,秋,庚,,,,此造乙從庚化，官星不見，支類西方，又坐祿旺，權在一人。從其強勢，雖有壬，戊土緊克，不能引通洩其殺氣。初交癸亥財喜如心一交,,,
甲寅 丁卯 戊辰 己未,任铁樵·滴天髓阐微,,检验组,春,戊,,,,此木方全，搭一未字為混，然無未字，則日主虛脫，且天干甲木透出作殺專不作官，必要未字日主氣貫，身殺兩停，名利雙輝。鼎甲出身,,,
丙辰 庚寅 乙卯 丁亥,任铁樵·滴天髓阐微,,检验组,春,乙,,,,此支類東方，火明木秀，最喜丙火緊克庚金之濁，然春初木嫩，必得亥時生助。為人風流瀟灑，學問淵深。丁亥生木助火，採芹攀桂；巳,,,
甲寅 丁卯 乙未 丁亥,任铁樵·滴天髓阐微,,检验组,春,乙,,,,此亦木局全，混一寅字，取丁火食神秀氣，非前造從強論也。至巳運，丁火臨官，登科發甲；庚午辛未，南方金敗之地，不傷體用，仕途,,,疑似特殊格局
甲寅 丁卯 乙亥 癸未,任铁樵·滴天髓阐微,,检验组,春,乙,,,,此方局齊來，得月乾丁火獨透，發洩菁英，何其妙也。惜乎時幹癸水透露，通根亥支，緊傷丁火秀氣，謂幹頭反複，所以一衿尚不能博，,,,
丁卯 甲辰 甲寅 乙亥,任铁樵·滴天髓阐微,,检验组,春,甲,,,,此亦方局齊來，幹頭無水，丁火秀氣流行，行運不甚反悖。中鄉榜，仕至州牧，子多財旺，賦性仁慈，品行端方，壽越八旬，夫婦齊眉。,,,疑似特殊格局
戊寅 甲寅 甲辰 丁卯,任铁樵·滴天髓阐微,,检验组,春,甲,,,,此成方，乾透元神，四柱不雜金水，時幹丁火吐秀，純粹可觀。初中行運火土，中鄉榜，出宰名區；惜木多火熾，丁火不中以洩之，所以,,,
辛未 辛卯 乙未 戊寅,任铁樵·滴天髓阐微,,检验组,春,乙,,,,此乙木歸垣，雖無全會，然寅時比亥之力量勝數倍矣。以大象觀之，局中三土兩金，似乎財生煞旺，不知卯旺提綱，支中皆木之根旺，非,,,
己丑 壬申 丁未 丙午,任铁樵·滴天髓阐微,,检验组,秋,丁,,,,此造以大勢觀之，官得清地彼，何彼則富貴，此則困窮 ？不知此造無印，官緊克，午未雖是餘氣祿旺，醜中蓄水，暗傷午未之火，壬水,,,
丁丑 癸卯 乙卯 己卯,任铁樵·滴天髓阐微,,检验组,春,乙,,,,乙卯日，生於卯月卯時，旺之極矣，最喜丁火獨發，洩其精英。惜癸水克丁，仍傷秀氣，時干己土臨絕，不能去其癸水，因之書香不繼，,,,
癸未 乙卯 丙辰 庚寅,任铁樵·滴天髓阐微,,检验组,春,丙,,是,,此造以大勢觀之，官印相生，偏財時遇，五行不缺，四柱純粹，儼然貴格，不如財官兩字休囚，又遙隔不能相顧，支全寅、卯、辰。春土,,,
甲戌 丙寅 戊寅 丙辰,任铁樵·滴天髓阐微,,检验组,春,戊,,是,,戊寅日元，生於立春十五日後，正當甲木司令，地支兩寅緊克辰戌之土，天干甲木，又制日乾之戊，似乎煞旺身弱。然喜無金，則日元之,,,
甲戌 丙寅 戊辰 庚申,任铁樵·滴天髓阐微,,检验组,春,戊,,是,是,戊辰日元，生於立春後六日，正戊土司令，月透丙火，生化有情，日支坐辰，通根身旺，又得食神制殺。俗論比之，勝於前造，不知嫩木,,,
癸卯 乙卯 甲寅 乙亥,任铁樵·滴天髓阐微,,检验组,春,甲,,,是,甲木生於仲春，支逢兩卯之旺、寅之祿，亥之生，乾有乙之助，癸之印旺之極矣，從其旺神。初行甲運，早採芹香；癸丑北方濕土，亦作,,,徐乐吾亦引用过：保留在检验组
乙丑 甲申 甲申 辛未,任铁樵·滴天髓阐微,,检验组,秋,甲,,,,此造地支土金，木無盤根之處，時干辛金，元神發透，木太衰者，似水也，初運癸未壬午，生木制金，刑喪早見，蔭疪難豐；辛巳庚辰，,,,
辛巳 丁酉 丁酉 辛丑,任铁樵·滴天髓阐微,,检验组,秋,丁,,,,丁火生於八月，秋金秉令，又全金局。火衰者，似木也。初運己未甲午，火木並旺，骨肉如同畫餅，六親亦是浮雲；一交癸巳，乾透水，,,,
辛亥 壬辰 丙申 己亥,任铁樵·滴天髓阐微,,检验组,春,丙,,,,此財生殺，殺功身，丙臨申，申辰拱水。火衰極者，似金也。初運辛卯庚寅，東方木地，萱椿凋謝，祖業無恆；至己丑運，出外經營，青,,,
戊戌 丙辰 己巳 己巳,任铁樵·滴天髓阐微,,检验组,春,己,,是,,此造四柱火土，全無克洩。土旺極者，似金也。初運南方，遺業豐盈，午運入泮，己未棘闈，拔而不舉；一交庚申，青蚨化蝶，家業漸消,,,
己亥 丁卯 庚寅 丙子,任铁樵·滴天髓阐微,,检验组,春,庚,,,,此造木旺乘權，又得水生，四面皆逢財殺。金衰極者，似木也。所以乙丑運中，土金暗旺，家業破盡；至甲子運，北方水旺，財源通裕；,,,
辛卯 辛卯 丙子 甲午,任铁樵·滴天髓阐微,,检验组,春,丙,,,,此以木為源頭，五行無土，不能流至金；財官又隔絕，衝而逢洩，無生化之情。初運庚寅，叼上人之福；己丑運合子，洩火生金財福駢臻,,,
戊辰 乙卯 辛丑 丁酉,任铁樵·滴天髓阐微,,检验组,春,辛,,,,此春金氣弱 ，時殺緊克，年逢印綬，遠隔不通。又被旺木克土壞印，不但戊土不能生化，即日支之醜土，亦被卯木所壞。此局內無可,,,
己巳 丁卯 辛卯 乙未,任铁樵·滴天髓阐微,,检验组,春,辛,,,,此春金虛弱，木火當權，年印，月殺，未得相通，時支未土，又會卯化木，只有生殺之情，而無輔主之意，兼之一路運途無金，一派水木,,,
戊子 甲寅 戊午 甲寅,任铁樵·滴天髓阐微,,检验组,春,戊,,,,戊土生寅月寅時，土衰木盛，最喜坐下午火，生拱有情，正謂眾殺橫行，一仁可化。子水之財，生寅木不衝午火，其情協，其關通。尤羨,,,徐乐吾亦引用过：保留在检验组
己亥 丙寅 戊子 甲寅,任铁樵·滴天髓阐微,,检验组,春,戊,,,,此造觀格局似勝前造，此財印坐長生，前則印逢財衝。不知前則坐下印綬，七殺皆來生拱，而日主堅固，此則財坐日下，反去生殺，助紂,,,
戊辰 庚申 甲子 甲子,任铁樵·滴天髓阐微,,检验组,秋,甲,,,,此造木凋金銳，厚土生金，原可畏也，然喜支全水局，化其肅殺之氣，生化有情。至癸亥運，科甲連登，早蒙仕路之光；丙寅丁卯，制化,,,
庚申 庚辰 甲戌 丙寅,任铁樵·滴天髓阐微,,检验组,春,甲,,,,此造甲木生辰，雖有餘氣，但庚金並透，通根斫伐，最喜寅時祿旺，更妙丙火獨透，制殺扶身。午運暗會火局，中鄉榜；甲申乙酉殺逢祿,,,
辛卯 戊戌 丙辰 己亥,任铁樵·滴天髓阐微,,检验组,秋,丙,,,,時逢獨殺，四食相制，年支卯木被辛金蓋頭，況秋木本不足疏土，所賴亥中甲木衛殺，至乙未運暗會木局，捷報南宮，名高翰苑：甲午運,,,徐乐吾亦引用过：保留在检验组
辛卯 戊戌 丙辰 壬辰,任铁樵·滴天髓阐微,,检验组,秋,丙,,,,此亦一殺逢四制，所不及前造者，無亥卯之會也。雖早採芹香，以致蹭蹬秋闈納捐矚，仁路亦不能通達。喜時殺透露，行甲午運，無化土,,,
甲寅 戊辰 壬辰 壬寅,任铁樵·滴天髓阐微,,检验组,春,壬,,,,此造五殺逢五制，土雖當權，木亦雄壯，幸日主兩坐庫根，又得比肩匡扶。壬申運，日主逢生，衝去寅木，名登桂籍，雁塔高標；接連癸,,,徐乐吾亦引用过：保留在检验组
庚申 戊寅 戊寅 庚申,任铁樵·滴天髓阐微,,检验组,春,戊,,是,,此兩殺逢四制，幸春木得時乘令，克不盡絕。至午運，補土之不足，去金之有餘，登科擢縣令：至甲申支，又逢食制，死於軍功。 任氏,,,
癸亥 乙卯 壬申 乙巳,任铁樵·滴天髓阐微,,检验组,春,壬,,,,此水木傷官，日主坐長生，年支祿旺，日主不弱 ，足以用巳火之財。嫌其中運金水，半生碌碌風霜，起倒萬狀。至戊運，緊制亥水之劫,,,
戊子 辛酉 戊午 丁巳,任铁樵·滴天髓阐微,,检验组,秋,戊,,,,此土金傷官，日主祿旺，劫印重逢，一點財星，秋水通源。子賴酉生，酉伏子護，遺業小康；甲子乙丑二十年，制化皆宜，自創數萬；至,,,
戊午 丙辰 戊辰 辛酉,任铁樵·滴天髓阐微,,检验组,春,戊,,,,此重重火土，最喜酉時，傷官透露，洩其菁華。三旬之前，運走火土，蹭蹬蕓窗，一交庚申，雲程直上。及辛酉壬戌癸亥四十載，體用合,,,
甲子 丙寅 己亥 辛未,任铁樵·滴天髓阐微,,检验组,春,己,,是,,春土坐亥 財官太旺，最喜獨印逢生。財藏生官，財印綬之元神愈旺；氣貫生時 ，而日主之氣不薄；更妙連珠生化，尤羨運途不悖。,,,
甲子 丙寅 己丑 甲子,任铁樵·滴天髓阐微,,检验组,春,己,,,是,山東劉中堂造，已土卑薄，生於春初，寒濕之體，其氣虛弱，得甲丙並透，印正官清，聚得真也。柱中金不現而不得化，假神不亂；更喜,,,徐乐吾亦引用过：保留在检验组
壬申 壬寅 丙子 乙未,任铁樵·滴天髓阐微,,检验组,春,丙,,是,,鐵制軍造，殺逞財勢，嫩木逢生，最喜寅木真神當令，時乾透出乙木元神。寅申之衝，謂之有病。運至南方火地，去申金之病，仕至封疆,,,
壬申 戊申 庚辰 甲申,任铁樵·滴天髓阐微,,检验组,秋,庚,,,,庚金生於七月，地支三申，旺之極矣，時幹甲木無根，用年乾壬水，洩其剛殺之氣。所嫌者，月乾梟神奪食。初年運走土金，刑喪早見，,,,
辛酉 丁酉 乙未 丁丑,任铁樵·滴天髓阐微,,检验组,秋,乙,,,,乙木生於八月，木凋金銳，幸日主坐下庫根，乾透兩丁，足以盤根制殺，祖業豐盈，芹香早採。但此造之病，不在殺旺，實在丑土；丑土,,,
庚辰 庚辰 庚申 庚辰,任铁樵·滴天髓阐微,,检验组,春,庚,,是,,天干皆庚，又坐祿旺，印星當令，剛之極矣，謂權在一人。行伍出身，壬午癸未運，水蓋天乾地支之火，難以克金，故無害；一交甲申，,,,
癸丑 壬戌 丙午 庚寅,任铁樵·滴天髓阐微,,检验组,秋,丙,,,,丙火生於九月，日主本不及時，第坐陽刃會火局，謂之強寡。年乾癸進氣，癸水通根餘氣丑土，洩其火局，庚金生助壬癸為眾也。勢在成,,,
丙寅 庚寅 甲申 乙丑,任铁樵·滴天髓阐微,,检验组,春,甲,,,是,甲木生於立春後四日，春初木嫩，天氣寒凝，日主坐申，月透庚金，丑土貼生申金，木嫩金堅，用火以攻之。喜得年於透丙，三陽開泰，,,,
庚戌 己卯 甲寅 丁卯,任铁樵·滴天髓阐微,,检验组,春,甲,,,,甲木生於仲春，坐祿逢刃，木旺金衰，用土以成之，方能化土生金，斬削以成真。初游幕，獲利納捐，至癸未運出仕；甲申乙酉，木無根,,,
庚戌 甲申 甲戌 乙丑,任铁樵·滴天髓阐微,,检验组,秋,甲,,是,,甲木生於孟秋，財生殺旺，雖天乾三透甲乙，而地支不載，木凋金銳，用土以從之也。格成從殺。戌運武甲出身；丁亥運生木克金，刑耗,,,疑似特殊格局
丙子 丙申 丙子 丙申,任铁樵·滴天髓阐微,,检验组,秋,丙,,,,此造地支，兩申兩子，水逢生旺，金作水論；天乾四丙，地支無根，離衰坎旺，須以木運和之也。惜乎五行不順，五十年西北金水之地，,,,
癸巳 壬戌 壬午 壬寅,任铁樵·滴天髓阐微,,检验组,秋,壬,,,,壬午日元，生於戌月，支會火局，年支坐巳，天干皆飲，地支皆離，必須金運以解之也。初交辛酉庚申，正得成其既濟，解其財殺之勢，,,,
庚寅 丙戌 辛亥 辛卯,任铁樵·滴天髓阐微,,检验组,秋,辛,,是,,辛金生於戌月，印星當令；又寅 拱丙生天干，比劫不能下生亥水；又亥卯拱木，四柱皆成財官，二妻四妾生三子皆克，生十二女又克其,,,
壬子 戊申 戊戌 辛酉,任铁樵·滴天髓阐微,,检验组,秋,戊,,,,戊土生於孟秋，支在西方，秀氣流行，格局本佳，出身大富。所嫌者，年乾壬水能根會局，則財星反不真矣。兼之運走西北金水之地，所,,,
癸卯 甲寅 丁巳 己酉,任铁樵·滴天髓阐微,,检验组,春,丁,,,,此造財藏殺露，殺印相生，又聯珠相生，似乎貴格，所以祖業二十餘萬；不知年乾之殺無根，其菁華盡被印綬竊去，必用酉金之財。蓋頭,,,
乙卯 乙酉 庚寅 壬午,任铁樵·滴天髓阐微,,检验组,秋,庚,,,,秋金乘令，財官並旺，食神吐秀，大象觀之，富貴之命。第財星太重，官星拱局，日主反弱，不任其財官，全賴劫刃扶身，被卯衝午克，,,,
庚辰 乙酉 丁丑 乙巳,任铁樵·滴天髓阐微,,检验组,秋,丁,,,是,丁火日元，時逢旺地，兩印生身。火焰金疊，似乎富格，不知月乾乙木，從庚而化，支會金局，四柱皆財，反不真矣。祖業亦豐，初運丙,,,
丙辰 庚寅 丙午 壬辰,任铁樵·滴天髓阐微,,检验组,春,丙,,,,此造財絕無根，官又無氣，兼之運走東南之地，幼年喪父，依母轉嫁他姓；數年母死，牧牛度日，稍長則賣力佣工；後雙目失明，不能佣,,,
乙未 戊寅 乙卯 庚辰,任铁樵·滴天髓阐微,,检验组,春,乙,,,,此支類東方，正曲直仁壽格，大勢觀之，財官有氣，名利裕如。第五行火不出現，財之元神虛脫，寅卯東方木旺，官司星之根亦薄。所以,,,疑似特殊格局
癸丑 甲寅 戊戌 庚申,任铁樵·滴天髓阐微,,检验组,春,戊,,,,戊戌日逢庚申時，食神有力，殺旺無印，足以強制。生八九子，有三四子貴顯而授一品之誥封者，土金有情之妙也。其為人貪惡兩備者，,,,
戊辰 庚申 己卯 戊辰,任铁樵·滴天髓阐微,,检验组,秋,己,,,是,此土金傷官，辰中癸水，正財歸庫，申中壬水，正財逢生，劫雖旺，而不能奪；且土氣盡歸於金，傷官化劫，暗處生財，兼之獨殺為權，,,,
乙丑 乙酉 丙辰 辛卯,任铁樵·滴天髓阐微,,检验组,秋,丙,,,是,此造三印扶身，辰酉合而不衝，四柱無水，似呼中格。第支皆濕土，晦火生金，辰及木之餘氣，與酉合財，木不能托根，與酉化金，則木,,,
己丑 戊辰 辛亥 戊戌,任铁樵·滴天髓阐微,,检验组,春,辛,,,,此重重厚土，埋藏脆嫩之金，五行無木，未得疏揚之利；一點亥水克絕，支藏甲乙，無從引助；然春土氣虛，藏財可用，初運東方木地，,,,
壬寅 壬寅 甲寅 壬申,任铁樵·滴天髓阐微,,检验组,春,甲,,,,春木重逢祿，支得申時，似乎時殺留清，不知木旺金缺，必要有火有佳；天於三壬，寅中丙火受克，神枯可知。至丙支，逢三壬回克，家,,,
戊申 甲寅 壬寅 丁未,任铁樵·滴天髓阐微,,检验组,春,壬,,是,,壬水生於孟春 ，土虛木盛。制殺太過。寅申逢衝，本是克木，不知木旺金缺。金反被傷，則戊土無根依撫，而日主之壬水，可任性而行,,,疑似特殊格局
己亥 丙寅 丁亥 庚戌,任铁樵·滴天髓阐微,,检验组,春,丁,,,,丁火生於寅月，木正當權，火逢相旺，必以亥水官星為夫明矣。年支亥水合寅化木，而日支亥水，必要生扶為是；時幹庚金隔絕，無生扶,,,
丁巳 戊申 癸丑 乙卯,任铁樵·滴天髓阐微,,检验组,秋,癸,,是,,此造官星食神坐祿，印綬當令逢生，財生官旺，不傷印綬 ，印綬當令，足以扶身，食神得地，一氣相生，五行停勻，安詳純粹。夫榮子,,,
辛酉 壬辰 丁巳 甲辰,任铁樵·滴天髓阐微,,检验组,春,丁,,,是,傷官雖旺，合酉化金，則官星之元神愈厚矣。巳火拱金，辰土引之，則財之元神更固矣。時透印綬 ，助日主之光輝，制辰土之傷官，所,,,
己巳 癸酉 壬辰 甲辰,任铁樵·滴天髓阐微,,检验组,秋,壬,,,,秋水通源，印星秉令，官殺雖旺，制化合宜 ，更妙時透甲木，制殺吐秀，一派純粹之氣，所以人品端莊，精於詩書。喜運途無火。官不,,,
庚辰 戊寅 乙酉 壬午,任铁樵·滴天髓阐微,,检验组,春,乙,,,是,乙木生於春初，木嫩金堅，最喜午時制殺衛身，寒木向陽，官印雙清，財星生官，不壞印綬，純粹安和。夫官二品，五子二十三孫，一生,,,
丙寅 辛卯 癸酉 戊午,任铁樵·滴天髓阐微,,检验组,春,癸,,,,癸水生於仲春，洩氣之地，兼之財官並旺，日元柔弱，以印為夫，清而得用，是以秉性端莊，勤儉紡織。至丑運，洩火拱金，連生二子；,,,
辛丑 辛卯 丙子 癸巳,任铁樵·滴天髓阐微,,检验组,春,丙,,,,丙火生於仲春，火相木旺之時，正得中和之象，年月兩透財星，地支巳丑拱金，財旺生官，官星得祿，以印為夫，謂真神得用。秉性勤儉,,,
丁酉 癸卯 丙辰 丙申,任铁樵·滴天髓阐微,,检验组,春,丙,,,,丙火生於仲春，官透財藏，印星秉令，比劫邦身，似乎旺相。第嫌卯酉逢衝，癸丁相克，木火損而金水存 ，雖賴時幹丙火之助，但丙臨,,,
癸丑 庚申 戊午 己未,任铁樵·滴天髓阐微,,检验组,秋,戊,,,,戊土生於孟秋，柱中劫印重重，得食神秉令夫，洩其菁英，更喜癸水潤土養金，秀氣流行，是以人品端莊，知大義，雖出農家，安貧紡織,,,
癸未 庚申 戊戌 己未,任铁樵·滴天髓阐微,,检验组,秋,戊,,,是,此與前造，只換未戌二支，其餘皆同。未丑皆土，午換以戌，用金去火為宜。大勢觀之，勝於前造，今反不及者何也？夫醜乃交北方濕土,,,
戊寅 甲寅 丁未 辛丑,任铁樵·滴天髓阐微,,检验组,春,丁,,,是,丁火生於春令，印綬太重，最喜醜時，坐下財庫，衝去未中比印，生起財星，必以辛金為夫，丑土為子也。初運北方水地，洩金生木，出,,,
甲午 丙寅 乙卯 己卯,任铁樵·滴天髓阐微,,检验组,春,乙,,,,旺木逢火，通明之象，妙在金水全無，純清不雜，為了端莊。以丙火為夫，惜運走北方水地，壽亦不永，生三子留一，至壬運，克丙火而,,,
壬申 戊申 壬申 戊申,任铁樵·滴天髓阐微,,检验组,秋,壬,,,,壬水生於秋令，地支皆坐長生，天干兩戊兩壬，大勢觀之，支全一氣，兩干不雜，且殺印相生，為大貴之格。不知金多水濁，母多子病，,,,
壬申 甲辰 壬申 戊申,任铁樵·滴天髓阐微,,检验组,春,壬,,,,壬水生於季春，似乎殺印相生，地支三遇長生，食神制殺為權，定為貴格。不知春土氣虛，月透甲木，不但辰土受制，而時幹之戊，亦受,,,
癸丑 壬戌 丁亥 壬寅,任铁樵·滴天髓阐微,,检验组,秋,丁,,是,,此造丁火陰柔，生於深秋，殺官重疊，必不能養。殊不知官殺雖旺，妙在戌月，通根身庫，足以制水；更妙無金，時支寅木不傷，氣貫生,,,
壬戌 甲辰 丁酉 己酉,任铁樵·滴天髓阐微,,检验组,春,丁,,,,此造概雲木透月乾，春木足以生火，年乾壬水生木，日時兩坐長生，皆作旺論。惜地支土金太重，天干水木之根必淺，水木無氣，則丁火,,,
戊戌 丙辰 乙未 丙戌,任铁樵·滴天髓阐微,,检验组,春,乙,,是,,乙木生於季春，蟠根在未，餘氣在辰，似乎財多身弱，但四柱皆財，其勢必從。春土氣虛，得丙火發實之，且火乃木之秀氣，土乃火之秀,,,
丙寅 庚寅 壬午 乙巳,任铁樵·滴天髓阐微,,检验组,春,壬,,是,,壬水生於孟春，木當令，而火逢生，一點庚金臨絕，丙火力能鍛之，從財格真。水生木，水生木，木生火，秀所流行，登科發仁，至侍郎,,,疑似特殊格局
丁卯 壬寅 庚午 丙戌,任铁樵·滴天髓阐微,,检验组,春,庚,,,,庚生寅月，支全火局，財生殺旺，絕無一毫生扶之意；月乾壬水，丁壬合而化木，又從火勢，皆成殺黨，從象斯真，中鄉榜，挑知縣，酉,,,疑似特殊格局
乙丑 甲申 甲辰 己巳,任铁樵·滴天髓阐微,,检验组,秋,甲,,是,,年月兩干之甲乙，得當令之申金、丑內之辛金制化，不起爭妒之風。時干己土臨旺，與日主親切而合，合神真實，乃謂真化。但秋金當令,,,
戊辰 壬戌 甲辰 己巳,任铁樵·滴天髓阐微,,检验组,秋,甲,,,,甲木生於季秋，土旺乘權，克去壬水，又無比劫，合神更真，化氣有餘。惜運走東北水木之地，功名仕路，不及前造，至丑運丁酉年，暗,,,徐乐吾亦引用过：保留在检验组
己卯 丁卯 壬午 癸卯,任铁樵·滴天髓阐微,,检验组,春,壬,,,,此與前造只換一卯字，化象更真，化神更有餘。嫌其癸劫爭財，年干己土，透隔無根，不能去其癸水。午火未能流行。此癸水，真乃奪標,,,
丙戌 戊戌 癸巳 壬戌,任铁樵·滴天髓阐微,,检验组,秋,癸,,,,癸水生於季秋，丙火透而通根，化火斯真。嫌其時透壬水克丙，只中鄉榜，直至卯運，壬水絕地，挑知縣，歷三任而不升，亦壬水奪財之,,,
乙卯 己卯 戊辰 癸亥,任铁樵·滴天髓阐微,,检验组,春,戊,,是,,戊土生於仲春，木正當權，坐下辰土，蓄水養木，四柱絕無金氣。又得亥時，水旺生木，又無火以生化之，格取從官，非身衰論也。雖非,,,疑似特殊格局
癸亥 乙卯 己未 丁卯,任铁樵·滴天髓阐微,,检验组,春,己,,是,,己土生於仲春，春木當令會局，時幹丁火，被年上癸水克去，未土又會木局，不得不從殺矣。科甲出身，仕至觀察。 十五、假化,,,疑似特殊格局
己卯 甲戌 甲子 己巳,任铁樵·滴天髓阐微,,检验组,秋,甲,,,,天干兩甲逢兩已，各自相合，地支卯戌合，雖不能化火生土，卻無爭妒之意，雖是假化，卻有情而不悖。未運破其子水，中鄉榜；庚午己,,,徐乐吾亦引用过：保留在检验组
甲辰 丁卯 壬辰 辛亥,任铁樵·滴天髓阐微,,检验组,春,壬,,是,,壬水生於仲春，雖時逢祿印，而化神當令，又年乾元神透出，時干辛金無根臨絕，丁火合神，足以克之。辛金不能生水，則亥水非壬之祿,,,徐乐吾亦引用过：保留在检验组
己巳 戊辰 辛酉 己亥,任铁樵·滴天髓阐微,,检验组,春,辛,,,,陳提督造，辛生辰月，土雖重疊，春土究屬氣闢而松；木有餘氣，亥中甲木逢生，辰酉輾轉相生，反助木之根源，遙衝巳火，使其不生戊,,,
甲申 丙寅 甲申 庚午,任铁樵·滴天髓阐微,,检验组,春,甲,,,,春初木嫩，雙衝寅祿，又時透庚金，木嫩金堅，金賴丙火逢生臨旺；尤妙五行無水。謂兒有救母，使庚申之金，不傷甲木。至巳運，丙火,,,徐乐吾亦引用过：保留在检验组
癸卯 甲寅 丁卯 甲辰,任铁樵·滴天髓阐微,,检验组,春,丁,,是,,此造俗謂殺印相生，身強殺淺，金水運名利雙收，不知癸水之氣，盡歸甲木，地支寅、卯、辰全，木多火熄，初運癸丑壬子，生木克火，,,,
戊戌 丙辰 辛丑 戊戌,任铁樵·滴天髓阐微,,检验组,春,辛,,,,辛金生季春，四柱皆土，丙火官星，元神洩盡，土重金坦，母多滅子。初運火土，刑喪破敗，蕩焉無存：一交庚申，助起日元，順母之性,,,
丙戌 戊戌 辛丑 戊戌,任铁樵·滴天髓阐微,,检验组,秋,辛,,,,此與前只換一戌字，因初己亥、庚子、辛丑金水，丑土養金，出身富貴辛運加捐；一交壬運，水木齊來，犯母之性，彼以土重逢木必佳，,,,
壬子 壬寅 甲子 壬申,任铁樵·滴天髓阐微,,检验组,春,甲,,,是,此俗論木生孟春，時殺獨清。許其名高祿重，不知春初嫩木，氣又寒凝，不能納水；時支申金，乃壬水生地，又子申拱水，乃母多滅子也,,,
己亥 戊辰 甲寅 辛未,任铁樵·滴天髓阐微,,检验组,春,甲,,,,甲寅日元，生於季春。四柱土多，時透辛金，土生金，金克木謂夫健怕妻。初運木火，去其土金，早游泮水，連登科甲；甲子癸亥，印旺,,,
己巳 戊辰 甲子 辛未,任铁樵·滴天髓阐微,,检验组,春,甲,,,,甲子日元，生於季春，木有餘氣。坐下印綬，官星清透，且子辰拱印有情；更妙運走東北水木之地，名登甲榜。只嫌子未破印，仕路未免,,,
癸酉 乙卯 丁未 辛亥,任铁樵·滴天髓阐微,,检验组,春,丁,,,,李都司造。丁火生於仲春，支全木局，癸坐酉支，似乎財滋弱殺，殺印相生。不知卯酉逢衝，破其印局；天干乙辛交戰，又傷印之元神，,,,
癸酉 辛酉 乙卯 己卯,任铁樵·滴天髓阐微,,检验组,秋,乙,,是,,天干乙辛己癸，地支兩卯兩酉，金銳木凋，天地交戰。金當令，反有己土之生，木休囚，癸水不能生扶。中運南方，火運制殺，異路出身,,,
壬申 壬寅 壬申 辛丑,任铁樵·滴天髓阐微,,检验组,春,壬,,,是,天乾三壬，地支兩申，春實木嫩，難當兩申夾衝，五行無火，少制化之情，更嫌醜濕土生金，謂氣濁神枯之象。初運癸卯甲辰，助其木之,,,
丁亥 壬寅 丙午 丁酉,任铁樵·滴天髓阐微,,检验组,春,丙,,,,丙午日元，生於寅月，天干兩適丁飊一可知矣。壬水通根亥支，正殺印相生。所嫌者本壬寅亥支，正確樣印相生，所嫌者丁壬寅亥，以致,,,
丁未 壬寅 甲子 丙寅,任铁樵·滴天髓阐微,,检验组,春,甲,,,,此與前造只換一亥字，則土無水潤，不能養木，甲已之合為不宜，殺無氣勢，劫肆逞矣。壬申運生化，雖得一衿而不第；中運又逢土金，,,,
甲戌 丙寅 甲戌 乙亥,任铁樵·滴天髓阐微,,检验组,春,甲,,,,甲生於寅月，又得亥之生，比劫之助，年日兩支之戌土虛弱，謂君盛臣衰，最喜月透丙火，順君之性，戌得生拱之情，則上安遭遇下全。,,,
甲子 甲戌 甲寅 乙亥,任铁樵·滴天髓阐微,,检验组,秋,甲,,,,甲寅日元，生於季秋，土旺用事，不比春時虛土，所以此一戌，足以抵彼之兩戌。生亥時，又天干皆木，君盛臣衰，所嬚者，局中無火以,,,
癸卯 丙辰 甲寅 乙亥,任铁樵·滴天髓阐微,,检验组,春,甲,,,是,甲寅日元，生於季春，支類東方，一點丙火虛露，母眾子孤。辰乃濕土，晦火養木，兼之癸水透干，時逢亥旺，母無慈愛恤孤之心，反有,,,
癸亥 乙卯 甲寅 乙亥,任铁樵·滴天髓阐微,,检验组,春,甲,,,,甲寅日元，生於仲春，卯亥寅亥拱合，滿局皆木，則年士癸水無勢，子旺母孤，其情依乎木，木之性亦依乎水，謂弱子情諧。初運甲寅癸,,,
乙亥 己卯 甲寅 甲子,任铁樵·滴天髓阐微,,检验组,春,甲,,,,甲寅日元，生於仲春，滿局皆木，亥卯又拱，時支子水衰極，其情更依乎木。日主戀己土之私情，而不顧母。丁丑運，火土齊來，反不容,,,
己丑 丙寅 甲子 戊辰,任铁樵·滴天髓阐微,,检验组,春,甲,,是,是,甲子日元，生於孟春，木當令而不太過，火居相位不烈，土雖多而不燥，水雖少而不涸，金本無而暗蓄，則不受火之克，而得土之生，無,,,徐乐吾亦引用过：保留在检验组
己酉 丁卯 己卯 乙丑,任铁樵·滴天髓阐微,,检验组,春,己,,,是,己卯日元，生於仲春，土虛寡信，木多金缺，陰火不能生濕土，信義皆虛。且八字純陰，一味趨炎附勢，其心存損人利己之事，萌幸災樂,,,
己亥 丙寅 甲寅 壬申,任铁樵·滴天髓阐微,,检验组,春,甲,,,,甲寅日元，生於寅月，木旺得丙火透出，順生之機，通輝之象，讀書過目成誦。所嫌者時遇金水之擊，年干己土虛脫，不制其水；兼之初,,,徐乐吾亦引用过：保留在检验组
庚寅 戊寅 甲午 壬申,任铁樵·滴天髓阐微,,检验组,春,甲,,,,甲午日元，生於寅月，戊土透出，寅午拱火，順生之機，德性慷慨，襟情磊落。亦嫌時逢金水之擊，讀書未售，破耗多端；兼之中運不濟,,,
乙丑 丙戌 丙午 庚寅,任铁樵·滴天髓阐微,,检验组,秋,丙,,,,丙火日主，支全寅午戌，食神生旺，真神得用，格局最佳。初運乙酉甲申，引通丑內藏金，家業頗豐，又得一衿。所嫌者，支會火局，時,,,
辛未 戊戌 戊戌 丁巳,任铁樵·滴天髓阐微,,检验组,秋,戊,,,是,戊土生於戌月，未戌皆帶火燥土，時逢丁巳，火土印綬，戌本燥土，又助其凶，時在季秋，此之謂燥，非熱也。年干辛金，丁火劫之，辛,,,
癸酉 乙卯 庚戌 戊寅,任铁樵·滴天髓阐微,,检验组,春,庚,,,,春木當權，卯酉雖衝，木旺金缺，土亦受傷；更嫌卯戌寅砘拱合化殺，木主脾虛肺傷疾，然竟一生無病 。便酉弱卯強，妻雖不克，而中,,,
壬戌 甲辰 甲戌 丙寅,任铁樵·滴天髓阐微,,检验组,春,甲,,,是,甲木生於季春，木有餘氣，又得比祿之助，時幹丙火獨透，通輝純粹。年乾壬水，坐下燥土之制，又逢比肩之洩，輾轉相生，則丙火更得,,,
癸亥 乙卯 戊午 甲寅,任铁樵·滴天髓阐微,,检验组,春,戊,,是,,戊土生於仲春，官殺並旺臨祿，又才星得地生扶，雖坐下午火印綬，虛土不能納火各成充命從殺一既從，水作混論，郅了運衝去午火，庚,,,疑似特殊格局
癸巳 壬戌 乙卯 戊寅,任铁樵·滴天髓阐微,,检验组,秋,乙,,是,,乙卯日元，生於季秋，得寅時之助，日主不弱，用巳火秀氣，戌土火庫收之，壬癸克之。格局本無出色，且辛金司令，壬水進氣通源，幸,,,
癸未 庚申 甲申 乙亥,任铁樵·滴天髓阐微,,检验组,秋,甲,,是,,甲申日元，生於孟秋，庚金兩坐祿旺，喜亥時絕處逢生，化殺有情，癸水元神透出，清可知矣。但嫌殺勢太旺，日主虛弱，不能假殺為權,,,
壬午 甲辰 丁巳 己酉,任铁樵·滴天髓阐微,,检验组,春,丁,,,,丁火生於季春，官星雖起，坐下無根，其氣歸木。日主臨旺，時財拱會有情，卻與官星不通；且中年運走土金，財得泮溢，官星有損，功,,,
癸未 乙卯 丙午 丁酉,任铁樵·滴天髓阐微,,检验组,春,丙,,,,丙午日元，生於卯月，局中木火兩旺，官坐傷位，一點財星劫盡，謂財劫官傷。壬運雖得一衿，貧乏不堪；子運回衝，又逢未破克妻；辛,,,
戊申 庚申 壬申 甲辰,任铁樵·滴天髓阐微,,检验组,秋,壬,,,,此造大象觀之，殺生印，印生身，食神清透，連珠相生，清而純粹，學問過人，品行端方，惜乎無火，清而少神，用土則金多氣洩，用木,,,
庚午 丙戌 乙卯 丁丑,任铁樵·滴天髓阐微,,检验组,秋,乙,,,,乙卯日元，生於季為秋，丙丁並透通根，五行無水，庚金置之不論，最喜財神歸庫，木火能輝。性孝友，尤篤行誼，由部書出身，仕至州,,,
壬辰 甲辰 辛酉 丁酉,任铁樵·滴天髓阐微,,检验组,春,辛,,,是,辛金生於季春，支逢辰酉，乾透壬丁，似乎佳美，不知地支濕土逢金，丁火虛無根，甲木雖有生火，地支辰酉化金，亦自顧不暇，捐納部,,,
壬辰 壬寅 戊戌 丙辰,任铁樵·滴天髓阐微,,检验组,春,戊,,,是,戊土生於寅月，木旺土虛，天干兩壬克丙生寅，此天干之氣濁，財星壞印，所以書香不繼。喜寅能納水生火，日主坐戌之燥土，使壬水不,,,
乙酉 丙戌 癸酉 丁巳,任铁樵·滴天髓阐微,,检验组,秋,癸,,,,癸酉日元，生於戌月，地支官印相生，肖可知矣。所嫌者，天士內財得地，兼之乙木助火克金，所以書香難遂。喜秋金有氣，異路出身，,,,
甲申 戊辰 戊子 戊午,任铁樵·滴天髓阐微,,检验组,春,戊,,,,戊子日地，生於辰月午時，天乾三戌，旺可知矣。甲木退氯臨絕，不但無用，反為混論，其精氣在地運之申，洩其精英，惜春金不旺，幸,,,
戊子 乙卯 丙寅 丁酉,任铁樵·滴天髓阐微,,检验组,春,丙,,是,是,丙寅日元，生於卯月，木焱工旺，土金皆傷，水亦休囚。細運丙辰丁巳，遺業消靡戊午己未燥土，不能生金洩炎，經營虧空萬金，逃出外,,,
